Компания;Страна;Город;Тип;Релевантность SGT-400;Сайт;Email;Телефон;Контакт;Дов.;Подтверждение
ADS Innotech Pvt. Ltd.;Индия;Sanaswadi, Pune, Maharashtra;завод (сварка/мехобработка жаропрочных сплавов), реверс-инжиниринг;Профильный изготовитель деталей камеры сгорания: на сайте отдельный продукт «Gas Turbine Combustion Liner Spares» — детали жаровых труб, скуп-кольца (scoop rings), уплотнения hula seals, tube junctions, вставки сопловых лопаток (vane inserts), эксцентриковые болты, лабиринтные блоки. Работают именно на «горячих» марках: Hastelloy X, Alloy 617, L605 (Haynes 25), X-750, X22CrMoV12.1 — это ровно материалы жаровой трубы и горелочного узла. Заявляют реверс-инжиниринг и взаимозаменяемость с OEM, уже экспортируют ЗИП ГТУ в Европу и Китай. Один из немногих индийских кандидатов на реальное изготовление узлов камеры сгорания MW21215M по образцу.;https://www.adsinnotech.com;"не найдено (на сайте только форма обратной связи; корпоративный домен @adsinnotech.com подтверждён по профилям сотрудников)";;;med;Сайт adsinnotech.com, страница gas-turbine-spares.html: «Combustion Liner Spares, Critical machining parts, Seals... scoop rings, hula seals, tube junctions, vane inserts, eccentric bolts, labyrinth blocks», материалы «Alloy 617, Hastelloy X, X22CrMoV 12.1, L 605, X750», «reverse engineered from OEM components... interchangeable with OEM parts». Главная страница: основаны в 2016, специализация — «performance-critical applications in Stainless Steel, Nickel based alloys, Titanium metallurgy», экспорт ЗИП ГТУ в Европу и Китай. Адрес с contact-us.php: 64, B.U. Bhandari Industrial Estate, Pune Nagar Road, Sanaswadi, Pune-412 208.
ANATCO LLC;ОАЭ;Дубай;трейдер / поставщик ЗИП (aftermarket);Прямо заявляет поставку ЗИП по всей линейке Siemens: SGT-100, SGT-200, SGT-300, SGT-400 (13 МВт), SGT-500, SGT-600, SGT-700, SGT-750, SGT-800. Номенклатура включает горячую часть: жаровые трубы/лайнеры камеры сгорания (combustion liners), transition pieces, combustion cans, узлы свечей зажигания, сопловые аппараты (nozzles), рабочие лопатки (buckets), бандажи (shrouds), а также компрессорные лопатки и IGV. Наиболее прямое совпадение по SGT-400 из всего сегмента ОАЭ.;https://www.anatco.ae/gas.php;salesdxb@anatco.ae;+971 4 3455799;;high;"На странице anatco.ae/gas.php в разделе Siemens явно перечислено: «SGT-100, SGT-200, SGT-300, SGT-400 Gas Turbine (13 MW), SGT-500, SGT-600, SGT-700, SGT-750 and SGT-800». Там же перечень категорий: «Combustion systems: Liners, transition pieces, combustion cans, spark plug assemblies; Hot gas path: buckets, nozzles, shrouds». Компания позиционируется как «a global aftermarket supplier of quality OEM replacement parts». Адрес: Floor 37, Office 3706, Latifa Tower, Sheikh Zayed Road, Dubai, PO Box 40118, факс +971 4 3455734."
ASH Precision Engineering Ltd;Великобритания;London;производитель прецизионных деталей / поставщик aftermarket;Заявленное покрытие ровно по нашей линейке: Siemens SGT-100, SGT-200, SGT-400, SGT-500, SGT-600, SGT-800 и Ruston TA, TB, TD. Делают aftermarket-детали горячей секции — рабочие и сопловые лопатки (blades, vanes) и сопутствующие компоненты из никелевых, титановых и жаропрочных сплавов, а также расходники (болты, гайки, стопорные штифты, twist locks, подшипники). Позиционируют себя как «leading European specialist manufacturer and supplier of precision parts for Siemens range of gas turbines», ~20 лет в отрасли. Не входит в известный нам британский пул (Score/Centrax/TEG/SJE/Task-Pro).;https://www.ashprecision.co.uk;"sales@ashprecision.co.uk; eng@ashprecision.co.uk";+44 7717 077441;;high;"Сайт ashprecision.co.uk: «ASH Precision is a leading European specialist manufacturer and supplier of precision parts for Siemens range of gas turbines»; модели — «SGT-100, SGT-200, SGT-400, SGT-500, SGT-600, SGT-800» и Ruston «TA, TB & TD»; продукция — «aftermarket hot section parts like blades, vanes and components for industrial gas turbines», материалы nickel/titanium/superalloys, плюс consumables (bolts, nuts, locking pins, twist locks, bearings). Адрес: 11 John Prince's Street, London W1G 0JR; тел. +44 (0)7717 077441; sales@ashprecision.co.uk, eng@ashprecision.co.uk. Замечание: адрес в Лондоне похож на офисный/сервисный — производственную площадку надо уточнять."
ATLA S.r.l.;Италия;Chieri (Torino);покрытия / спецпроцессы / независимый ремонт (MRO);Независимый подрядчик по спецпроцессам и покрытиям для изготовления и ремонта деталей ГТУ: пионер в ремонте и спецпроцессах на лопатках и сопловых аппаратах ВД (HP blades and vanes) для heavy-duty, авиапроизводных и авиадвигателей. Термообработка, NDT, нетрадиционная мехобработка (ЭЭО/ЭХО), инновационные покрытия. Nadcap Gold class по покрытиям и термообработке. Полезен как звено цепочки для восстановления/покрытия деталей горячей части SGT-400, а также как поставщик спецпроцессов для итальянских заводов-изготовителей.;https://www.atla.it;infoatla@atla.it;+39 011 9472346 (факс +39 011 9490409);;med;"Сайт atla.it: «Special Processes and innovative coatings mainly for manufacturing and repair activities on heavy duty, aeroderivative and jet engines gas turbine parts»; «pioneer in Repair and Special Processes on Gas Turbine HP blades and vanes for heavy duty, jet derivatives and jet engines applications»; Nadcap Gold class на coating и heat treating. Контакты со страницы atla.it/contacts/: Via Secondo Caselle 10, 10023 Chieri (TO), тел. +39 011 9472346, факс +39 011 9490409, infoatla@atla.it, VAT IT 02300170012. Основана в 1978, дочерняя компания TAG. Партнёрства упоминаются с MHI (15 лет), GE, Rolls-Royce; линейка Siemens SGT напрямую не указана."
Advanced Turbine Solutions, LLC (ATS);США;Sealy / Houston, Texas;независимый сервис MRO + производство и склад деталей;Ремонт, изготовление и поставка деталей промышленных ГТУ. На складе и в производстве: топливные форсунки (Fuel Nozzles), transition pieces (переходники), combustion baskets (жаровые трубы/корзины камеры сгорания), end caps, flow sleeves, сопловые аппараты 1-3 ступеней, лопатки, бандажные блоки. Заявлено обслуживание GE и Siemens/Westinghouse всех типоразмеров. Цех ~20 000 кв. футов (~1860 м2) с прецизионным оборудованием, сварочными постами и линиями входного контроля. Работают с 2010 г. Линейка SGT-400/Ruston не заявлена — кандидат на изготовление по образцу и на ремонт узлов.;https://atshouston.com;не найдено (только форма на /contact-us-2/);+1 (281) 452-2441;;med;"Страницы atshouston.com/about-us-... и /services-2/: «ATS carries a large inventory of parts such as Fuel Nozzles, Shrouds Blocks, Buckets, 1st to 3rd Stage Nozzles, Turbine Blades, Transition Pieces, Combustion Baskets, End Caps, Flow Sleeves»; «refurbishment of OEM Capital parts for Gas Turbines, GE and Siemens/Westinghouse all frame sizes»; цех 20 000 sq ft в Хьюстоне; «Since 2010». Адрес и телефон подтверждены по каталожным записям: 7312 Palm Road, Sealy, TX 77474, (281) 452-2441. Сайт отдаёт 403 при прямой загрузке — контакты собраны из кэша поиска и каталогов, поэтому телефон стоит перепроверить."
Allied Power Group (APG);США;Houston, TX;независимый сервис MRO + завод новых деталей камеры сгорания;"Независимый производитель и ремонтник деталей камеры сгорания промышленных ГТУ — собственный завод на Farrell Road в Хьюстоне делает combustion liners (жаровые трубы), caps и transition pieces, отдельным направлением идёт ремонт топливных форсунок (fuel nozzle repairs) — прямые аналоги позиций по SGT-400 (камера сгорания MW21215M, горелка DUAL DLE MW22316B/01). Заявлен 'full-service inspection and repair' деталей газовых и паровых турбин, включая устаревшие (mature frame) машины. По моделям на сайте названы GE 7F, Siemens Westinghouse 501F, Siemens V84.2 — линейка Ruston/SGT-400 не подтверждена, надо уточнять запросом; технологии покрытий на сайте не расписаны, требуется прямой запрос.";https://alliedpg.com/;sales@alliedpg.com;+1 281 444 3535;;med;"Сайт: 'Allied Power Group's Combustion Parts are the highest quality combustion liners, caps, and transition pieces in the world. These parts are manufactured in our Farrell Road facility in Houston, TX'; 'full-service inspection and repair of a wide variety of both advanced technological and mature frame gas and steam turbine components'; отдельный раздел ремонта топливных форсунок. Модели: GE 7F, Siemens Westinghouse 501F, Siemens V84.2. Адреса: 10131 Mills Road, Houston, TX 77070 и 2430 Farrell Road, Houston, TX 77073; тел. 281-444-3535; e-mail sales@alliedpg.com. Оговорка: на открытых страницах НЕ подтверждены типы покрытий (TBC/MCrAlY/HVOF/APS/алитирование) — этот пункт требует прямого запроса."
Allied Power Group, LLC (APG);США;Houston, Texas;независимый сервис MRO + собственное производство ЗИП горячей части;"Один из немногих независимых от OEM игроков, кто НЕ ремонтирует, а именно ИЗГОТАВЛИВАЕТ новые листовые детали камеры сгорания — combustion liners, caps (крышки/колпаки) и transition pieces — на собственной площадке Farrell Road в Хьюстоне; отдельное направление — ремонт топливных форсунок (Fuel Nozzle Repair). Технологический парк (формовка листового суперсплава, сварка, сборка узлов) напрямую переносится на жаровую трубу и transition piece SGT-400. Оговорка: профильный парк APG — крупные рамные машины (GE 7EA/7F, Siemens Westinghouse 501F, Siemens V84.2), готовых чертежей под SGT-линейку у них нет, работа будет по образцу/реверс-инжинирингу. В апреле 2026 г. купили генераторное подразделение EthosEnergy.";https://alliedpg.com;sales@alliedpg.com;+1 281-444-3535;не найдено (CEO с апреля 2026 — Jim Mugford, по новости на сайте);med;Главная страница alliedpg.com: «Steeped in the history of CPI, Allied Power Group's Combustion Parts are the highest quality combustion liners, caps, and transition pieces in the world. These parts are MANUFACTURED in our Farrell Road facility in Houston, TX». Страница /solutions/new-refurbished-parts/: «Our cutting-edge Farrell Road plant in Houston, Texas, painstakingly crafts these combustion liners, caps, and transition components … Cap and Liner Assemblies / Transition Pieces / Installation Hardware». Там же: «Since 2005, Allied Power Group has been repairing GE 7F and Siemens Westinghouse 501F industrial gas turbines components» и «the most comprehensive third-party service provider of Siemens V84.2». Контакты в подвале: «Phone: 281-444-3535, Email: sales@alliedpg.com, 10131 Mills Road Houston, TX 77070».
Allied Power Group, LLC (APG) / подразделение Combustion Parts, Inc. (CPI);США;"Houston, Texas (офис 10131 Mills Road; комбустионный завод 2430 Farrell Road)";завод (собственное производство комбустионных деталей) + независимый сервис MRO;"Одно из немногих в США предприятий с СОБСТВЕННЫМ серийным производством камер сгорания: завод на Farrell Road выпускает combustion liners (жаровые трубы), end caps (крышки/торцевые узлы) и transition pieces из сплава Nimonic с термобарьерными покрытиями (TBC). Заявленный объём: >1000 установленных transition pieces по Frame 7, >800 по Frame 6, >400 по Frame 9E; 5800 комбустионных сборок без единой рекламации. Ремонтируют hot gas path и combustion components GE, Westinghouse и «других OEM». Прямой поддержки линейки SGT-400/Ruston НЕ заявлено — релевантность через технологию (Nimonic + TBC + листовая сварка) и возможность изготовления по образцу.";https://alliedpg.com;sales@alliedpg.com;+1 281-444-3535;;med;Страница alliedpg.com/transition-pieces/ перечисляет 6B/7B/7EA/7FA/9E transition pieces, «advanced Nimonic alloy construction and thermal barrier coatings», контакты внизу: «281-444-3535», «sales@alliedpg.com», «10131 Mills Road, Houston, TX 77070» и «2430 Farrell Road, Houston, TX 77073». Раздел /solutions/new-refurbished-parts/: «Farrell Road plant in Houston, Texas… crafts combustion liners, caps, and transition components». Пресс-релиз Businesswire от 17.08.2020: Allied Power Group завершила покупку Combustion Parts Inc. (CPI) — это и есть их комбустионное подразделение. Модели Siemens/Ruston на сайте не упомянуты — отсюда med.
Anhui Yingliu Electromechanical Co., Ltd. / Yingliu Group (安徽应流机电股份有限公司 / 应流集团, SSE 603308);Китай;"Hefei (Хэфэй) — головной офис; литейное производство — Huoshan (Хошань), пров. Аньхой";литейка (investment casting + песчаное литьё) + мехобработка + листовая штамповка/сварка;"Публичная компания, где «авиадвигатели / газовые турбины» заявлены как ключевое направление бизнеса; входит в перечень крупнейших производителей лопаток турбин наряду с Jiangsu Yonghan, Wanze и Tunan. Есть литьё по выплавляемым моделям, HIP (пресс Quintus), листовые/сварные детали — то есть потенциально закрывает и лопатки/NGV, и сварно-листовые узлы горячей части (жаровые трубы, transition pieces). Заявляет кооперацию с GE и Siemens — но это, вероятно, по другим номенклатурам; связь именно с SGT-400 не подтверждена.";http://www.yingliugroup.com;;+86-564-5036612;杜应流 (Ду Инлю, председатель);med;"Baidu Baike (Yingliu Group): крупное частное литейно-кузнечное предприятие, штаб-квартира в уезде Хошань, г. Луань, Аньхой; «maintains business cooperation with several Fortune Global 500 companies, including General Electric (GE) and Siemens»; дочерняя Anhui Yingliu Electromechanical на SSE с 2014 (603308), ключевые направления — «Aero-engine/Gas Turbine» и новые ядерные материалы. MFG.com: возможности — 3D Printing, Investment Casting, Machining, Sand Mold Casting, Sheet Metal, Stamping. Кейс Quintus Technologies по HIP для Anhui Yingliu Group Huoshan Casting. Адреса: 566 Fanhua Ave / 26 Qiyun Rd, Hefei 230601 (LinkedIn); литейка — 96 Pihe Rd, Hengshan Town, Huoshan County 237200 (Panjiva). Прямые контакты отдела продаж в открытом доступе не нашёл."
Aztek Enerji A.Ş.;Турция;Стамбул (Ataşehir);завод / изготовитель компонентов + инжиниринг и полевой сервис;Единственная найденная в Турции компания, прямо заявляющая собственное производство компонентов горячего газового тракта (hot gas path) и компрессорной секции промышленных ГТУ: «разработали и отладили процессы и процедуры для изготовления технологически сложных компонентов, применяемых в промышленных газотурбинных установках». Изготавливают запчасти по допускам и зазорам оригинала, заявляют улучшенные характеристики против оригинала. Дополнительно — мобильные бригады полевого сервиса с контейнерами инструмента для ремонта турбомашин. Потенциальный кандидат на изготовление жаровой трубы / деталей камеры сгорания SGT-400 по образцу.;https://a-ztek.com/turbomachinery-parts/ (редирект на aztekenerji.com);aztek@aztekenerji.com;+90 216 629 93 33;;med;Страница a-ztek.com/turbomachinery-parts/: «produces components associated with the hot gas path and compressor sections», «has developed and refined processes and procedures to manufacture technologically-advanced components used in industrial gas turbine applications», «original spare parts machined to the correct tolerances and clearances». Страница turbomachinery-support-services: мобилизация специалистов с оснащёнными контейнерами инструмента. Адрес: Barbaros Mh., Al Zambak Sk., Varyap Meridian A Blok, No. 2/238, 34746 Ataşehir, İstanbul. Оговорка: домен a-ztek.com редиректит на aztekenerji.com, где турбинные разделы отдают 404, а корпоративная часть подана как инжиниринговая компания — конкретные OEM/модели (Siemens SGT, Ruston) на сайте не названы.
BHEL-GE Gas Turbine Services Pvt. Ltd. (BGGTS);Индия;Hyderabad, Telangana (ремонтный завод — Dundigal);специализированный ремонтный завод горячей части (СП BHEL + GE Vernova);"Крупнейший в Индии цех ремонта горячей части ГТУ. Прямо заявленные компетенции: ремонт камер сгорания — жаровые трубы (combustion liners), TRANSITION PIECES, крышки-caps; ремонт компонентов горячего газового тракта (HGP) по F-технологии; собственный участок ремонта и КАЛИБРОВКИ ТОПЛИВНЫХ ФОРСУНОК — standard, DLN и MNQC (прямой аналог работ по DLE-горелкам); первый в Индии участок восстановления рабочих лопаток (bucket refurbishment). Ограничение: технологии и сертификация — под GE (класс B/E/F), не под Siemens SGT. Интересен как подрядчик по восстановлению/покрытиям и как носитель технологии, а не как держатель чертежей SGT-400.";https://www.bggts.com;Devashish.Sarmacharjee@gevernova.com;"+91 40 40640159; +91 9000553827; завод +91 40 30854111";Devashish Sarmacharjee, GM Commercial;high;"Сайт bggts.com, разделы Services / Repair Facility: «effective Combustion system repairs for B, E and F-class Gas Turbines with components included as Transition Pieces, Combustion Liners, and Caps»; «state of the art repairs and calibration facility for Standard, DLN and MNQC Fuel Nozzles»; «first-of-its-kind GT bucket refurbishment facility in India». Адреса и телефоны — со страницы Contact Us. СП BHEL и GE с 1997 г."
BNC Enerji San. ve Tic. Ltd. Şti.;Турция;Гюльялы, Орду (Gülyalı/Ordu);независимый сервис MRO (полевой);Из всех найденных турецких сервисов наиболее детально описывает работы именно по камере сгорания: визуальная инспекция и обслуживание камер сгорания, замена горелок в камере сгорания (yakıcıların değiştirilmesi), инспекция и замена керамики в зоне горения, обслуживание и испытание горелок, замена сопловых аппаратов, обслуживание горячего газового тракта (Hot Gas Path), снятие/установка рабочих и направляющих лопаток, обслуживание ротора и статора. Полезны как исполнитель работ и как источник контактов по узлам SGT-400 в Турции. Модели/OEM не заявлены.;https://www.bncenerji.com/hizmetlerimiz/gaz-turbini-generator-bakimi/;"info@bncenerji.com; cemalbinici@bncenerji.com";+90 533 545 1922;Cemal Binici (основатель);med;Страница bncenerji.com/hizmetlerimiz/gaz-turbini-generator-bakimi/ перечисляет: инспекция и обслуживание камер сгорания, «yanma odasında bulunan yakıcıların değiştirilmesi» (замена горелок камеры сгорания), инспекция/замена керамики, «Hot-Gas Path (sıcak gaz yolu) bakımı», замена подвижных и неподвижных лопаток, замена сопел, обслуживание ротора/статора. Адрес: Turnasuyu Mah., Yalı Sok. No 184/A, Gülyalı/Ordu. Опыт заявлен как 30 лет в энергетике. Конкретные OEM (Siemens SGT, Ruston, GE, Alstom) на сайте не названы — «газовые турбины любой мощности и типа».
BVPL Turbine Parts (Bangalore Vishwakarma / BVPL);Индия;Bengaluru (Peenya Industrial Area), Karnataka;завод точной механообработки, аэрокосмический уровень (AS9100D);Серийно изготавливает горячую часть промышленных ГТУ: бандажные кольца/обоймы (industrial gas turbine shrouds), сегменты бандажа (shroud shoe tiles), СОПЛОВЫЕ АППАРАТЫ (nozzles) и диафрагмы. Плюс рабочие лопатки турбины высокого давления, сопловые лопатки авиадвигателей (HP/LP aeroengine vanes), блиски, лопатки паровых турбин и — принципиально важно — РЕВЕРС-ИНЖИНИРИНГ лопаток (reverse engineered blades). Реальный кандидат на локализацию сопловых аппаратов и лопаток SGT-400 по образцу.;https://bvplturbineparts.com;"bvpl@bvplturbineparts.com; thanmai@bvplturbineparts.com";"+91 80 4117 1206; +91 73495 36275";не найдено (общий и персональный ящик указаны);high;Сайт bvplturbineparts.com и раздел продукции: «AS9100D & BS EN ISO 9001:2015 certified manufacturer of high precision metal components for the Aerospace, Defence, Steam Turbine and Gas Turbine Industries», отдельная карточка «Industrial Gas Turbine Shrouds, Shroud Shoe Tiles, Nozzles and Diaphragms». Основаны в 1984, с 2001 переориентированы на лопатки турбин. На сайте отзыв клиента: «A US Gas Turbine Services company: They are experts at new product development». Адрес A-252, Peenya 2nd Stage, Peenya Industrial Area Phase IV, Bengaluru 560058.
Barnes Aerospace (подразделение Barnes Group Inc.);США / Великобритания / Польша / Сингапур;"Windsor, Connecticut (HQ); заводы Lansing MI, Ogden UT, Motherwell и Burnley (UK), Rzeszów (PL), Singapore";завод (сложные сварные конструкции горячего тракта) + MRO;Профильная компетенция — «complex fabrications», то есть именно сварные листовые узлы горячего тракта, причём площадка Lansing прямо заявлена как работающая по промышленным ГТУ. В ремонтной части — корпуса и обечайки горячего тракта: Combustor Case, Diffuser Case, Turbine Exhaust Case и Turbine Exhaust Duct, Vane Rings, с полной заменой секций и восстановлением фланцев. Технологии ровно те, что нужны для liner/transition piece: электронно-лучевая и автоматическая TIG-сварка, вакуумная пайка, 5-осевая лазерная обработка (охлаждающие отверстия), плазменное и проволочно-дуговое напыление, дробеструйная обработка. После присоединения MB Aerospace (Motherwell, Шотландия) усилены европейские мощности.;https://barnesaero.com;не найдено (только веб-форма);"+1 860 583 7070 (HQ Windsor CT); +1 517 393 5110 (Lansing MI); +1 801 917 2000 (Ogden UT)";;med;"Страница barnesaero.com/contact/: «Lansing, MI — …complex fabrications and component assembly for aircraft engines, airframes and INDUSTRIAL GAS TURBINES. 5300 Aurelius Rd, Lansing, MI USA 48911, +1 517 393 5110»; «Ogden, UT — With extensive manufacturing capabilities, Ogden is an industry leader in complex fabrications. 1025 South Depot Dr, Ogden, UT USA 84404»; «Aerospace Headquarters Barnes Aerospace 169 Kennedy Rd Windsor, CT 06095 Tel: +1 860 583 7070». Страница /what-we-repair/mro-capabilities/: «Casings & Frames: Intermediate Case, HPC Case, Diffuser Case, Bearing Housings, TOBI Duct, COMBUSTOR CASE, HPT Case, HP/IP Case, LPT Case, Turbine Exhaust Case, Turbine Exhaust Duct, Vane Rings»; «In-House Capabilities Include: Electron beam welding and automatic TIG welding … Vacuum brazing … 5-Axis Laser Machining»; «We are specialized in full section replacements involving both standard and extended flanges»."
Chromalloy (Chromalloy Gas Turbine LLC);США;"Palm Beach Gardens, Florida (штаб-квартира); литейный центр Tampa, FL; заводы Carson City NV, San Antonio TX, Orangeburg NY и др.";независимый (non-OEM) производитель + литейка + покрытия + ремонт;Крупнейший в мире независимый поставщик замещающих деталей для ГТУ (авиация + наземные промышленные). Программа LifeX / PMA — прямая non-OEM альтернатива оригинальным деталям горячей части, включая те, что требуют жаропрочных сплавов и спецпроизводства. Компетенции ровно по нашему профилю: литьё лопаток и сопловых аппаратов (Tampa Casting Center of Excellence), диффузионные и термобарьерные покрытия, сварка/пайка жаровых труб и NGV, восстановление деталей, которые иначе списываются. Есть отдельная служба IGT Field Services по наземным ГТУ. По линейке SGT-400 прямых упоминаний нет (публично заявлены LM2500/LM2500+/LM6000), но по возможностям реверс-инжиниринга и литья — сильный кандидат под лопатки и NGV.;https://www.chromalloy.com;;"+1 561 935 3571 (HQ); +1 813 885 4781 (Tampa Casting COE); +1 775 687 8833 (Carson City); +1 210 331 2300 (San Antonio)";"Energy sales: Judd Adams, Iryna Andreyeva; Aeroderivative: Brion Patt, Jay McClaugherty, Malcolm Waite; IGT Field Services: John Ralston, Pat Battersby, Barry Leonard";med;"Страница chromalloy.com/contact-us/ отдаёт: «Corporate Office, 3999 RCA Boulevard, Palm Beach Gardens, FL 33410, 561.935.3571» и полный список продавцов по направлениям — блок ENERGY с именами Judd Adams, Iryna Andreyeva (OEM), Brion Patt/Jay McClaugherty/Malcolm Waite (Aeroderivative), John Ralston/Pat Battersby/Barry Leonard (IGT Field Services); в блоке LOCATIONS — Tampa +1 813 885 4781. Раздел /energy/: «LifeX parts provide an alternative to OEM turbine parts, even for hot-section parts that require advanced materials expertise and specialized facilities». ВАЖНО: Chromalloy — американский подрядчик с военными программами, комплаенс по РФ будет жёстким."
Chromalloy Gas Turbine LLC;США / Великобритания / Нидерланды / Таиланд / Мексика;"Palm Beach Gardens, FL (HQ); Glasgow (Turbine Services Limited); Tilburg (Нидерланды); Lam Luk Ka, Pathum Thani (Таиланд)";OEM-альтернатива (PMA) + независимый сервис MRO + покрытия;Крупнейший независимый производитель PMA-деталей газового тракта и подрядчик по продвинутым ремонтам и покрытиям для ГТУ. Отдельное направление Energy с подразделениями Parts / Repairs / Maintenance и командой IGT Field Services — то есть работают именно по промышленным ГТУ, а не только по авиации. Есть литейный центр компетенции в Тампе (сопловые аппараты, лопатки) и ремонтная площадка Turbine Services Limited в Глазго, исторически заточенная под индустриальные и аэропроизводные турбины европейского происхождения — то, что нужно по линейке Ruston/Alstom/Siemens. Реальный кандидат на изготовление аналогов (PMA) деталей камеры сгорания и на нанесение TBC/MCrAlY/алитирования по кооперации.;https://www.chromalloy.com/;не найдено (форма обратной связи + именные формы менеджеров);"+1 561 935 3571 (HQ); +44 141 945 7000 (Glasgow); +1 813 885 4781 (литейный центр Tampa)";IGT Field Services: John Ralston, Pat Battersby, Barry Leonard. Energy OEM: Judd Adams, Iryna Andreyeva. EMEA aftermarket: Ron Smits;high;"Страница /contact-us/ (получена напрямую curl): 'Corporate Office 3999 RCA Boulevard, Palm Beach Gardens, FL 33410, 561.935.3571'; в разделе SALES выделен блок 'ENERGY' с подразделами 'OEM — Judd Adams, Iryna Andreyeva', 'Aeroderivative — Brion Patt, Jay McClaugherty, Malcolm Waite', 'IGT Field Services — John Ralston, Pat Battersby, Barry Leonard'. В LOCATIONS: 'UNITED KINGDOM / Glasgow, Scotland — Turbine Services Limited, 50 Colliery Road, Glasgow G32 8SL, P: 44 141 945 7000'; 'Tampa, Florida — Casting Center of Excellence, 3401 Queen Palm Drive, P: +1 813 885 4781'; 'NETHERLANDS / Tilburg, Siriusstraat 55, P: 31 13 532 8400'; 'THAILAND / Lam Luk Ka, Pathum Thani'. Футер: '© 2026 Chromalloy Gas Turbine LLC — THE LEADING GLOBAL PROVIDER OF GAS PATH PMAs AND ADVANCED REPAIRS'. Меню сайта содержит раздел INDUSTRIES > Energy > Parts / Repairs / Maintenance."
Consolidated Precision Products Corp. (CPP);США;"Cleveland, Ohio (HQ); литейные заводы Eastlake OH, Chittenango NY; также Guaymas (Мексика), Liege (Бельгия), Rzeszow (Польша), Povazska Bystrica (Словакия)";литейка (точное литьё и литьё в песчаные формы, включая DS и монокристалл);Один из двух-трёх независимых от Siemens/GE производителей отливок горячей части для ПРОМЫШЛЕННЫХ ГТУ (рынок IGT выделен на сайте в отдельную отрасль наравне с гражданской авиацией и обороной). Номенклатура по IGT: HPT и LPT лопатки (blades/buckets), СОПЛОВЫЕ АППАРАТЫ — «stationary airfoils that direct hot gas flow through turbine stages», а также структурные детали, часть которых относится к тракту камеры сгорания: splash plates (дефлекторы/тарелки камеры сгорания), seal bodies, hot struts, dampers, exhaust diffusers, bearing housings, VIGV covers. Заводы в Rzeszow (Польша) имеют подтверждённые возможности направленной кристаллизации и монокристалла. Кандидат под локализацию отливок NGV и лопаток SGT-400.;https://www.cppcorp.com;не найдено (на сайте только форма /contact);;;med;Раздел cppcorp.com/industries/industrial-gas-turbines перечисляет для IGT: «HPT Blades/Buckets», «LPT Blades/Buckets», Vanes/Nozzles — «Stationary airfoils that direct hot gas flow through turbine stages», плюс bearing housings, exhaust diffusers, hot struts, seal bodies, splash plates, dampers, VIGV covers. Меню Capabilities: Airfoils, Structural Investment Castings, Structural Sand Castings, Metals, Core and Wax Technologies. Профиль Berkshire Partners: «leading manufacturer of highly-engineered castings and sub-assemblies primarily for the commercial aerospace, defense and industrial gas turbine markets», HQ Cleveland OH, заводы Eastlake OH, Chittenango NY, Guaymas, Liege, Povazska Bystrica, два завода в Rzeszow с DS и single crystal. Прямых телефонов/почт на сайте нет — только форма, поэтому контакты «не найдено».
Danyang HB Special Alloy Co., Ltd. (丹阳恒博特种合金有限公司, HB-NICKEL ALLOY);Китай;Danyang (Даньян), Lvcheng Town, пров. Цзянсу;трейдер/переработчик материалов (лист, пруток, труба, поковки, сварочная проволока из жаропрочных сплавов);Материальная база под ЖАРОВЫЕ ТРУБЫ И КАМЕРУ СГОРАНИЯ: держит Hastelloy X, Inconel 617/625/718, Incoloy, Nimonic, Monel в листе/полосе/прутке/трубе, плюс спецсварочную проволоку — то есть весь передел под сварно-листовые узлы горячей части (flame tube, combustion liner, transition piece) для SGT-100/200/300/400. Готовые детали ГТУ не делает — «по чертежу клиента» только заготовки/фитинги. Полезен как поставщик материала российскому/китайскому исполнителю сварки.;https://www.hb-specialalloy.com / http://www.hb-nickelalloy.com;richie@hb-specialalloy.com;+86-180-52779885;Richie Lee;low;"Профильная страница hb-specialalloy.com «Hastelloy X For Gas Turbine Combustor» — прямо позиционируют Hastelloy X под камеру сгорания ГТУ. Раздел About Us (hb-nickelalloy.com): «global special alloy company, committed to Marketing, Manufacturing, R&D of Nickel alloy, Non-ferrous metal, Special stainless steel»; материалы — Hastelloy, Incoloy, Inconel, Monel, Nimonic, спецнержавейка, сварочная проволока; формы — Wire, Bar/Rod, Plate/Strip, Tube/Pipe, Fittings, Forgings, «other ended products as client's drawing»; основана в 2015, ISO 9001:2015. Адрес: Aerospace Industry Park No.125, Xifu Village, Lvcheng Town, Danyang 212352, Jiangsu. Контакты (Richie Lee, +86-180-52779885, richie@hb-specialalloy.com) взяты из карточки go4worldbusiness/goldsupplier — прямой fetch сайта не прошёл, поэтому confidence low."
Doncasters Group (DPC Holdings PLC);Великобритания;"Leeds (штаб-квартира); площадки Chard, Droitwich, Killamarsh (Sheffield), Ryde, Bochum (Германия)";завод (литьё + сварные/фабрикованные узлы горячего тракта);Один из немногих независимых от Siemens изготовителей, у которого в номенклатуре прямо перечислен весь комплект деталей камеры сгорания — combustion baskets, liners, transition pieces, caps, venturis, flow sleeves, impingements, fuel manifolds and injectors, discharge nozzles, engine casings. Отдельное направление по промышленным ГТУ: литые и СВАРНЫЕ (fabricated) теплозащитные экраны и сегменты уплотнений из никелевых и кобальтовых сплавов, а также сопловые/рабочие лопатки (Turbine Airfoils). Британская школа и близость к линейке Ruston/Alstom делают компанию логичным кандидатом по SGT-100/200/300/400. Прямого упоминания SGT-400 на сайте нет — работают по программам OEM.;https://www.doncasters.com;не найдено (адреса на сайте закрыты Cloudflare email-protection);"+44 (0)115 663 0139 (UK Group Enquiries); +44 (0)1460 260600 (Chard); +44 (0)1905 825500 (Droitwich); +49 (0)234 6221 (Bochum)";;high;"Страница doncasters.com/our-expertise/aerospace/combustion-components-and-systems: «Doncasters manufactures a wide range of high specification cast combustion components and systems … The product range … includes caps, venturis, transition pieces, impingements, flow sleeves, combustion baskets, liners, ducts, fairings, oil and drain tanks, reheat and augmentor flaps, discharge nozzles, fuel manifolds and injectors, engine casings, bearings and turbine housings». Страница /our-expertise/industrial-gas-turbines/nickel-alloy-combustion-heat-shields-and-seal-segments: «Doncasters is a leading supplier of cast and FABRICATED heat shields and seal segments to the industrial gas turbine (IGT) and aerospace industries. Materials include cobalt and nickel base alloys and high temperature stainless steel». Штаб-квартира со страницы /contact/europe: «1 Park Row, Leeds LS1 5AB, United Kingdom; UK Group Enquiries: +44 (0)115 663 0139»."
Doncasters Group (площадка Chard Precision Castings);Великобритания / Германия / США;"Chard, Somerset (Chard Precision Castings); Leeds (HQ); Bochum (Германия); Oxford, Alabama (США)";литейка / завод точного литья горячей части ГТУ;Не цех покрытий, а поставщик самих отливок горячей части — но именно тех позиций, вокруг которых крутится камера сгорания SGT-400. У Doncasters выделено отдельное направление Industrial Gas Turbines с подразделами Turbine Airfoils (сопловые аппараты и лопатки), Cast Structural Components и 'Nickel Alloy Combustion, Heat Shields and Seal Segments' — теплозащитные экраны корпуса камеры сгорания и уплотнительные сегменты из кобальтовых и никелевых сплавов и жаропрочных нержавеющих сталей, с толщиной стенки до 1 мм. Это прямой кандидат на локализацию литых деталей жаровой части, которые потом уходят на покрытие в Lincotek/Linde/Flame Spray. В аэро-направлении есть отдельная компетенция 'Combustion Components and Systems'. Также в группу входит Ross & Catherall (Sheffield) — выплавка жаропрочных сплавов, то есть закрыт передел от шихты до отливки.;https://www.doncasters.com/our-expertise/industrial-gas-turbines;не найдено (на сайте почтовые адреса замаскированы как [email protected]);"+44 1460 260600 (Chard Precision Castings); +44 115 663 0139 (UK Group Enquiries); +1 256 231 5511 (US Group Enquiries)";;med;"Меню /our-expertise/ содержит раздел 'Industrial Gas Turbines' с подстраницами 'Turbine Airfoils', 'Cast Structural Components', 'Nickel Alloy Combustion, Heat Shields and Seal Segments', а в аэро-разделе — 'Combustion Components and Systems'. На странице /our-expertise/industrial-gas-turbines/nickel-alloy-combustion-heat-shields-and-seal-segments: 'Materials include cobalt and nickel base alloys and high temperature stainless steels'; 'The Group manufactures parts in which include HP, IP and LP seal segments and combustor case heat shields'; габарит до 130 x 200 мм, толщина стенки до 1 мм. Площадки на той же странице: Chard Precision Castings, Beeching Close, Chard, Somerset TA20 1BB, UK, +44 (0) 1460 260600; Ross & Catherall, Forge Lane, Killamarsh, Sheffield S21 1BA, +44 (0) 114 2486404; Doncasters Structural Castings, 508 Hamric Drive West, Oxford, Alabama 36203, +1 (256) 831 2811. HQ: 1 Park Row, Leeds LS1 5AB. Оговорка: собственные покрытия (TBC/MCrAlY) на сайте не заявлены."
Fern Engineering, Inc.;США;Wareham, Massachusetts;специализированный завод/сервис по топливным форсункам и комбустионным деталям;Узкоспециализированное предприятие, чей отдельный цех занят ИСКЛЮЧИТЕЛЬНО восстановлением топливных форсунок ГТУ и других деталей камеры сгорания: диагностика дефектов, восстановление, калибровка, проливочные испытания (flow testing) и ИЗГОТОВЛЕНИЕ улучшенных инженерно-доработанных деталей. Работают с форсунками на дистилляте, газе, двухтопливными (dual fuel), с впрыском воды, воздушного и механического распыла — это ровно та номенклатура, к которой относится DUAL DLE горелка MW22316B/01. Парк: GE Frames 3/5/6/7/9 (включая DLN) и Siemens-Westinghouse W-191, W-251, W-501, W-501D5A, W-701, P&W FT4/FT-8. Линейка Ruston/SGT-400 не заявлена — брать как носителя технологии и потенциального изготовителя по образцу.;https://www.fernengineering.com;mail@fernengineering.com;+1 508-563-7181;;med;"Страница fernengineering.com/fuel-nozzles: «Fern Engineering's nozzle facility is dedicated solely to refurbishing fuel nozzles and other gas turbine components»; перечень моделей GE Frames 3,5,6,7,9 + DLN и Siemens-Westinghouse W-191/W-251/W-501/W-501D5A/W-701, типы форсунок — distillate, gas, dual fuel, water injection, air и mechanically atomized. Контакты со страницы: «10 Kendrick Road, Wareham, MA 02571», «508-563-7181», «mail@fernengineering.com», часы Пн-Пт 9:00-17:00."
Flame Spray S.p.A. (Flame Spray Group);Италия;"Roncello (MB) — головной завод; Montefino (TE), Morra De Sanctis (AV); офис Milano";покрытия — независимый цех покрытий по кооперации;Один из немногих европейских подрядчиков, кто открыто держит 'Gas Turbines' отдельной строкой в форме запроса и заявляет работу с крупногабаритными деталями ГТУ. Технологии закрывают весь пакет для камеры сгорания SGT-400 и DLE-горелок: HVOF, APS (термобарьерные покрытия), HVAF, cold spray, диффузионные покрытия включая платино-алюминидные и Si-модифицированные алюминидные, наплавка (welding overlay), HIP, вакуумная термообработка, дробеструйная обработка, лазерная и ЭЭО-прошивка охлаждающих отверстий (критично для жаровых труб и transition piece), а также химический стриппинг MCrAlY и алюминидов — то есть могут принять б/у деталь, снять старое покрытие, восстановить и нанести заново. Есть выездное нанесение покрытий на объекте. Заводы в Италии + Венгрия и Хорватия (ближе к логистике в СНГ), плюс представительства в Саудовской Аравии и Казахстане.;https://www.flamespray.org/;info@flamespray.org;"+39 039 695 7216 (Roncello, HQ); +36 28 514 175 (Венгрия); +966 13 896 9545 (Саудовская Аравия)";;high;"Сайт: 'MCrAlY Stripping — efficient and effective chemical stripping of MCrAlY and Aluminides coatings'; 'Air Plasma Spray (APS) — for thermal barrier and wear resistant coatings'; HVOF; диффузионные покрытия включая 'platinum aluminide and si-modified aluminide'. Заявлены 'coating jobs on the field' и работа с 'big-sized gas turbine component'. В форме на contact-us.php первым пунктом 'Select the area of interest: Gas Turbines'. Адреса: Flame Spray SpA Headquarters, 20877 Roncello (MB), via Leonardo da Vinci 1, ph +39 039 695 7216; Montefino (TE) +39 0861 996533; Morra De Sanctis (AV) +39 0827 23370; Flame Spray Hungary Kft, Ipari Park út 19, 2111 Szada; Flame Spray Croatia d.o.o., Jalzabet; Alatau Flame Spray LLP, Almaty, Kazakhstan; Flame Spray North America, Fountain Inn SC, +1 864 862 2730."
Franke Industrie AG (Franke Group);Швейцария;Aarburg;завод (листовая штамповка/сварка жаропрочных сплавов для камер сгорания);"Один из ключевых европейских контрактных производителей деталей КАМЕРЫ СГОРАНИЯ промышленных ГТУ: делает горячую часть, рассчитанную на 1200 °C, из высоколегированных сплавов, плюс листовые уплотнения по тракту горячего газа. Собственные процессы: сварка, формовка (в т.ч. гидроформинг), лазерная обработка, гидроабразивная резка, мехобработка, NDT; через сеть партнёров — вакуумная пайка, термообработка, ЭХО (ECM), электронно-лучевая сварка, TBC и износостойкие покрытия. Ведёт изделие от прототипа до серии и aftermarket — то есть способен взять чертёж MW21215M / MW22316B и поставить на производство.";https://www.frankeindustries.com;industrie-info.ch@franke.com;+41 62 787 31 31;;high;Страница frankeindustries.com/global/en/business-areas/gas-turbines.html: «decades of experience over generations in manufacturing of hot gas path parts (made to resist temperatures up to 1200 degrees Celsius) for Industrial Gas Turbines… Our strength lays in the manufacturing of highly demanding components typically used in the combustion chamber of gas turbines. In addition, we process sheet metal to seals used along the hot gas path… vacuum brazing, heat treatment, ECM, electron beam welding, thermal barrier coating (TBC), various hard face coating, hydro-forming». Импринт: Franke Industrie AG, Franke-Strasse 2, CH-4663 Aarburg, T +41 (0)62 787 31 31, industrie-info.ch@franke.com, CHE-108.336.846. Конкретные модели Siemens не публикуются (NDA с OEM) — подтверждать запросом.
GLF Turbine S.r.l.;Италия;Porto Recanati (MC);завод (производитель горячей части ГТУ);Профильный производитель горячей части: камеры сгорания и жаровые трубы (C&L), transition pieces (TP), сопловые аппараты (nozzles). Бывший цех Nuovo Pignone (Porto Recanati), затем производственная площадка GE Oil & Gas по C&L и TP. Освоены компоненты DLN-технологии (Frame 5/6/7/9 DLN) и F-технологии. Прямо заявляет производство компонентов для GT10B (= SGT-600) и «various Siemens turbines» — это ровно та линейка Alstom/Siemens, к которой относится SGT-400. Реальный кандидат на изготовление камеры сгорания MW21215M по чертежу/образцу.;http://www.glfturbine.com;info@glfturbine.com;+39 071 97491 (факс +39 071 9749205);;high;Сайт glfturbine.com/en: «GLF Turbine is a manufacturer Company for hot parts gas turbine such as combustion chambers (C&L), transition pieces (TP) and nozzles… introduced latest generation components such as: DLN-Technology (Frame 5 DLN, Frame 6 DLN, Frame 7 DLN, Frame 9 DLN), F-Technology… as well as components for other turbines (Westinghouse 501F, GT10B, various Siemens turbines). More than 30,000 C&L and over 30,000 TP have been produced so far at this site». Адрес и контакты в подвале сайта: Via Scossicci, 51, 62017 Porto Recanati (MC), P.IVA 01964960437.
GLM Energy Systems, LLC;США;Kenai, Alaska;независимый сервис MRO + обмен агрегатами/ЗИП по Ruston;Полный капремонт и обмен по линейке Ruston, предшественнику SGT-100/200: TB5000, TA1750, Tornado — «full gas generator and PT rebuilds», re-blading (переоблопачивание), nozzle repair (ремонт сопловых аппаратов), изготовление и закупка компонентов, equipment exchange. В наличии/в работе роторы и газогенераторы Tornado, статорные сборки TB5 CT1 и CT2. Ценен как источник обменных ядер и восстановленной горячей части по родственным моделям.;https://www.glmenergyllc.com;contacts@glmenergyllc.com;"+1 907-283-7556; бесплатный +1 866-247-1061";;high;"Страница glmenergyllc.com/glm-turbine-ruston.php: перечислены модели TB5000, TA1750, Tornado, «TB5 CT1 and CT2 Stator Assemblies»; услуги — full gas generator and PT rebuilds, re-blading, journal restoration, nozzle repair, equipment exchange, component manufacturing and procurement. Адрес на сайте: 420 N. Willow St., Kenai, Alaska 99611."
GT S.r.l. (Gabriele Tuzi);Италия;Curtatone (Mantova);независимый производитель ЗИП / MRO;"Заявленная номенклатура прямо покрывает горячую часть: combustion liners, transition pieces, combustion chambers, seal rings, FLAME TUBES (жаровые трубы), casings; плюс лопатки и сопловые аппараты горячей секции (hot section blade/vane) — литьё по выплавляемым моделям + прецизионная мехобработка + покрытия. Также компрессорные лопатки, роторы, подшипники. Работает и как изготовитель новых деталей, и как ремонтник. Подходит для реверс-инжиниринга горелки/жаровой трубы SGT-400 по образцу.";https://www.gabrieletuzi.com;"request@gabrieletuzi.com; engineering@gabrieletuzi.com";+39 339 831 9822;не найдено (вероятно Gabriele Tuzi — по названию компании);med;"Сайт gabrieletuzi.com: номенклатура — «hot section blade/vane, finished by investment casting, precision machining, coating, surface treatment», combustion components: «liners, transition pieces, chambers, seal rings, flame tubes, casings», турбинные корпуса и роторы; сектора — aviation, power generation, oil & gas; новые детали и ремонт. Реквизиты: Strada Capiluppia 3, 46010 Curtatone (MN), CCIAA MN270776, VAT IT02098920669. Конкретные модели ГТУ (Siemens SGT / Ruston) на сайте НЕ указаны — отсюда confidence=med."
Godrej Enterprises Group — подразделение Godrej Aerospace (Godrej & Boyce Mfg. Co. Ltd.);Индия;"Mumbai (Pirojshanagar, Vikhroli West), Maharashtra; новый завод — Khalapur";завод (Tier-1 аэрокосмический производитель), мехобработка + вакуумная пайка + литьё/ковка;Единственная частная компания Индии, подтверждённо изготавливающая ВСЕ модули газотурбинного двигателя, включая КАМЕРУ СГОРАНИЯ (combustor) и турбину. В 2026 г. установили высокотемпературную печь ВАКУУМНОЙ ПАЙКИ под изготовление рабочих лопаток турбины — именно та технология, что нужна для ремонта/изготовления жаровых труб, transition pieces и горелочных узлов. Отдельно в каталоге числятся выхлопные корпуса газовых турбин. Tier-1 поставщик GE Aerospace, Rolls-Royce, Safran, Honeywell, Boeing. Кандидат на контрактное производство узлов камеры сгорания SGT-400, но опыта именно по промышленным Siemens SGT не подтверждено.;https://www.godrejenterprises.com/aerospace;web.aerospace@godrej.com;+91 22 6796 2856;;med;"Раздел godrejenterprises.com/aerospace и отраслевые публикации 2026 г.: «the only private company in India with demonstrated capability to manufacture all modules of an aero-engine, covering the fan, compressor, combustor and turbine»; сообщение об установке высокотемпературной печи вакуумной пайки для изготовления рабочих лопаток турбины индигенных двигателей; инвестиция 500 крор рупий в новый завод в Khalapur (100 акров, пуск 2027). Листинг на IndiaMART: «Godrej, Mumbai — производит выхлопные корпуса для газовых турбин». Адрес: LBS Marg, Pirojshanagar, Vikhroli West, Mumbai 400079."
Haynes International, Inc.;США;Kokomo, Indiana;завод (металлургический комбинат спецсплавов);Первоисточник марок HASTELLOY X (N06002) и HAYNES 230 (N06230) — именно тех листовых сплавов, из которых сваривают жаровые трубы (combustion liner), обечайки камеры сгорания и transition piece линейки SGT-100/200/300/400 (Typhoon/Tornado/Cyclone) и SGT-600. Поставляет лист и плиту (Sheet and Plate), фольгу, пруток, а также сварочные материалы (TIG/MIG, электроды) под те же марки — то есть закрывает и основной металл, и присадку для сварного узла. Рынки прямо включают промышленные ГТУ.;https://haynesintl.com;;"+1 765-456-6012; +1 800-354-0806 (sales)";;high;"На haynesintl.com в портфеле сплавов указаны HASTELLOY X и HAYNES 230; формы поставки перечислены как «Sheet and Plate», «Wire and welding products (TIG, MIG, thermal spray, coated electrodes)», «Bar and Billet». Раздел Markets: компания обслуживает «aerospace, chemical processing, and industrial gas turbines for power generation». Адрес с страницы Locations and Directions: «1020 W. Park Avenue, P.O. Box 9013, Kokomo, Indiana, 46904-9013», завод — «2000 W. Defenbaugh Street, Kokomo, Indiana, 46902»."
Indestructible Paint Ltd;Великобритания;Birmingham (Sparkhill);производитель материалов покрытий для ГТУ;Британский производитель высокотемпературных покрытий, у которого 'gas turbines & power generation' указан ключевым сектором. Специализация — алюминиево-керамические (типа SermeTel) и высокотемпературные / термобарьерные лакокрасочные системы, сухие плёночные смазки, вспучивающиеся составы. Для камеры сгорания и DLE-горелок SGT-400 интересны как поставщик самих материалов покрытий (в том числе если решать задачу через российский или местный цех нанесения), а также как источник консультации по спецификациям OEM. Наличие собственного участка нанесения на детали заказчика по открытым страницам НЕ подтверждено — уточнять запросом.;https://www.indestructible.co.uk/;sales@indestructible.co.uk;+44 121 702 2485;;med;"На главной странице сайта 'gas turbines & power generation' указан как ключевой обслуживаемый сектор; упоминаются разработки 'advanced Dry Film Lubricants and Intumescent Paint systems' и 'high-temperature and thermal barrier applications'. Контакты в футере: 16-25 Pentos Drive, Sparkhill, Birmingham, B11 3TA, United Kingdom; тел. +44 (0)121 702 2485; e-mail sales@indestructible.co.uk. Оговорка: конкретные марки покрытий под камеры сгорания и услуга нанесения на детали заказчика на открытых страницах не детализированы."
Industrial Marine Power (IMP);США;Нью-Йорк, NY 10012;бесплатная объявочная площадка (eBay-подобная) по ГТУ, судовым и энергетическим агрегатам;"Живая доска объявлений, где реально ходят запросы и предложения ровно по нашей теме: заявка на 17 позиций ЗИП Siemens SGT-400, включая burner assemblies (горелочные сборки), combustion chambers (камеры сгорания), spray gun assemblies, ignition devices; отдельное объявление продавца «We have core engine TB5000 (2 sets), Tornado (2 sets) and new spare parts at our stock for sale»; объявления «Siemens gas turbines SGT400 for sale» и «SGT-300/400/600/700, SGT5-2000E 50 Hz available unused low hours». Контакты подателей открываются после регистрации — дешёвый канал выхода на владельцев складов.";https://www.industrialmarinepower.com;;+1 954 933 8501;"не найдено (контакты авторов объявлений — после регистрации; напр. по TB5000/Tornado отвечает Monzur Morshed Chowdhury)";med;Страница industrialmarinepower.com/siemens-sgt-400-gas-turbines-spare-part-requiremnets-21050/ — перечень из 17 позиций ЗИП SGT-400 (spray gun assemblies, burner assemblies, combustion chambers, valves, ignition devices), «To see the contact details please Login or Register». Страница industrialmarinepower.com/wanted-spare-parts-for-ruston-gas-turbine-model-tb5000-15902/ — ответ продавца о наличии на складе core engine TB5000 (2 компл.) и Tornado (2 компл.). Реквизиты портала в футере: New York, NY 10012, US, [+1] 954 933 85 01.
J. F. Mullen Co., Inc. (James F. Mullen Company);США;Merrimac, Massachusetts;завод / контрактный производитель листовых деталей горячей части (formed sheet metal, tool & die, сварка);Профильный контрактный изготовитель именно тех типов деталей, что нужны по SGT-400: на сайте отдельные разделы каталога «COMBUSTION LINERS» (жаровые трубы / камеры сгорания) и «TRANSITIONS» (переходные патрубки, transition pieces) с фотогалереями реальных изделий. Также делают завихрители (swirlers) и кожухи охлаждения топливных линий. Компетенции: draw forming (вытяжка), листовая штамповка, сварочные сборки, инструментальное производство (tool & die), механообработка, контроль/инжиниринг. Производственная площадь ~87 700 кв. футов (~8150 м2). Идеальный кандидат под изготовление корпуса камеры MW21215M по чертежу/образцу (реверс-инжиниринг), а не под готовый каталожный номер Siemens.;https://www.jfmullen.com;"rich@jfmullen.net (продажи); john@jfmullen.net (производство); B.Payne@jfmullen.net (качество)";"+1 978-346-0045; моб. +1 (508) 789-9791";"Richard Marcellino — Sales Manager; John Mullen — Operations Manager; Bob Payne — Quality Manager";high;Сайт jfmullen.com, шапка: «51 East Main St Merrimac, Massachusetts / 978-346-0045», меню «Parts Page» содержит пункты COMBUSTION LINERS, TRANSITIONS, Core Plugs, Gas Turbine Parts. Страница /contact/ отдаёт таблицу персоналий: John Mullen (Operations Manager), Richard Marcellino (Sales Manager), Bob Payne (Quality Manager), Travis Briggs (Laseredge Technologies) с почтами @jfmullen.net. Слоган сайта: «SHEET METAL FABRICATION, METAL FORMING, METAL STAMPING, GAS TURBINE PARTS & REPAIR». Описание из каталога: «manufactures combustion liners, swirlers, transition pieces, fuel line cooling shrouds and other duct work for gas turbine applications». Модели ГТУ на сайте не указаны — работают по чертежу заказчика.
KAFOU Technical Services Co. Ltd (KTS);Саудовская Аравия;Аль-Хобар (мастерская — Khudariah, Даммам);независимый сервис MRO с собственной мастерской;"Единственный найденный саудовский независимый сервис с собственной мастерской (500 м², Khudariah, Даммам), который прямо заявляет инспекцию горячего и холодного газового тракта и ремонт/замену деталей камеры сгорания («combustion parts»), а также ремонт роторов, лопаток, диафрагм компрессора, полный overhaul flange-to-flange, вибродиагностику и балансировку. Ограничение: заявленный парк OEM — FiatAvio, Westinghouse, GE, MHI; Siemens SGT/Ruston не назван, поэтому по SGT-400 нужен отдельный запрос капабилити.";https://www.ktsco.com.sa/;info@ktsco.com.sa;+966 13 882 5067;;low;"На ktsco.com.sa: «Inspection of hot and cold gas path, bearings and other major components», ремонт «rotors, blades, vents, combustion parts», работа с диафрагмами компрессора и генераторами; «KTS possess its own facility of 500 square meters workshop in Khudariah Dammam» с участками металлоконструкций, трубной обвязки, механообработки и ремонта вспомогательного оборудования ГТУ. Перечень OEM: «FiatAvio, Westinghouse, GE and MHI gas turbines, steam turbines, compressors and generators» — Siemens SGT и Ruston отсутствуют, конкретные модели не указаны. Адрес: P.O. Box 79553, Al-Khobar 31952; факс +966 13 882 4960."
Kitmondo (группа Exapro);Чехия;Прага;маркетплейс б-у промышленного оборудования (посредник/брокер);Международная площадка б/у оборудования с реальными лотами по линейке SGT: на момент проверки размещено «SIEMENS SGT400 gas turbine, Low working hours, Turkey 2014 — Double Shaft, Power 12.9 MW, main engine replaced, ~200 hours», а также Siemens SGT-600 DLE (Турция, 2010) и SGT-600 24,5 МВт (Китай, 2011, с описанием «18 DLE burners, annular combustion chamber»). Канал для покупки донорского SGT-400 или целого пакета через посредника с европейской юрисдикцией.;https://www.kitmondo.com;не найдено (только форма обратной связи на /contact-kitmondo/);;Thomas Bordier (CEO);med;Раздел kitmondo.com/used-gas-turbine/ содержит карточку «SIEMENS SGT400 gas turbine, Low working hours, Turkey, 2014... Double Shaft Power: 12.9 MW... Main engine operating hours: Approximately 200 hours». Страница kitmondo.com/about-us/: «Since 2006, Kitmondo has connected sellers and buyers of used industrial machinery», «In 2018, the Exapro group... move its headquarters from Newcastle to Prague», CEO — Thomas Bordier. Прямых email/телефона на сайте нет.
Laujir India LLP;Индия;Bengaluru, Karnataka;трейдер / мелкосерийный поставщик ЗИП, реверс-инжиниринг;"Заявляет поставку деталей камеры сгорания (combustion system parts), лопаток компрессора и турбины, СОПЛОВЫХ АППАРАТОВ и направляющих лопаток (nozzles and guide vanes), уплотнений и подшипников; отдельно — услуги реверс-инжиниринга и восстановления оборудования для электростанций. Возможный канал для мелких позиций линейки SGT, но подтверждения работы именно по Siemens/Ruston нет, описание общее и каталожного уровня.";https://www.laujirindia.in;не найдено (только онлайн-форма запроса);+91 8088144983 (WhatsApp);;low;"Сайт laujirindia.in/gas-turbine-spare-parts.htm: перечень «Combustion system parts; Compressor and turbine blades; Nozzles and guide vanes; Bearings and seals; Control system components», услуги «reverse engineering, refurbishment, maintenance, EPC». Юр. подтверждение — GST 29AAKFL2846H1ZZ, форма LLP, Бенгалуру. Конкретных марок ГТУ и фотографий производства нет — отсюда low."
Liburdi Turbine Services (Liburdi Engineering Limited);Канада;Dundas, Ontario;независимый сервис MRO + собственный цех покрытий;Прямое попадание в линейку SGT-400. На странице поддерживаемых двигателей Ruston перечислены Cyclone, Tornado, Typhoon, TA2500/1750, TB4000, TB5000, TB5400 — это ровно предшественники SGT-400/SGT-100/SGT-200. Заявлены 'hot section and combustion component repairs'. Ремонтируют blades, vanes, nozzles, combustors и transitions. Покрытия: TBC (термобарьерные), связующие MCrAlY составов NiCrAlY / NiCoCrAlY / CoNiCrAlY / CoCrAlY, APS (воздушно-плазменное), HVOF, диффузионное алитирование LSR (aluminide с добавками Si и Cr), RIC (реактивное ионное покрытие). Плюс собственный процесс пайки-восстановления LPM (Liburdi Powder Metallurgy) для трещин в жаровых трубах и сопловых аппаратах. По Siemens поддерживают SGT-600, SGT-A20/A35/A65, V84.2, V84.3A1, W501-серию.;https://www.liburditurbineservices.com/;info@liburditurbineservices.com;"+1 905 689 0734; 1-800-991-2100";;high;Страница /supported-gas-turbine-models/ruston-gas-turbines перечисляет модели Cyclone, TA2500/1750, TB4000, TB5000, TB5400, Tornado, Typhoon и указывает 'hot section and combustion component repairs'. Страница /gas-turbine-advanced-coating-technology: 'Thermal Barrier Coatings (TBC)' с составами 'NiCrAlY, NiCoCrAlY, CoNiCrAlY, and CoCrAlY', 'APS (Air Plasma Spray)', 'HVOF', 'LSR Aluminide Coatings', обслуживаются 'gas turbine hot-section components' включая blades, vanes, combustors, transitions. Контакты со страницы /contact: info@liburditurbineservices.com, 1-800-991-2100. Корпоративный адрес с liburdi.com/contact-liburdi-corporate-offices: Liburdi Engineering Limited, 400 Highway 6 North, Dundas, Ontario, Canada, L9H 7K4, tel +1-905-689-0734.
Liburdi Turbine Services Inc. (Liburdi Group);Канада;Dundas, Ontario (+ ремонтный завод Davidson, North Carolina, США);независимый сервис MRO / ремонт горячей части + собственные технологии сварки и покрытий;Единственная найденная в Северной Америке компания, которая ЯВНО декларирует поддержку линейки Ruston/Siemens, к которой относится SGT-400: на странице «Supported Gas Turbine Models → Ruston» перечислены Cyclone (= SGT-400), Typhoon (= SGT-100), Tornado (= SGT-200), TA2500/1750, TB4000, TB5000, TB5400. Ремонтируют лопатки, сопловые аппараты (vanes/nozzles), бандажи, уплотнения и КАМЕРЫ СГОРАНИЯ (combustion parts). Профильные технологии: LPM (Liburdi Powder Metallurgy) — пайка/наплавка трещин на жаровых трубах и NGV, автоматическая лазерная/плазменная/GTAW сварка, нанесение покрытий. Прямой кандидат по камере сгорания MW21215M и элементам горелки DUAL DLE MW22316B/01.;https://www.liburditurbineservices.com;info@liburditurbineservices.com;"+1-905-689-0734; toll free 1-800-991-2100";;high;Страница https://www.liburditurbineservices.com/supported-gas-turbine-models/ruston-gas-turbines прямо перечисляет поддерживаемые модели Ruston: Cyclone, TA2500/1750, TB4000, TB5000, TB5400, Tornado, Typhoon. На главной и в разделе About: «repairs critical hot section components including blades, vanes, nozzles, shrouds, seals, and combustion parts», опыт с 1979 г., два ремонтных завода — Dundas (ON, Канада) и Davidson (NC, США). Юр. адрес корпоративного офиса с сайта liburdi.com: Liburdi Engineering Limited, 400 Highway 6 North, Dundas, Ontario, Canada, L9H 7K4, тел. 1-905-689-0734. ВНИМАНИЕ: компания зарегистрирована в канадской Controlled Goods Program (экспортный контроль) — возможны ограничения по поставкам в РФ.
Lincotek Rubbiano S.p.A. (бывш. Turbocoating S.p.A.);Италия;Rubbiano di Solignano (Parma);покрытия / спецпроцессы (surface solutions);Ключевой европейский узел по покрытиям горячей части промышленных ГТУ: MCrAlY методами VPS/LPPS/HVOF, YSZ/TBC методом APS, CVD-алитирование, лазерная перфорация охлаждающих отверстий, химическое снятие покрытий (stripping) и постпокрытийная обработка. Это именно то, что нужно для локализации камеры сгорания, жаровой трубы, transition piece и лопаток SGT-400 — сам металл может делать другой завод, а покрытие и перфорация закрываются здесь. Работают как подрядчик OEM наземных ГТУ и авиадвигателей с 1973 г.;https://www.turbocoating.com / https://lincoteksurfacesolutions.com;"sales.surfacesolutions.EMEA@lincotek.com; surfacesolutions.EMEA@lincotek.com";+39 0525 305811 (факс +39 0525 305812);;high;"Страница контактов turbocoating.com/group/contacts/: «Surface Solutions Rubbiano, Parma | Italy — Lincotek Rubbiano S.p.A., Via Mistrali 7, 43046 Rubbiano di Solignano PR, Italy, t. +39 0525 305811, sales.surfacesolutions.EMEA@lincotek.com, VAT IT 02087600348». Профиль компании: «core business to develop special processes and manufacture protective coatings for components in industrial gas turbines and jet engines»; продукты — «thermal sprayed MCrAlY coatings by VPS/LPPS/HVOF and YSZ coatings by APS, Chemical Vapour Deposition, Laser Drilling equipment, Chemical stripping». Есть также площадки в Tarbes (Франция) и Spreitenbach (Швейцария)."
Lincotek Surface Solutions (бывш. Turbocoating S.p.A.);Италия;"Rubbiano di Solignano (Parma); также Tarbes (Франция), Hickory NC (США)";покрытия — независимый цех покрытий по кооперации;Классический европейский подрядчик по покрытиям горячей части ГТУ, тот самый Turbocoating из Пармы (домен turbocoating.com редиректит на lincotek.com). Полный набор под камеру сгорания SGT-400: APS с YSZ (термобарьерное покрытие), LPPS MCrAlY (связующий слой), HVOF MCrAlY и износостойкие, SPS (суспензионное плазменное), CVD и pack-алитирование для внутренних полостей и наружных поверхностей, плюс стриппинг (химическое снятие старых покрытий) — критично для ремонта б/у жаровых труб и горелок. Прямо заявляют покрытие 'IGT/Aero turbine blades and vanes' и 'combustors'. Принимают детали заказчика в работу (job coating).;https://www.lincotek.com/surface-treatments/;sales.surfacesolutions.EMEA@lincotek.com;+39 0525 305808;;high;"Страница /surface-treatments/ перечисляет: 'CVD/Pack aluminizing' для сложных внутренних полостей, 'LPPS — MCrAlY overlay/bond coating', 'HVOF — MCrAlY overlay and hard-facing', 'APS — Yttria Stabilized Zirconia thermal barrier coatings (TBC)', 'SPS — Suspension Plasma Spray', 'Diffusion coatings — CVD and pack technology', 'Stripping services'. Применение: 'IGT/Aero turbine blades and vanes' и 'combustors'. Адрес: Via Mistrali 7, 43046 Rubbiano di Solignano, Parma, Italy, t. +39 0525-305808. Со страницы /group/contacts/: почта дивизиона surfacesolutions.EMEA@lincotek.com и sales.surfacesolutions.EMEA@lincotek.com; площадки Tarbes (4 rue Pierre Corneille, 65430 Soues, France, +33 5 62366815) и Hickory NC (Turbocoating Corp. D/B/A Lincotek Surface Solutions, 1928 Main Avenue SE, Hickory NC 28602, +1 828 328 8726)."
Linde Advanced Material Technologies (бывш. Praxair Surface Technologies / Sermatech);Германия / Италия / Франция / Индия / Сингапур / Ю. Корея / Великобритания / США;"Ratingen и Schlüchtern (Германия); Fornovo di Taro (Parma), Mantova, Monte Marenzo, Novara (Италия); Saint Etienne (Франция); Coimbatore (Индия); Singapore; Changwon (Ю. Корея); Lincoln (UK)";покрытия — глобальная сеть цехов покрытий (Global Coating Services);"Крупнейшая мировая сеть подрядных покрытий для ГТУ, наследник Praxair Surface Technologies и бренда Sermatech (алюминиево-керамические покрытия SermeTel). Под камеру сгорания и горелки SGT-400: термическое напыление (HVOF/HP-HVOF, плазма APS, D-GUN, дуговое), металло-диффузионные покрытия ('protecting high-temperature parts from corrosion and oxidation ... diffusing a metal'), суспензионное плазменное напыление SPS, HVAF-плакирование, а через СП PG Technologies — EB-PVD термобарьерные покрытия и платино-алюминидные покрытия, которые прямо позиционируются для 'marine and industrial engines'. Площадка Fornovo di Taro находится в 20 км от Пармы — том же кластере ГТУ-покрытий, что и Lincotek; площадка в Коимбаторе (Индия) даёт азиатский вариант по цене.";https://www.linde-amt.com/global-coating-services;не найдено (только форма на /contact-us);;;high;"Раздел /global-coating-services/coating-applications: 'Thermal Spray Coating — ... D-GUN, HP/HVOF, wire arc and plasma spray'; 'Vapor Deposition'; 'Metal Diffusion — Protecting high-temperature parts from corrosion and oxidation, providing a protective barrier by diffusing a metal'. Раздел /about-us/pg-technologies/services-and-capabilities: 'Electron Beam Physical Vapor Deposition (EBPVD) delivers premium thermal barrier coatings'; 'Platinum aluminide (PtAl) is engineered for extreme environments, e.g. high- and low-pressure turbine airfoils in marine and industrial engines'; 'Aluminide Coatings ... ideal for turbine blades, vanes'; 'Suspension Plasma Spray'; 'Cladding ... HVAF'. Страница /about-us/locations, блок 'Global Coating Services': Linde AMT GmbH, Robert-Zapp-Strasse 7, 40880 Ratingen, Germany (EN 9100:2018, EASA Part 145); Linde AMT Schluechtern GmbH, Breitenbacher Strasse 40, 36381 Schlüchtern; Linde AMT Italy Srl, Via G. Di Vittorio 69, 43045 Fornovo di Taro (Parma); Novara, Mantova, Monte Marenzo (Италия); Linde AMT St. Etienne S.A.S, Z.I. Molina la Chazotte, F-42043 Saint Etienne; Индия — SF No 206/1, Kannampalayam Village, Sulur, Coimbatore 641402; Linde AMT Singapore Pte Ltd, 44 Changi South Street 1; SERMATECH KOREA Ltd., 28 Seungju-Dong, Changwon City; Linde AMT UK Limited, Whisby Road, N. Hykeham, Lincoln LN6 3DL."
MD&A — Mechanical Dynamics & Analysis, LLC (MD&A Turbines);США;"Latham, New York (HQ); сервис-центры Houston и San Antonio, TX; также CO, MO, OH";независимый сервис MRO + производство деталей (OEM-alternative);Позиционируется как «full-service OEM-alternative» по газовым турбинам. Каталог комбустионных деталей включает end caps, combustion liners, flow sleeves, transition pieces. Отдельное направление — ремонт и рефабрикация ТОПЛИВНЫХ ФОРСУНОК (Fuel Nozzle Services, Houston Service Center), включая системы Dry Low NOx (DLN 1.0/2.0/2.6): диагностика, восстановление, калибровка, проливка/flow testing, ISO 9001:2015. Это ближайший к нашей задаче американский компетентный центр по горелочным узлам типа DUAL DLE MW22316B/01. Заявлена отдельная страница «Siemens Turbine Repair». Основной парк — GE и Siemens/Westinghouse тяжёлого класса, линейка SGT-400 не заявлена.;https://www.mdaturbines.com;Info@MDAturbines.com;"+1 (518) 399-3616; факс +1 (518) 399-3929";;med;Разделы mdaturbines.com/parts/gas-turbine/combustion-parts/ («end caps, liners, flow sleeves, and transition pieces»), /repairs/gas-turbine/fuel-nozzle-repair/ и /parts/gas-turbine/fuel-nozzles/ («MD&A Fuel Nozzle Services at their Houston Service Center services GE gas turbine frames including Dry Low NOx System (DLN) 1.0, 2.0 and 2.6», ISO 9001:2015). Есть отдельная страница mdaturbines.com/siemens-turbine-repair/. Контакты HQ: 25 British American Blvd, Latham, NY 12110, (518) 399-3616, Info@MDAturbines.com. Сайт сильно на JS — контакты подтверждены через справочники и страницу /contact/.
MSR Industrade Pvt. Ltd. (MSRI Trade);Индия;Ghaziabad / Noida, Uttar Pradesh;трейдер / интегратор с сетью европейских ремонтных цехов;Прямое попадание в линейку. Официально заявляет поставку ЗИП для SGT-100/200/300/400 (бывш. Ruston Typhoon, Tornado, Tempest, Cyclone). По SGT-400 конкретно перечисляет: комплекты пилотных горелок (Pilot Burner Kits), сердечники жидкого топлива (liquid fuel cores), ГЛАВНЫЕ ГАЗОВЫЕ ГОРЕЛКИ Main Gas Burners в исполнениях dual fuel и gas-only (это и есть аналог DUAL DLE MW22316B/01), блоки воспламенителей, новые рабочие лопатки компрессора ступеней 0–10, восстановленные сотовые уплотнения (honeycomb tip seal), корпуса фильтров из нержавейки. Также берётся собрать пакет из б/у SGT-100/SGT-400 с новыми или восстановленными деталями и провести монтаж и пусконаладку.;https://msritrade.com;"rvp@msritrade.com; venkateshprasad.raahul@gmail.com";"+91 120 4102955; +91 120 4125991; +91 9971889552";Rahul Venkatesh Prasad, директор;high;Собственный PDF-проспект компании (imimg.com, загружен 2025): «We, MSR Industrade Pvt Ltd, are committed and able to supply you with SGT 100, 200, 300 and 400 spares. The Siemens SGT 100 to SGT 400 series gas turbines, formerly the Ruston Typhoon, Tornado, Tempest & Cyclone, have a long track record... MSR has tied up with numerous companies in EU that can offer to refurbish parts and can also provide new parts for all SGT turbines (100 to 400)... Pilot Burner Kits... Refurbished Honey Comb Tip seal». Юр. адрес подтверждён в ZaubaCorp (CIN U51909UP2016PTC085756), корпоративный офис R-8/51, Raj Nagar, Ghaziabad-201002. Сайт msritrade.com подтверждает фразу про SGT 100/200/300/400 spares и даёт прямые контакты.
Mestek India;Индия;New Delhi (Vikaspuri);трейдер / представитель зарубежных производителей ЗИП, реверс-инжиниринг;Специализированный поставщик ЗИП именно для промышленных ГТУ, тяжёлых и лёгких. Каталог включает компоненты камеры сгорания: cross fire tubes / collars / retainers (пламеперебрасывающие патрубки с обоймами и фиксаторами), transition hardware kits, уплотнения и прокладки горячего тракта, свечи зажигания, термопары, крепёж ротора, монтажную оснастку для лопаток. Заявляют соответствие спецификациям OEM и реверс-инжиниринг с доработкой. Бренды: GE, Siemens, Westinghouse, Alstom. Полезен для расходников и крепежа камеры сгорания линейки SGT, а не для самой жаровой трубы.;https://mestekindia.com;"enquiries@mestekindia.com; sanjay@mestekindia.com; kapil@mestekindia.com; raghav@mestekindia.com";+91 11 45531065 / 45531075;Sanjay / Kapil / Raghav (персональные ящики без указания должностей);med;"Сайт mestekindia.com/gas-turbine/: «leading provider of spare parts for heavy and light industrial gas turbines, supplying the highest quality gas turbine rotor bolting, combustion components and consumables in the aftermarket IGT industry, all conforming to OEM specifications», номенклатура «Alignment Hardware, Balance Access Tubes, Blade Installation Hardware, Bolts, Cross Fire Tubes / Collars / Retainers», далее уплотнения, свечи, термопары, transition hardware kits; поддерживаемые бренды GE, Siemens, Westinghouse, Alstom; «reverse engineered from OEM components and are enhanced where necessary». Адрес и почты — со страницы mestekindia.com/contact/: #602A, Ansal Majestic Tower, PVR Complex, Vikaspuri, New Delhi-110018."
Mishra Dhatu Nigam Limited (MIDHANI);Индия;Hyderabad (Kanchanbagh), штат Telangana;завод (государственный производитель суперсплавов);"Наиболее реалистичный неевропейский источник самого листа под локализацию: MIDHANI серийно катает аналоги Hastelloy X и Nimonic 263 под собственными марками. Superni 76 = Hastelloy X (N06002, AMS 5754, AMS 5536); Superni 263 = Nimonic 263 (N07263, BS HR10 / HR206 / HR404, AMS 5872 «Sheet and Plate»); Superni 75 = Nimonic 75 (BS HR5/HR203); Superni 617 = Inconel 617. Плоский прокат: горячекатаный лист от 4,5 мм (ширина до 1000 мм, длина 1500–2000 мм), холоднокатаная лента от 0,5 мм (ширина до 1000 мм) и от 0,1 мм (ширина до 250 мм) — рабочие толщины именно жаровых труб и transition piece. Есть и сварочные материалы, и точное литьё (Supercast 247A / MAR M 247, 713C) — потенциально под сопловые аппараты.";https://midhani-india.in;mktg@midhani-india.in;"+91-40-24184000; бизнес-запросы +91-40-24184547 / +91-40-2956 8519";;high;"Страница midhani-india.in/midhani_products/superalloy/ содержит таблицу соответствия марок: «Superni 76 | Hastelloy X | N06002 | AMS 5754, AMS 5536 | NiCr22Fe18Mo | 2.4665»; «Superni 263 | Nimonic 263 | Haynes 263 | N07263 | BS HR10, BS HR206, BS HR404 | AMS 5872 Sheet and Plate, AMS 5886 Bar and Forgings | 2.4650»; «Superni 75 | Nimonic 75 | Haynes 75 | N06075 | BS HR5, BS HR203». Страница midhani_products/flat-products/: «Hot Rolled Sheets — Thickness (min) 4.5 and above, Width (max) 1000, Length 1500–2000; Cold Rolled Strip — Thickness (min) 0.5, Width (max) 1000 … Thickness (min) 0.1, Width (max) 250». Контакты со страницы Contact Us: «Mishra Dhatu Nigam Limited, PO – Kanchanbagh, Hyderabad – 500058, Telangana, India : 91-40-24184000 : mktg[at]midhani-india[dot]in»."
Modus Turbo Machineering Pvt. Ltd. (MTMPL);Индия;Vadodara, Gujarat;независимый сервис MRO ГТУ + поставка запчастей;"Независимый подрядчик по ремонту, поставке сменных деталей и полному капремонту/обслуживанию промышленных ГТУ — как heavy duty, так и LIGHT FRAME (класс, к которому относится SGT-400 13 МВт). Заявляют ~21 год работы и «globally equipped facilities», компетенции по системам управления GE Mark IV–VIe. Потенциальный локальный исполнитель работ по камере сгорания и горячему тракту; конкретных подтверждений по Siemens SGT/Ruston на сайте нет.";https://www.mtmpl.com;не найдено (на сайте только форма);+91 80476 34635 (номер маршрутизации IndiaMART);Binda Jain (CEO);low;Сайт mtmpl.com/gas-turbine-service.html: «repair services, supply of replacement parts and providing complete overhaul and maintenance packages for the heavy duty and light frame industrial gas turbine», предиктивное/превентивное/корректирующее обслуживание, опыт 21 год, поддержка GE Control System Mark 4-5-6-6E-6Es. Адрес: Orchid Plaza, Third Floor, 324 Sama Savli Road, Vadodara 390024. Номенклатуры именно горячих деталей и марок Siemens на сайте не заявлено — поэтому low.
Multiflow Indústria e Comércio (MPI Technology);Бразилия;Рибейран-Прету, штат Сан-Паулу;независимый сервис MRO ГТУ;"23 года на рынке, позиционируются как 'референс в Бразилии по ремонту газовых турбин'. В описании работ прямо фигурирует секция камеры сгорания: инспекция и замена изнашиваемых компонентов в компрессорной секции, КАМЕРЕ СГОРАНИЯ и силовой турбине; в методических материалах компании описан разбор и инспекция топливных форсунок, жаровых труб (tubos de chama), переходных патрубков (peças de transição) и устройств зажигания. Опыт по Dresser-Rand, General Electric, Nuovo Pignone, Rolls-Royce. Работают на промышленности, когенерации, НПЗ и офшорных платформах добычи нефти и газа. Siemens/SGT в перечне брендов НЕ заявлен — это ограничение.";https://www.multiflow.com.br/reparo-turbina-gas;multiflow@multiflow.com.br;+55 16 3797-7502;;med;"Страница multiflow.com.br/reparo-turbina-gas: 'O reparo de turbina a gas se caracteriza como sendo uma manutenção dos tipos preventivo, preditivo ou corretivo', перечислены инспекция и замена компонентов в компрессоре, камере сгорания и силовой турбине; список производителей — Dresser-Rand, General Electric, Nuovo Pignone, Rolls-Royce; '23 anos', 'uma referência no Brasil para o reparo de turbina a gas'. Контакты с сайта: 'Rua Armando Tarozzo, 110 - Ribeirão Preto-SP', тел. 16 3797-7502, multiflow@multiflow.com.br. Отсутствие Siemens/SGT в списке → med/low."
NeoNickel (NeoNickel Ltd);Великобритания;"Blackburn (склады также Kingswinford, Milton Keynes; сеть сервисных центров в ЕС)";сервисный металлоцентр / складской поставщик листа спецсплавов;Держит на складе именно те марки и толщины, из которых делаются листовые детали горячего тракта, и сам сайт называет применения дословно теми терминами, что нужны по SGT-400. Alloy 230 (Haynes 230) — лист от 0,29 мм, плита, пруток, сварочная проволока. Alloy C263 (Nimonic 263) — лист от 0,45 мм, плита, пруток, проволока, со спецификациями MSRR7035 и BS HR10 (британские авиационные спецификации линейки Rolls-Royce/Ruston). Реальная альтернатива заказу с завода при малых партиях под опытный образец жаровой трубы или transition piece.;https://www.neonickel.com;не найдено (адреса на сайте скрыты защитой от парсинга);"+44 (0)1254 582 999 (Blackburn); +44 (0)1384 282 400 (Kingswinford); +44 (0)1908 275 700 (Milton Keynes)";;high;"Страница neonickel.com/alloys/nickel-alloys/alloy-230: «Applications of Alloy 230: Transition ducts on turbine engines; Combustion linings on turbine engines; Burner flame shrouds…»; «We stock Alloy 230 in a variety of product forms … including plate, round bar, sheet and welding wire», в таблице наличия лист от 0.29 мм. Страница /alloys/nickel-alloys/alloy-c263: «Applications of Alloy C263: Rings for gas turbine; Low-temperature combustors; Transition liners; Engine casings»; спецификации «…31/1 (MSRR7035), BS HR10», лист от 0.45 мм. Адрес со страницы Contact us: «NeoNickel Blackburn, UK +44 (0) 1254 582 999, Walker Industrial Park, Guide, Blackburn BB1 2QE»."
Neway Precision Works Ltd. (NewayAeroTech);Китай;Fenggang, Dongguan (Фэнган, Дунгуань), пров. Гуандун;литейка (монокристалл / направленная кристаллизация) + покрытия (TBC/плазма) + 5-осевая мехобработка;Единственный найденный игрок, который в одном месте заявляет и SX/DS-литьё лопаток, сопловых аппаратов (NGV) и охлаждаемых деталей горячей части, и НАНЕСЕНИЕ ТЕРМОБАРЬЕРНЫХ ПОКРЫТИЙ на сопловые лопатки. Список сплавов — CMSX-2/3/4/6/7/8/10/11, Rene N5/N6, PWA 1480/1484, TMS, DD6 (поколения 1–5 монокристаллов). Заявляют «power generation turbine parts», но конкретных платформ (Siemens SGT, GE Frame) на сайте нет — это, скорее, контрактный производитель по чертежу/образцу, а не носитель конструкторской документации по SGT-400.;https://www.newayaerotech.com;clyde.he@newayprecision.com;+86 189 2678 8217;Clyde He;med;"Страница newayaerotech.com/services/single-crystal-casting: компания Neway Precision Works Ltd., No.3 Lefushan Industry West Road, Fenggang, Dongguan 523000; контакты clyde.he@newayprecision.com, +8618926788217; «turbine blades, vanes, nozzle guide vanes, and hot-section components», полный цикл SX: part review → wax pattern → ceramic shell → grain selector → directional solidification → heat treatment → machining → inspection. Отдельный кейс: «Plasma Thermal Barrier Coating for High-Temperature Alloy Turbine Vanes». Явного упоминания Siemens SGT / GE Frame на странице НЕТ — отсюда confidence med, а не high."
Nippon Yakin Kogyo Co., Ltd. (日本冶金工業);Япония;"Tokyo (головной офис, Chuo-ku); заводы Kawasaki и Oheyama";завод (производитель листа и полосы из жаропрочных сплавов);Японский источник листа-аналога Hastelloy X: марка NASHX соответствует UNS N06002. В линейке жаропрочных также NASH38X (N08120), NAS600 (N06600), NAS601 (N06601), NAS625 (N06625). Профиль компании прямо описан как производство «жаропрочных сплавов и листов, плит и полос (в рулоне) из высоконикелевых сплавов» — то есть это именно прокатчик листа под сварные жаровые трубы и transition piece, а не трейдер. Альтернатива Haynes/VDM при закрытых европейских каналах.;https://www.nyk.co.jp/en/;не найдено (только веб-форма запроса);+81-3-3272-1511 (факс +81-3-3272-1800);;med;Страница nyk.co.jp/en/products/alloys.html, раздел «Heat Resistant Alloys»: перечень марок «NASH330 (N08330) NAS800 (N08800) NAS800H/NAS800T (N08810/N08811) NASH840 NASH880 NAS600 (N06600) NAS601 (N06601) NASH38X (N08120) NASHX (N06002)» — то есть N06002 = Hastelloy X. Профиль (nyk.co.jp/en/about/introduction.html): «…heat-resistant alloys and high nickel alloy steel sheets, plates and strips (in coil form) and forgings and processed products». Адрес: «San-ei Bldg., 1-5-8 Kyobashi, Chuo-ku, Tokyo 104-8365 Japan, TEL: +81-3-3272-1511». Прямого упоминания камер сгорания ГТУ на сайте нет — отсюда med, а не high.
Oerlikon Metco;Швейцария / Китай / глобально;"Wohlen (Швейцария, HQ); Shanghai (сервисный центр покрытий в Китае)";покрытия — сеть сервисных центров + поставщик порошков и оборудования;"Мировой стандарт по материалам для термобарьерных покрытий (YSZ) и MCrAlY-порошкам плюс собственная сеть Coating Services, куда можно отдать детали по кооперации. Прямо выделяют 'Combustion Applications' — металлические детали камеры сгорания, работающие до 1300 °C, защищаются напылённым MCrAlY-подслоем и YSZ-топслоем; отдельный раздел 'Blades and Vanes'. Процессы: APS, HVOF, ChamPro (плазма в контролируемой атмосфере, аналог LPPS для MCrAlY), дуговое и газопламенное напыление, плюс механическая обработка деталей после напыления и анализ механизмов износа/коррозии. Шанхайская площадка заявлена как Coating Services + Centre of Competence + Field Services — рабочий азиатский вариант по цене и логистике.";https://www.oerlikon.com/metco/en/products-services/coating-services/;;+86 139 1859 0845 (Shanghai);;med;"Страница /products-services/coating-services/ перечисляет процессы HVOF, Combustion Wire Spray, Electric Arc Wire Spray, Atmospheric Plasma Spray (APS), Controlled Atmosphere Plasma Spray (ChamPro), а также 'Problem analysis of wear mechanisms, corrosion mechanisms, production methodology and repair techniques' и обработку деталей; в разделах рынков присутствуют 'Combustor Applications' и 'Blades and Vanes'. На странице /markets/aerospace/combustor-applications/: детали камеры сгорания работают до 1300 °C и 'Thermal sprayed MCrAlY bond coats and Yttria-Stabilized Zirconia (YSZ) topcoats protect critical turbine parts'. На /about-us/locations/ площадка Shanghai, China помечена как 'Coating Services, Centre of Competence, Customer Solutions Center, Field Services, Main Office', тел. +86 13918590845."
PTC Industries Ltd. / дочерняя Aerolloy Technologies Ltd.;Индия;Lucknow, Uttar Pradesh;литейка (точное литьё жаропрочных сплавов и титана), в т.ч. монокристалл и НК;Единственная в Индии литейка, освоившая МОНОКРИСТАЛЛИЧЕСКОЕ (SC) и направленно-кристаллизованное (DS) литьё лопаток и сопловых лопаток — прямо заявлено «used in aero-engines and industrial gas turbines». Плюс завод титана и жаропрочных сплавов (Strategic Materials Technology Complex, ~1000 крор рупий, 50 акров, >6000 т/год) — то есть контролируют и материал, и отливку. Релевантны как источник заготовок/отливок рабочих и сопловых лопаток горячей части SGT-400 при локализации с нуля. Камеру сгорания и горелки не делают.;https://www.ptcil.com;sales@ptcil.com;+91 522 711 1017;;high;Пресс-релиз самой компании (ptcil.com/PDF/Investors/press-releases/2024/): «PTC Industries Limited, through its subsidiary Aerolloy Technologies Limited, has developed advanced casting technology for manufacturing Single Crystal and Directionally Solidified blades and vanes used in aero-engines and industrial gas turbines», единственная такая компания в Индии. Пресс-релиз PIB (правительство Индии, PRID 2180722) об открытии завода титана и суперсплавов в Лакхнау. Долгосрочное соглашение о поставках с Honeywell Aerospace, заказ GTRE на монокристаллические лопатки. Контакты — со страницы ptcil.com/ContactUs, адрес NH-25A, Sarai Sahjadi, Kanpur Road, Lucknow-226401.
Patented Systems, Inc. (PSI);США (полевые работы по Латинской Америке: Аргентина, Эквадор, Мексика, Венесуэла);Кэти / Хьюстон, Техас;завод aftermarket-запчастей (non-OEM) для Ruston + сервис;Самый прямой попадающий в линейку производитель aftermarket-деталей для Ruston Gas Turbines — прямых предков SGT-100/200/300/400. Специализация: серии TA и TB (TB3000, TB4000, TB5000, TB5400) и Typhoon. Каталог разделён на Type A (универсальные), Type B (от назначенных изготовителем поставщиков) и Type C — 'изготовлены PSI по оригинальным спецификациям либо перепроектированы PSI', то есть полноценный обратный инжиниринг деталей Ruston. Есть готовый продукт по камере сгорания/зажиганию: ретрофит-система зажигания для Ruston TB5000, дуплексные термопары. Ремонт, сервис и апгрейды в собственном цехе в Хьюстоне и на площадке заказчика. Полевой персонал имеет опыт работы в Аргентине, Эквадоре, Мексике и Венесуэле — то есть доступ к латиноамериканскому парку Ruston/SGT.;https://patented-systems.com/;"psi@patented-systems.com; info@patented-systems.com";+1 281 352 8588 (факс +1 501 694 3080);Simon Jackson, President (US office);med;"Сайт patented-systems.com: 'aftermarket manufacturer for Ruston Gas Turbines (RGT), TA and TB series engines', 'comprehensive line of parts, products, repairs, service, technical information and surplus equipment'; раздел TB Series — апгрейды TB3000/TB4000/TB5000/TB5400; PDF 'Retrofit Ignition System for Ruston TB5000 Gas Turbines'; классификация Type C — 'Manufactured by PSI to original specifications or redesigned by PSI'; на сайте прямо указан международный опыт персонала 'Argentina, Canada, Ecuador, Mexico, Nigeria, Oman, U.S.A., Venezuela'. Адрес 25923 Tina Lane, Katy, TX 77494, тел. (281) 352-8588 — из открытой выдачи по сайту компании. Юрисдикция США, не ЛатАм → high по релевантности линейке, med по сегменту."
Plasma Spray Processors;Индия;Mumbai;покрытия — независимый цех напыления (job work);"Индийский подрядный цех термического напыления, работающий по деталям заказчика без минимальной партии — потенциально самый дешёвый вариант нанесения по кооперации. Заявлены плазменное напыление, HVOF, карбид-вольфрамовые покрытия, термобарьерное покрытие, порошковое газопламенное и дуговое напыление; отдельно указано восстановление изношенных деталей ('remanufacture your old parts and put them back in production'). В отраслевом списке 'Power Plants' названы лопатки турбин. MCrAlY и диффузионное алитирование на сайте НЕ подтверждены — по камере сгорания SGT-400 подходит скорее как резервный/бюджетный вариант под простые позиции, требует аудита и подтверждения аттестации перед любым заказом.";https://www.plasmaspray.co.in/;не найдено (на сайте адрес замаскирован);"+91 98207 18722; +91 98202 31088";;low;Сайт заявляет 'Plasma Spray Coating, Tungsten Carbide Coating, and HVOF Coating', дополнительно термобарьерное покрытие, порошковое газопламенное и дуговое напыление. В отраслевом разделе Power Plants перечислены 'Boiler tubes, piston rods, pump sleeves, turbine blades'. Условия работы: 'No minimum order requirements', предложение 'remanufacture your old parts and put them back in production'. Телефоны +91 9820718722 / 9820231088. Оговорка: MCrAlY, алитирование, аттестации (Nadcap/EN9100) и точный адрес на открытых страницах не подтверждены — низкая достоверность.
PowerTech (Turbine Parts) B.V.;Нидерланды;Waalwijk (склад — Nieuwkuijk);независимый поставщик ЗИП ГТУ (non-OEM);Специализация именно на малых/средних промышленных ГТУ Siemens. По SGT-600 заявляют ПОЛНУЮ номенклатуру, включая камеры сгорания (combustion chambers), рабочие и сопловые лопатки, крепёж, прокладки и вспомогательное оборудование. По SGT-400 — лопатки и сопловые аппараты 1–2 ступеней. Также SGT-700, SGT-800 и V94.2 (для V94.2 — жаровые трубы flame tubes и тепловые экраны heat shields). Ближайший к нам по логистике европейский канал по камерам сгорания линейки SGT.;https://powertechnl.com;info@powertechnl.com;+31 6 53 35 78 87;;high;"Сайт powertechnl.com: «specialized in the Siemens SGT600 for which we can offer ALL components ranging from combustion chambers, turbine blades and vanes to locking materials, gaskets and auxiliary equipment»; отдельные разделы по SGT400 (blades & vanes stage 1-2), SGT700, SGT800, V94.2 (compressor and turbine blades/vanes, casings, flame tubes, heat shields). Контакты: офис Henegouwenlaan 14, NL-5144 EE Waalwijk; логистика Turfsteker 6, NL-5253 RL Nieuwkuijk; тел. +31 (0)6 53 35 78 87, INFO@POWERTECHNL.COM."
Precision Asset Solutions Pvt. Ltd. (PASPL);Индия;Gurugram, Haryana (регистрация — New Delhi), офисы Mumbai / Hyderabad / Ahmedabad / Assam / Orissa;трейдер ЗИП ГТУ (OEM и аналоги);"Заявляет поставку по всей Индии компонентов горячей части и камеры сгорания для Siemens и GE: жаровые трубы (combustion liners), transition pieces, ТОПЛИВНЫЕ ФОРСУНКИ (fuel nozzles) и элементы систем зажигания (igniter components), а также рабочие лопатки, сопловые лопатки, диски компрессора, уплотнения и элементы охлаждения. Подходит как канал закупки/логистики по SGT-линейке; собственного производства нет, конкретных чертежей SGT-400 не подтверждено.";https://precisionasset.in;info@precisionasset.in;"+91 96674 22319; +91 124 4506567";;med;"Собственный сайт precisionasset.in/gas-turbine-spares/: перечень «Combustion liners, transition pieces, fuel nozzles, and igniter components», а также «Rotor blades, vanes, and compressor discs», «Sealing and cooling components», работа по «major manufacturers including Siemens and GE», поставка «both OEM and compatible parts». Адреса: рег. — Plot no. 84, Dwarka Sector 13, New Delhi-110078; корп. — 6th Floor, Plot No. 14A, Sector-18, Maruti Industrial Complex, Gurugram 122015."
RTP POWER SE;Чехия;Praha (плюс офис в Лондоне и точка в ОАЭ);независимый поставщик ЗИП / трейдер-производитель (non-OEM);Прямое попадание по линейке: заявляет поставку ЗИП для Siemens SGT-100, SGT-200, SGT-300, SGT-400 и «Ruston-designed turbines», а также Westinghouse TA1750/TB5000, GE MS3002/MS5001/MS5002/MS6001/MS9001. Позиционирование — «Manufacturing and distributing spares from fasteners and consumables, through capital hot section, compressor and combustion parts», то есть капитальные детали горячей секции и камеры сгорания. Европейская юрисдикция (SE, Прага) — удобнее для контрактования, чем Азия.;https://rtppower.com;sales@rtppower.com;;;med;"Сайт rtppower.com: раздел поддерживаемых машин — «Siemens: SGT-100, SGT-200, SGT-300, SGT-400», Ruston-designed turbines, GE MS-серия, Westinghouse TA1750/TB5000. Описание бизнеса в выдаче: «Manufacturing and distributing spares from fasteners and consumable, through capital hot section, compressor and combustion parts». Контакты на сайте: RTP POWER SE, Plynární 1617/10, 170 00 Praha, Czech Republic; UK: 601 International House, 223 Regent Street, London W1B 2QD; UAE: Ajman Free Zone. Телефон на сайте не опубликован, только email и форма — отсюда confidence=med."
Rapid Precision Castings (DDM Systems, Inc.);США;Atlanta, Georgia;литейка (точное литьё по выплавляемым моделям, монокристалл/DS) + ремонт суперсплавов;"Независимая литейка горячей части: отливают ЛОПАТКИ турбины, СОПЛОВЫЕ АППАРАТЫ (nozzle guide vanes), ТОПЛИВНЫЕ ФОРСУНКИ (fuel nozzles), детали камеры сгорания (combustion hardware), бандажи (shrouds) и корпуса для наземной энергетики (в т.ч. водородно-готовые и парогазовые установки). Сплавы: CMSX-4, René N5, René 141, René 80; монокристаллическое и направленно-кристаллизованное литьё; отливка плёночных отверстий охлаждения и внутренних каналов ПРЯМО В ФОРМЕ (без последующей прошивки). Отдельно — ремонт повреждённых деталей из суперсплавов по технологии SLE. Наиболее интересны как источник NGV и лопаток для SGT-400 при локализации по образцу; технология литья в форму с каналами снижает стоимость малых партий.";https://rapidprecisioncastings.com;support@rapidprecisioncastings.com;+1 470-225-6987;;med;"Страница rapidprecisioncastings.com/industrial-gas-turbine-parts-component-repair-precision-casting/: перечислены turbine blades, nozzle guide vanes, fuel nozzles, combustion hardware, shrouds, casings; «hot gas path components for natural gas, hydrogen-ready, and combined-cycle power facilities»; сплавы CMSX-4, René N5, René 141, René 80; компоненты «with cast-in film cooling holes and internal passages»; ремонт по SLE. Контакты со страницы: «1876 Defoor Ave NW, Suite 3, Atlanta, GA 30318, USA», «470-225-6987», «support@rapidprecisioncastings.com», Пн-Пт 8:00-17:00. Из партнёров назван только GE Vernova (совместная работа + финансирование ARPA-E) — конкретных моделей Siemens нет, отсюда med."
Remazel Engineering S.p.A.;Италия;Chiuduno (BG);завод (сварные конструкции из жаропрочных сплавов);Исторический производитель камер сгорания промышленных ГТУ: производство Hot Gas Path Components для «combustion sector», сварка и мехобработка деталей из никелевых и кобальтовых сплавов, включая квалификацию изделия, испытания/валидацию и изготовление оснастки. Именно тот тип подрядчика, который делает корпус камеры сгорания, жаровую трубу и обечайки для OEM. Прямых упоминаний SGT-400 нет — нужно уточнять запросом.;https://remazel.com;не найдено (только форма на remazel.com/contact/);+39 035 0693111 (факс +39 035 687823);Paolo Zani (Managing Director / CEO);med;"Каталожное описание Remazel: «the production of Hot Gas Path Components for the COMBUSTION SECTOR, with specific application on GAS TURBINES»; профиль компании — «50 years of experience in GT combustion chambers, including product qualification, testing & validation, and tooling design and production». Отраслевая публикация (Fabbrica Intelligente): управляющий директор Paolo Zani, компания делает «le parti calde delle turbine a gas», компоненты «realizzati in leghe di nichel e di cobalto». Реквизиты из подвала remazel.com: Via Portici Manarini, 41/A, 24060 Chiuduno (BG), VAT 01023830167; юрадрес Via C.O. Cornaggia 10, Milano. Внимание: сайт сейчас сильно смещён в offshore/wind — раздел GAS TURBINE остался в меню Energy Solutions, но подстраницы отдают 403 для внешних запросов."
Rolled Alloys, Inc.;США;"Maumee (Toledo), Ohio; склады Cincinnati, Chicago, Houston, Los Angeles, Richburg SC, Tampa, Tulsa, Windsor CT";сервисный металлоцентр с резкой (лист + раскрой);Складской поставщик Alloy X (Hastelloy X) и Alloy 230 (Haynes 230) в листе и плите, у которого в карточках товара применения указаны прямо: combustion liners и transition ducts. Дополнительно — собственная обработка: лазерная и гидроабразивная резка, правка рулона, разделка кромок плиты, комбинированный лазер/пресс. Это позволяет получить не просто лист, а раскроенные заготовки под сварку жаровой трубы / transition piece, что снимает часть работы с изготовителя.;https://www.rolledalloys.com;"onlinesales@rolledalloys.com; help-tech@rolledalloys.com (металлургическая техподдержка)";"+1 800-521-0332; местный +1 419-330-8555";;high;"Карточка rolledalloys.com/products/nickel/alloy-x/: «UNS: N06002, W. NR.: 2.4665, AMS: 5536, 5754 … APPLICATIONS: Combustion liners, Turbine exhaust components, Aircraft cabin heaters, Transition Ducts. COMMON TRADE NAMES: Hastelloy® X»; формы — «Plate, Round Bar, Sheet». Карточка /products/nickel/alloy-230/: «UNS: N06230, AMS: 5878 … APPLICATIONS: Transition ducts on turbine engines, Combustion linings on turbine engines, Furnace retorts, Flame shrouds. COMMON TRADE NAMES: Haynes® 230»; форма — Sheet. Раздел возможностей: «Laser Cutting, Waterjet Cutting, Coil Leveling, Plate Beveling, Laser/Punch Combo». Контакты со страницы /contact/: «Toledo, OH — 6630 Monclova Rd. Maumee, OH 43537, Phone: 800-521-0332, Local Phone: 419-330-8555; Email: onlinesales@rolledalloys.com; Metallurgical Services: help-tech@rolledalloys.com»."
Special Metals Corporation / Special Metals Wiggin Ltd (группа PCC);США / Великобритания;"Huntington, West Virginia (США); Hereford (Великобритания)";завод (металлургический комбинат спецсплавов);"Владелец и первоисточник марки NIMONIC 263 — сплава, специально созданного как ЛИСТОВОЙ материал для сварных камер сгорания газовых турбин; это ключевой материал жаровых труб и transition piece британской школы (Ruston/Alstom Cyclone → SGT-400, Typhoon → SGT-100, Tornado → SGT-200). Также NIMONIC 75 (BS HR5/HR203), NIMONIC 80A/90, INCONEL 617 и 625 в листе, полосе и плите. Британская площадка Wiggin (Hereford) исторически поставляла Nimonic именно для Rolls-Royce/Ruston.";https://www.specialmetals.com;;"+1 304 526-5100; +1 800 334-4626 (Huntington, WV); +44 (0)1432 382200 (Wiggin, Hereford)";;high;"Технический бюллетень с сайта (specialmetals.com/documents/technical-bulletins/nimonic-alloy-263.pdf): «NIMONIC alloy 263 (UNS N07263/W. Nr. 2.4650), an air melted nickel-base alloy, was developed by Rolls-Royce (1971) Ltd. to provide a SHEET MATERIAL which could be readily fabricated and would offer improved ductility in WELDED ASSEMBLIES to replace NIMONIC alloy 80A»; там же «flash-butt welding is used for the manufacture of gas turbine rings» и режимы термообработки отдельно для hot-rolled sheet и cold-rolled sheet. Адреса из того же PDF: «Special Metals Corporation, 3200 Riverside Drive, Huntington, WV 25705-1771, Phone +1 (304) 526-5100 / +1 (800) 334-4626»; «Special Metals Wiggin Ltd., Holmer Road, Hereford HR4 9SL, Phone +44 (0) 1432 382200»."
Taiyuan Simis Investment Casting Co., Ltd (太原西米斯精密铸造);Китай;Тайюань, пров. Шаньси — 8th Floor, Block A, Ruijie Tech Mansion, Hi-Tech Industry Development Zone, Taiyuan;литейка (вакуумное литьё по выплавляемым моделям);Специализированная литейка по СОПЛОВЫМ АППАРАТАМ (nozzle guide vanes) — у них это выделено в отдельную товарную позицию с описанием функции NGV как соплового венца турбины. Дополнительно: сопловые кольца (nozzle rings), лопатки газовых и паровых турбин, рабочие колёса турбин и компрессоров. Сплавы прямо перечислены: никелевые и кобальтовые жаропрочные — Inconel 713C, Inconel 713LC, Inconel 718, K418, K213. Технология — вакуумное литьё по выплавляемым моделям, что нужно для полых охлаждаемых NGV. Практичный кандидат под сопловой аппарат 1-й ступени SGT-400 / SGT-300 по образцу или чертежу. Контакты опубликованы открыто, компания экспортно-ориентирована (англоязычный сайт, домен investment-casting.biz).;https://www.simis-casting.com/;market@investment-casting.biz;+86-186-3510-8523;;med;"Страница simis-casting.com/lost-wax-investment-casting/superalloy-casting/nozzle-guide-vane.html: NGV описаны как «stator blades of a turbine», которые «direct the airflow onto the turbine blades while at the same time converting pressure energy into kinetic energy». Материалы: «Nickel base high temperature alloy, cobalt base superalloy», марки Inconel 713C / 713LC / 718, K418, K213; процесс — vacuum investment casting. Адрес, телефон и e-mail опубликованы на сайте. Оговорка (почему med): референсов по конкретным промышленным ГТУ Siemens/Ruston на сайте не приведено — нужен запрос на подтверждение опыта по SGT-линейке."
Technoparts LLC (Technoparts Hardware LLC);ОАЭ;Абу-Даби (Musaffah);поставщик ЗИП / рефёрбишмент горячей части;Специализация прямо заявлена по трём OEM: General Electric, Siemens, Ruston (Ruston — прямой предок линейки SGT-400/Cyclone). Номенклатура: combustion liner, transition pieces, crossfire tubes, свечи зажигания, а также buckets/blades/nozzles/vanes/shrouds горячей и компрессорной секций. Заявлен рефёрбишмент компонентов камеры сгорания. Конкретные модели SGT на сайте не указаны — надо запрашивать по чертежу MW21215M / MW22316B.;https://www.technopartsllc.com/;"tpl@technopartsllc.com; Sales@technopartsllc.com; Hassan@technopartsllc.com";"+971 2 550 1052; хотлайн +971 50 137 7131";Hassan (Hassan@technopartsllc.com);med;На technopartsllc.com указано: «parts for General Electric, Siemens, Ruston gas turbines», номенклатура «combustion liner, transition pieces, spark plug and crossfire tube», плюс «buckets, blades, nozzles, vanes and shrouds from hot and compressor sections». Компания основана в 2011 г. Адрес: Office No. B6, Sheikh Faisal Bin Sultan Bldg, Musaffah M14, Abu Dhabi 112375. Модели Siemens (SGT-100/200/300/400) на сайте не детализированы — отсюда med.
Turbine Casting SAS;Франция;Le Creusot (Bourgogne);литейка (вакуумное литьё по выплавляемым моделям, жаропрочные сплавы);"Редкий актив для локализации: позиционирует себя как единственное в Европе НЕЗАВИСИМОЕ литейное производство по выплавляемым моделям, отливающее рабочие и сопловые лопатки для ПРОМЫШЛЕННЫХ газовых турбин (не только авиа). Ключевая компетенция — вакуумное литьё жаропрочных сплавов; делает blades и nozzles для многих OEM. Это ровно тот передел, которого не хватает при локализации соплового аппарата (NGV) и лопаток SGT-400 — металлургию можно закрыть здесь, а покрытие в Lincotek/ATLA.";https://www.turbine-casting.com;contact@turbine-casting.com;+33 3 85 77 14 36;;med;"Сайт turbine-casting.com: «the only European independent investment casting (lost wax casting) active in casting of blades and vanes for industrial gas turbines», ключевая компетенция — «Vacuum casting of superalloy», «make blades and nozzles for many OEMs», площадка «close to General Electric and Safran». Контакты: 265, Allée Emiland Gauthey, 71200 LE CREUSOT, France; тел. +33 (0)3 85 77 14 36; contact@turbine-casting.com; пн-пт 8:00-17:00. Конкретные модели ГТУ (Siemens SGT) на сайте не названы — отсюда confidence=med."
Turbine Group S.A.;Аргентина;Неукен (Neuquén) — офис и собственный механический цех;независимый сервис MRO + механообработка и изготовление деталей турбин;"Профильный независимый сервис ГТУ и ПТ с 1995 г. в нефтегазовом центре Аргентины (Вака-Муэрта). Заявляют прямо по горячей части: 'Inspección de Combustores' (инспекция камер сгорания) и 'Turbine Inspection — Hot Gas Path' (инспекция горячего тракта). Отдельное направление — 'Fabricación, reparación y mecanizado de piezas de turbina' (изготовление, ремонт и механообработка деталей турбин) в собственном цехе. Опыт по оборудованию General Electric, Westinghouse, Mitsubishi и Siemens; обслуживают ТЭС в нескольких странах. Сертификация ISO 9001 / 14001 / 45001. Конкретные модели SGT/Ruston на сайте не перечислены — проверять запросом.";https://www.turbinegroup.com.ar/;info@turbinegroup.com.ar;"+54 299 430 6857 (офис); +54 299 442 9077 (цех); WhatsApp +54 9 297 247 4765";;med;"Сайт turbinegroup.com.ar, раздел 'Servicio técnico de turbinas': перечислены 'Inspección de Combustores' и 'Inspección de Turbina / Turbine Inspection - Hot Gas Path'; упомянут опыт по 'General Electric, Westinghouse, Mitsubishi and Siemens'; отдельная страница 'Mecanizados y fabricación de piezas' — 'Fabricación, reparación y mecanizado de piezas de turbina'. Контакты с сайта: офис 'Santamaria Nº 373, Neuquén' тел. (299) 4306857; цех 'San Martín Nº 1534, Neuquén' тел. (299) 4429077; info@turbinegroup.com.ar; WhatsApp +549 297 247-4765; работа с 1995 г., ISO 9001/14001/45001. Привязка к SGT-400 не подтверждена → med."
Turbine Services, Ltd. (TSL) — ВНИМАНИЕ: с мая 2025 в составе EthosEnergy;США;Saratoga Springs, New York (41 Old Gick Road);независимый (non-OEM) производитель ЗИП, ныне дочерняя структура EthosEnergy;Пионер рынка non-OEM ЗИП для ГТУ с 1972 г., крупнейший в США полнономенклатурный поставщик деталей к турбинам GE. В каталоге по Westinghouse есть отдельные разделы Combustion, Vane Segments, Blades, Fuel Nozzle Components — то есть горячая часть и горелочные компоненты. Собственный инжиниринг и производство (разделы Product Engineering, Product Manufacturing, Patents), пакет Service Life Plus (SL+) — переработанные комбустионные детали с увеличенным ресурсом. Склад >110 000 позиций. Линейка Siemens SGT-400/Ruston НЕ покрывается (только GE Frame 3/5/6/7/9 и Westinghouse W191/W251/W501) — брать как технологического партнёра по горячей части, не как поставщика готовых MW21215M.;https://www.turbineservices.com;sales@turbineservices.com;+1 518.583.6191;;med;"Главная turbineservices.com: «sales@turbineservices.com», «(+1) 518.583.6191», меню Products → GE Gas Turbines (Frame 3/5/5NT/5 two-shaft/6/7/9), Westinghouse Turbines → Seal Rings, Rotor Hardware, Combustion, Vane Segments, Blades, Compressor, Fuel Nozzle Components; «110,000+ Stock Items», «1000+ Customers in over 75 Countries». Адрес по справочникам: 41 Old Gick Road, Saratoga Springs, NY 12866. ОГОВОРКА по правилу 5: в мае 2025 EthosEnergy (в стоп-листе) объявила о приобретении TSL — юрлицо и площадка сохранены, но конечный владелец теперь EthosEnergy; контакты приведены новые, отдельные от Ethos."
Turbinetech GmbH;Германия;Nettetal (Nordrhein-Westfalen);инженерная компания / производитель эквивалентных деталей (non-OEM);Делает «equivalent parts» (неоригинальные аналоги) для горячей части ГТУ: combustion liners, transition pieces, hot gas path components. В матрице поддерживаемых машин прямо стоит Siemens SGT-600 (= GT10, родственник линейки SGT-400), а также Siemens V94.2, V93.0/V93.1, GE MS5001/MS5002/MS6001B/MS7001/MS9001E, MHI 701B/701D, ABB 13D/13E2, Зоря-Машпроект UGT25000/ДУ80. Заявляют 3D-моделирование, реверс-инжиниринг, прецизионное производство и измерения — то есть готовы работать по образцу. Также оказывают услуги CI/HGPI/Major Overhaul. Работают через сеть производителей Западной Европы (сами не OEM).;https://turbinetech.de;info@turbinetech.de;+49 2157 1265132;;med;"Сайт turbinetech.de: перечень OEM/моделей включает «Siemens: V94.2, V93.0 & V93.1, SGT 600»; описание — производство компонентов для gas turbines в power generation / oil & gas, услуги «3D Modelling & Design, Precision Manufacturing, Measurement & Inspection», а также «Combustion Inspection (CI), Hot Gas Path Inspection (HGPI) and Major Overhaul (MO) for your gas turbine fleet». Профиль LinkedIn компании: производит combustion liners и transition pieces (в т.ч. для MHI 701D, ABB/BBC GT13E2). Адрес: Zillessen-Allee 2, 41334 Nettetal, тел. +49 2157 1265132. Важно: сами себя позиционируют как инжиниринг + сеть поставщиков, а не как собственный завод."
Turboaleaciones S.A. de C.V.;Мексика;"Ла-Пьедад, Мичоакан (штаб/цех); полевой центр CISOP — Вильяэрмоса, Табаско";покрытия / ремонт горячей части / независимый сервис MRO;Прямо заявляют работу по горячей части промышленных ГТУ: 'Mantenimiento de partes calientes' (обслуживание горячих деталей) и 'Modernización de sistemas de combustión' (модернизация систем сгорания) — это ровно профиль камеры сгорания / жаровых труб / горелок SGT-400. Также нанесение покрытий на холодную и горячую секцию, обслуживание роторов, бороскопические инспекции, динамическая балансировка. Компания создана в 2010 г. под спрос энергетического и нефтегазового сектора Мексики. Конкретные модели SGT на сайте не перечислены — нужен запрос на SGT-400 / MW21215M и DLE-горелку MW22316B.;http://turboaleaciones.com/;"ventas@turboaleaciones.com; contacto@turboaleaciones.com";"+52 352 526 9004 (Ла-Пьедад); +52 993 315 4704 (CISOP, Вильяэрмоса)";;med;"Сайт turboaleaciones.com: разделы услуг 'Mantenimiento de partes calientes', 'Modernización de sistemas de combustión', 'Recubrimientos' для 'sección fría y sección caliente', 'Mantenimiento de Rotores', бороскопия, динамическая балансировка. Контакты с сайта: 'Boulevard Adolfo López Mateos No. 629, La Piedad, Michoacán 59350'; тел. +52 (352) 526 90 04; ventas@ / contacto@turboaleaciones.com; полевой центр CISOP в Вильяэрмосе, тел. +52 (993) 315-47-04. Год основания 2010, Ла-Пьедад — подтверждено поисковой выдачей по мексиканским отраслевым источникам. Привязка к SGT-400 не заявлена явно → med."
Turbomáquinas, S.A. de C.V.;Мексика;Ла-Пьедад, Мичоакан;завод / реверс-инжиниринг и изготовление компонентов + MRO;Изготовление компонентов турбин и компрессоров по реверс-инжинирингу с химическим анализом материала — то есть способны воспроизвести деталь по образцу (релевантно для жаровой трубы, форсунок, деталей камеры сгорания при наличии образца MW21215M/MW22316B). Восстановление центробежных и осевых компрессоров и паровых турбин мощностью до 678 МВт. Позиционируют себя как 'ведущее предприятие Латинской Америки' по производству и обслуживанию турбомашин. Соседнее предприятие с Turboaleaciones (тот же бульвар в Ла-Пьедад) — вероятно, одна группа: связка 'механообработка + покрытия/горячая часть'.;https://turbomaquinas.com/;ventas@turbomaquinas.com;"+52 352 522 0820; 1-800-7135-300";;med;"Сайт turbomaquinas.com: услуги 'Rehabilitación' (реконструкция центробежных/осевых компрессоров и паровых турбин до 678 МВт), 'Servicios de mantenimiento' и 'Partes' — с прямым указанием на 'ingeniería inversa y análisis químico' для изготовления компонентов турбин и компрессоров; в примерах проектов упомянуто оборудование Mitsubishi, Siemens, Sulzer. Адрес с сайта: 'Boulevard Adolfo López Mateos 653, La Piedad, Michoacán 59350'; тел. +52 (352) 522 0820; ventas@turbomaquinas.com. Профиль смещён в сторону паровых турбин и компрессоров, ГТУ-горячая часть явно не заявлена → med."
Unisys Middle East & Africa FZE (Unisys Group);ОАЭ;Аджман (офисы: Дубай, Бахрейн, Саудовская Аравия, Пакистан);трейдер / поставщик ЗИП и рефёрбишмента;"Поставляют горячую часть ГТУ: turbine blades, turbine nozzles, combustion liners, transition pieces, fuel nozzles, turbine seals; предлагают рефёрбишмент компонентов горячей секции (buckets, chambers, nozzles). Заявлена работа по Siemens, GE, Alstom/ABB, MHI и покрытие рынка MENA включая Египет и Саудовскую Аравию. Ограничение: перечисленные модели Siemens — тяжёлый класс (SGT5/SGT6, V94.3A и т. п.), линия SGT-400 не заявлена; проверять готовность закрыть малый industrial-класс.";https://unisysgroup.ae/gas-turbine-trading-and-services;sales@unisysgroup.ae;+971 6 8814801;;med;На unisysgroup.ae/gas-turbine-trading-and-services указано: «Turbine Blades, Turbine Nozzles, Combustion liners, Transition Pieces, Turbine Seals, Fuel Nozzles» и рефёрбишмент компонентов горячей секции. Перечень Siemens ограничен тяжёлым классом: «SGT6-5000F (M501F/W501F), M701F, SGT6-6000G (W501G), SGT6-4000F (V84.3A), SGT5-4000F (V94.3A), SGT6-8000H», а также SGT6-3000E/2000E/1000F. SGT-400 в списке нет — поэтому релевантность по горелкам DLE под вопросом.
VDM Metals GmbH;Германия;Werdohl;завод (металлургический комбинат спецсплавов);"Европейский аналог Haynes: даёт полный набор листовых материалов горячего тракта под SGT-линейку — VDM Alloy X (2.4665 / N06002 / Nicrofer 4722 Co) в форме листа и плиты, ленты, прутка; VDM Alloy C-263 (2.4650 / N07263 / Nicrofer 5120 Co Ti) — прямой аналог Nimonic 263 для сварных камер сгорания; VDM Alloy 617 (Nicrofer 5520 Co) лист/плита/лента; VDM Alloy 188 (R30188, кобальтовый, для самых горячих зон). Плюс собственные сварочные проволоки VDM FM C-263 и VDM FM 617 — критично для сварки жаровых труб и transition piece.";https://vdm-metals.com;vdm@vdm-metals.com;;;high;"В разделе «Complete product range» (vdm-metals.com/en/products-and-services/alloys-and-semi-finished-products/complete-product-range) карточки: «VDM® Alloy X 2.4665 N06002 … Alternative designation(s) Nicrofer 4722 Co … Product form(s) Sheet and Plate, Strip, Rod and bar, Billet, Wire, Shapes»; «VDM® Alloy C-263 2.4650 N07263 … Nicrofer 5120 Co Ti»; «VDM® Alloy 617 2.4663 N06617 … Nicrofer 5520 Co … Product form(s) Strip, Sheet and Plate, Rod and bar, Billet, Recommended welding consumable(s) VDM® FM 617»; «VDM® Alloy 188 2.4683 R30188». Контакт со страницы Contact: «VDM Metals GmbH, Plettenberger Straße 2, 58791 Werdohl, Germany, vdm@vdm-metals.com»."
Weifang Boyuan Power Technology Co., Ltd. (潍坊博源动力科技有限公司);Китай;Anqiu, Weifang (Аньцю, Вэйфан), пров. Шаньдун;литейка (вакуумное литьё по выплавляемым моделям, кремнезоль);Отливает сопловые/направляющие аппараты (nozzle guide vane, stator vane), рабочие лопатки, сопловые кольца из жаропрочных сплавов. Прямо заявлены марки Inconel 738LC, IN713C, IN718, IN625 — сплавы горячей части ГТУ. Минимальная толщина пера 0,5 мм, шероховатость Ra 3,2. Кандидат на локализацию NGV малых/средних ГТУ (SGT-100/200/300/400) по образцу. Основной поток — турбонаддув и малые ГТД, промышленные ГТУ явно не заявлены.;https://www.boyuancasting.com;info@boyuancasting.com;+86 536 4650168;не найдено (на карточке указаны 3 сотрудника внешнеторгового отдела без имён);med;"Сайт boyuancasting.com (главная): «high temperature alloy lost wax vacuum casting parts, for example: turbine wheel, nozzle guide vane, turbine blade and guide vane, nozzle ring»; контакты на странице — info@boyuancasting.com, +86 536 4650168. Карточки товаров на boyuancasting.en.made-in-china.com: «Turbine Nozzle Guide Vanes of High-Temperature Alloy Investment Casting Gas», «Nickel Based In713c/718LC Lost Wax Casting Stator Vane», материалы Inconel 738LC / 713C / 718. Профиль компании: основана в 2018, Weifang Anqiu, ~140 км от порта Циндао."
Wirturbo;ОАЭ;Дубай;независимый сервис MRO / поставщик вращающегося оборудования;Заявленная мощность по капремонту ГТУ прямо включает SGT-100, SGT-200, SGT-300, SGT-400, SGT-600, SGT-800, а также Rustons, Centaur, T60, RR Avon. Инспекции и overhaul двигателей. Потенциальный подрядчик по разборке/дефектовке камеры сгорания и горелок SGT-400 в регионе, но номенклатура горячей части на сайте не расписана — требует прямого запроса.;https://wirturbo.com/;;"+971 54 796 8268; +971 4 828 2255";;med;На wirturbo.com в перечне охвата по капремонту: «Centaur, T60, RR Avon, Rustons, SGT-100, SGT-200, SGT-300, SGT-400, SGT-600, SGT-800». Позиционирование — «specialist provider of rotating equipments and parts», 15+ лет. Адрес: Business Center 1, M Floor, The Meydan Hotel, Nad Al Sheba, Dubai, PO Box 15384. WhatsApp по номеру +971 54 796 8268. Перечня деталей горячей части (liner, burner, transition piece) на сайте нет — отсюда med.
Завод «Турбодеталь» (в составе АО «Газэнергосервис», Газпром энергохолдинг);Россия;Наро-Фоминск, Московская обл. (головной офис — Москва);завод / литейка жаропрочных сплавов;Единственный найденный в РФ профильный производитель именно номенклатуры горячей части: в перечне продукции завода — камеры сгорания, жаровые трубы, горелки, сопловые аппараты и лопатки из жаропрочных сплавов (точное литьё). Головная АО «Газэнергосервис» прямо декларирует ремонт узлов ГТУ: камеры сгорания, жаровые трубы, горелки, сопловые аппараты, лопатки. Делают детали «как для импортного, так и для отечественного газотурбинного оборудования» — то есть кандидат №1 на локализацию MW21215M / MW22316B по образцу. В группе также заводы «Турборемонт» (Брянск), «РТО» (Щёкино), «Ротор» (Камышин).;https://www.turbonara.ru (завод) / https://www.gesturbo.ru (АО «Газэнергосервис»);"turbo@turbonara.ru; adm@gesturbo.ru";"+7 (4832) 66-82-02 (завод); +7 (495) 259-06-10 (АО «Газэнергосервис», Москва)";Таничев Александр (генеральный директор);high;"turbonara.ru: специализация — «точнолитые детали из жаропрочных сплавов для турбин газоперекачивающих агрегатов»; номенклатура — лопатки турбин, камеры сгорания, жаровые трубы, горелки, сопловые аппараты; адрес 143302, МО, г. Наро-Фоминск, ул. Погодина, 67; turbo@turbonara.ru. gesturbo.ru: «Производство запасных частей для ГПА, ремонт узлов ГПА и газотурбинных установок», адрес 117393, Москва, ул. Профсоюзная, 56, adm@gesturbo.ru. Внимание: телефон завода указан с кодом 4832 (Брянск) — уточнить при контакте."
ООО «АМКОР ГМБХ» (AMCOR);Россия;Казань (Респ. Татарстан);инжиниринг / реверс-инжиниринг ЗИП + сервис;Прямо заявляет работу по линейке Siemens SGT, включая капремонт SGT-400 и сервис горячей части SGT-600 (осмотр жаровых труб, сопловых аппаратов). Позиционирует «ремонт и реинжиниринг жаровых труб и камер сгорания», модернизацию систем сгорания (FlameSheet, LEC III) и поставку ЗИП методом обратного инжиниринга. По запросу серийных номеров готовят перечень OEM-компонентов и график работ — удобный формат для запроса по MW21215M / MW22316B/01.;https://amcor.ru (раздел amcor.ru/siemens-4);info@amcor.ru;+7 (800) 551-28-44;не найдено (учредители: АО «Амкор», Нугуманова Э.Н.);high;"Страница amcor.ru/siemens-4: услуги по турбинам Siemens — модернизация систем сгорания, «ремонт и реинжиниринг жаровых труб и камер сгорания», поставка ЗИП, сервис компонентов горячего газового тракта. По SGT-400: «Специалисты Amcor подготовят перечень OEM-компонентов и график» после получения серийных номеров. По SGT-600 — «проверка состояния жаровых труб, сопловых аппаратов». Реквизиты с сайта: ИНН 1655427282, КПП 168401001, ОГРН 1191690093198 (Казань); тел. +7 (800) 551-28-44, info@amcor.ru, Telegram @AMCORGMBH."
ООО «МС Системы Энергетика» (MC Energy);Россия;Москва;независимый сервис MRO / поставщик ЗИП;На сайте прямо перечислена вся линейка Siemens SGT-100 / 200 / 300 / 400 / 600 / 800 как обслуживаемое оборудование, плюс GE (LM1600/2500/6000, Frame) и Solar (Saturn, Centaur, Taurus, Mars). Заявлена поставка новых и восстановленных компонентов турбин и капитальный/восстановительный ремонт компонентов. Прямой кандидат на запрос по камере сгорания и DLE-горелке SGT-400. Сертификат ISO 9001, позиционирование «независимый поставщик».;https://mcenergy.ru;;+7 (499) 500-27-43, +7 (499) 500-27-45, +7 (499) 500-27-47;;med;"mcenergy.ru: список обслуживаемого оборудования включает Siemens SGT-100, SGT-200, SGT-300, SGT-400, SGT-600, SGT-800; разделы «капитальный ремонт» и «восстановительный ремонт компонентов»; поставка новых и восстановленных ЗИП, в т.ч. Brush, Flender Graffenstaden, Allen Gears, Lufkin. Адрес: 127572, Москва, ул. Угличская, д. 12, корп. 1, оф. 301, 303. E-mail на доступных страницах не опубликован (страницы /kontakty/ и /contacts отдают 404) — запрашивать по телефону."
ООО «Производственное предприятие Турбинаспецсервис» (Turbinaspetsservice);Россия;Уфа (Респ. Башкортостан);независимый сервис MRO / ремонт горячей части + реверс-инжиниринг;Профильный ремонтник горячей части ГТД: на сайте отдельные разделы «Ремонт лопаток газовых турбин» и «Ремонт элементов камеры сгорания», а также «Реверсивный инжиниринг и изготовление запасных частей». Работают по турбинам «отечественного и импортного производства» для энергетики и газотранспорта. Потенциально закрывают жаровую трубу / элементы камеры сгорания MW21215M и детали горелки DUAL DLE MW22316B/01 по образцу. Конкретно SGT-400 на сайте не назван — нужен запрос с чертежами/образцом.;https://turbinass.ru;info@turbinass.ru;+7 (347) 292-76-18;;high;"Сайт turbinass.ru: «ведущее инновационное предприятие в области сервиса газотурбинных двигателей»; в меню услуг — ремонт лопаток газовых турбин, ремонт элементов камеры сгорания, щёточные уплотнения, реверсивный инжиниринг. Юр. лицо ООО «ПП Турбинаспецсервис», адреса: г. Уфа, ул. Шота Руставели, 49 и ул. Юбилейная, 5; тел. +7 (347) 292-76-18, info@turbinass.ru (подтверждено в справочниках)."
ООО «Технологические системы защитных покрытий» (ТСЗП / TSPC);Россия;Москва, г. Щербинка;покрытия (термобарьерные, жаростойкие) + восстановительный ремонт;Профильный подрядчик по покрытиям деталей горячего тракта: термобарьерные покрытия (TBC), плазменное напыление APS, лазерная наплавка, полный технологический цикл по лопаткам и жаровым трубам (combustor liner). Нужен как передел для локализации камеры сгорания MW21215M и деталей DLE-горелки — без TBC/жаростойкого покрытия деталь нерабочая. Связь с SGT-400 напрямую не подтверждена, но по классу деталей соответствие прямое.;https://www.tspc.ru;info@tspc.ru;+7 (495) 136-41-41;;med;"tspc.ru: специализация «модификация поверхности», >1000 технических решений по покрытиям; заявлены термобарьерные покрытия, газотермическое напыление (плазма APS), лазерная наплавка, упрочнение; «полный технологический цикл» изготовления и ремонта для энергетики и нефтегаза, включая лопатки турбин и элементы камер сгорания. Контакты: 108851, Москва, г. Щербинка, ул. Южная, 9А; +7 (495) 136-41-41; info@tspc.ru; пн-чт 08:00–17:00, пт 08:00–16:00."
ООО «УК «КЭР-Холдинг» (KER-Holding, бренд KR Gas Turbine);Россия;Казань (производство — Казань и Нижнекамск);независимый сервис MRO / завод;Специализация — ремонт и обслуживание ГТУ мощностью ДО 50 МВт ведущих мировых производителей, в т.ч. Siemens Energy, Solar, GE, MAN. SGT-400 (13 МВт) точно попадает в их класс. Заявлено 40 отремонтированных турбин 11 моделей, 50 000 м² производственных площадей, собственное изготовление и поставка запчастей — реальная площадка под локализацию камеры сгорания и горелок.;https://krgasturbine.ru;office@ker-holding.ru;+7 (843) 572-09-99;"Сахабиев Ильдар Равилевич (генеральный директор); Жуков Валерий Кузьмич (технический директор, 30 лет в производстве и ремонте авиационных и стационарных ГТД)";high;"krgasturbine.ru: «ремонт и обслуживание газотурбинных установок мощностью до 50 МВт ведущих производителей»; перечень OEM — Siemens Energy, Solar Turbines, General Electric, MAN Energy Solutions, ОДК-Кузнецов, Зоря-Машпроект; «полномасштабные ремонты 40 газовых турбин 11 различных моделей»; услуги включают изготовление и поставку запчастей. Контакты со страницы krgasturbine.ru/contacts: 420036, Казань, ул. Восход, 45; +7 (843) 572-09-99; office@ker-holding.ru."
СП ООО «Сервисный Центр UNGM-DR»;Узбекистан;Чирчик (Ташкентская обл.);независимый сервис MRO / изготовление ЗЧ по реверс-инжинирингу;Совместное предприятие с собственной ремонтной базой: комплексное ТО и ремонт компрессорного, насосного и турбинного оборудования, изготовление запасных частей, реверс-инжиниринг с 3D-сканированием, выезд специалистов, выпуск полного комплекта документации. Подходит как площадка для восстановления/копирования узлов камеры сгорания по образцу в СНГ-контуре (без экспортных ограничений ЕС). Конкретные модели ГТУ на сайте не указаны — требуется прямой запрос по SGT-400.;http://www.ungm-dr.uz;info@ungm-dr.uz;"+998 (70) 183-23-63; +998 (77) 079-39-08; +998 (77) 079-39-03";;med;"ungm-dr.uz: «комплексное техническое обслуживание и ремонт компрессорного, насосного и турбинного оборудования»; отдельно заявлены изготовление запасных частей, реверс-инжиниринг с 3D-сканированием, шеф-монтаж/центровка на объекте, комплект документации. Адрес: Узбекистан, г. Чирчик, ул. Менделеева, 8; info@ungm-dr.uz. Перечень обслуживаемых моделей ГТУ на сайте отсутствует — связь с линейкой SGT не подтверждена."
ТОО «Alash Energy Solutions» (Alensol);Казахстан;Астана;независимый сервис MRO / поставщик;"На сайте прямо фигурируют модели SGT-400, SGT-100, SGT-200 и компоненты — камеры сгорания и горелки; заявлен опыт ТО и инспекций турбин SGT-400. Профиль: ТО, ремонт и модернизация критически важного промышленного оборудования — газовые турбины, компрессоры, насосы, электродвигатели для энергетики и нефтегаза. Ближайший по региону канал доступа к парку SGT-400 в Казахстане (наличие снятых узлов, б/у ЗИП, местных подрядчиков).";https://alensol.kz;too.alensol@gmail.com;+7 (701) 520-08-90;Баграмов Марат Бейсембаевич (директор);med;"alensol.kz: страницы содержат упоминания моделей SGT-400, SGT-100, SGT-200 и узлов «камеры сгорания», «горелки»; описание — «высококачественные услуги по техническому обслуживанию, ремонту и модернизации критически важного промышленного оборудования» (газовые турбины, компрессоры, насосы, электродвигатели). Страница alensol.kz/ru/contact/: Астана, ул. Сыганак 54А, БЦ «А», офис 507; +7 (701) 520-08-90; too.alensol@gmail.com. Реестр РК: ТОО «Alash Energy Solutions», БИН 230340018931. Компания молодая — производственные мощности не подтверждены, вероятнее сервис/посредничество."
广州三鑫金属科技有限公司 (Guangzhou Sanxin Metal Technology Co., Ltd.);Китай;Гуанчжоу, пров. Гуандун — 广东省广州市南沙自贸区联东U谷广州南沙国际企业港八栋;покрытия (термонапыление / сервис MRO);Самое точное попадание по КАМЕРЕ СГОРАНИЯ среди найденных: в перечне отраслевых применений прямым текстом стоит «жаростойкие защитные покрытия лопаток ГТУ, ЖАРОВЫХ ТРУБ и TRANSITION PIECES». Технологии: плазменное напыление (Al2O3, Cr2O3, TiO2, твёрдые сплавы), сверхзвуковое HVOF (карбид вольфрама, NiCr, NiCr-Cr3C2), высокоскоростная электродуговая металлизация. Прямо применимо к восстановлению камеры сгорания MW21215M и деталей горелки DUAL DLE MW22316B/01: восстановление жаростойкого слоя жаровой трубы, защита от прогара и высокотемпературной коррозии. Также поставляет само оборудование для напыления — то есть можно и подрядить услугу, и купить линию для своего цеха.;https://www.sx020.com/;sanxinspray@163.com (доп. 496561257@qq.com);+86-20-84836251, моб. +86-136-5094-6263;;high;Страница sx020.com/product/254.html «热喷涂应用行业及部件» — дословная строка отраслевого применения: «燃气轮机叶片、火焰筒、过渡段抗高温防护涂层» (лопатки ГТУ, ЖАРОВЫЕ ТРУБЫ, ПЕРЕХОДНЫЕ ПАТРУБКИ — жаростойкие защитные покрытия). Там же перечень процессов: 等离子喷涂 / 超音速喷涂 / 高速电弧喷涂 с указанием напыляемых материалов. Адрес, два телефона и два e-mail опубликованы на той же странице.
成都航宇超合金技术有限公司 (Chengdu Aerospace Superalloy Technology Co., Ltd., бренд CAST);Китай;Чэнду, пров. Сычуань — 成都市双流区西航港大道2999号;литейка + покрытия (полный цикл под ключ);Единственный из найденных, кто закрывает ВЕСЬ цикл по горячей детали внутри одной площадки: выплавка жаропрочного сплава → литьё монокристаллической/DS лопатки → механообработка → нанесение поверхностного покрытия. Прямо декларирует продукцию и для авиадвигателей, и для ПРОМЫШЛЕННЫХ ГТУ, плюс услуги ремонта лопаток. Это подходящий подрядчик для локализации сопловых аппаратов (NGV) и рабочих лопаток SGT-400 / SGT-100 / SGT-300, а также для нанесения жаростойких покрытий на детали камеры сгорания. Кластер Чэнду — по заданию. 100% дочка публичной 炼石航空科技 (000697), уставный капитал 200 млн юаней, площадка 220 му.;https://www.sccast.com/;cast@sccast.com;+86-28-60612629 (факс +86-28-60612630);;high;Официальный сайт sccast.com, раздел «О компании»: полная цепочка «高温合金熔炼→单晶叶片铸造→叶片机加→表面涂层», формулировка «航机及燃机单晶定向涡轮叶片的研发、生产、销售、维修服务» — то есть НИОКР, производство, продажа И РЕМОНТ монокристаллических/направленно-кристаллизованных лопаток как для авиадвигателей (航机), так и для газовых турбин (燃机). Контакты (телефон, факс, e-mail, адрес) — с сайта. Основана 07.2013.
无锡华天航空动力有限公司 (Wuxi Huatian Aviation Power Co., Ltd.) + дочка 无锡华天燃气轮机有限公司;Китай;Уси, пров. Цзянсу — 江苏省无锡市锡山经济开发区芙蓉中一路18号 (芙蓉科技工业园), 7号厂房;завод / OEM (ГТУ, авиадвигатели, компрессоры);"Разработчик и изготовитель авиадвигателей, ГАЗОВЫХ ТУРБИН и компрессоров с собственной интеллектуальной собственностью; под ГТУ выделена отдельная специализированная дочерняя компания 无锡华天燃气轮机有限公司. Публикует собственные технические материалы по ТЕРМОБАРЬЕРНЫМ ПОКРЫТИЯМ турбинных лопаток тяжёлых ГТУ, что указывает на наличие покрытийной и материаловедческой компетенции по горячему тракту. Как площадка в кластере Уси интересна для контрактного изготовления жаровых труб, корпусов горелок и сопловых аппаратов класса SGT-400. Оговорка: подтверждено, что делают СВОИ ГТУ; факт поставки горячих деталей сторонним заказчикам под западные машины не подтверждён — проверять запросом.";http://www.ihuatian.com/;hyturbines@ihuatian.com;400-823-6768;;med;"Официальный сайт ihuatian.com (разделы 关于我们 / 联系我们): «华天航空动力是一家拥有自主知识产权的航空发动机、燃气轮机、先进压缩机研发制造企业，总部位于江苏无锡»; «无锡华天燃气轮机有限公司是华天航空动力的全资子公司，是专门从事燃气轮机研发制造的专业化平台». Технический материал на ihuatian.com/56.html: «重型燃气轮机涡轮叶片的“金钟罩”——热障涂层» (ТБП для лопаток тяжёлых ГТУ). Юрадрес подтверждается независимым реестром gongshang.mingluji.com (почтовый индекс 214101). Есть представительство в Пекине: 北京市朝阳区朝阳门外大街18号丰联广场."
无锡明阳氢燃动力科技有限公司 (Wuxi Mingyang Hydrogen Combustion Power Technology Co., Ltd.), дочка 明阳智能 / Mingyang Smart Energy (SSE 601615);Китай;"Уси, пров. Цзянсу (район Биньху); материнская группа — Чжуншань, пров. Гуандун";завод / инжиниринговый центр камер сгорания ГТУ;Единственный найденный игрок в КНР с ПОЛНОСТЬЮ СОБСТВЕННОЙ разработкой и испытательной базой именно КАМЕРЫ СГОРАНИЯ промышленной ГТУ. Создали «Центр НИОКР камер сгорания водородных ГТУ» (氢燃气轮机燃烧室研发中心) в районе Биньху г. Уси — первый в Китае стенд для испытаний водородных камер сгорания среднего расхода. Разработали собственную камеру сгорания «Юпитер-1» (木星一号) для ГТУ класса 30 МВт, решив задачи проскока пламени, пульсационного горения и высокого NOx — это ровно та физика, что стоит за DLE-горелкой DUAL DLE MW22316B/01. Есть патент (08.2024) на водородоохлаждаемую ЖАРОВУЮ ТРУБУ (火焰筒) с управлением температурой стенки. Класс мощности 30 МВт близок к SGT-400 (12,9 МВт), геометрия и материалы жаровой трубы сопоставимы. Кандидат на контрактную разработку/изготовление камеры сгорания MW21215M и горелочного узла. Оговорка: сторонним заказчикам горячие детали пока, по открытым данным, не поставляли.;"не найдено (собственный сайт не обнаружен; группа — mingyanggroup.com.cn, myse.com.cn)";;не найдено (на сайте группы указан общий телефон материнской компании в Чжуншане);张传卫 (Чжан Чуаньвэй, основатель группы Mingyang — лично курировал создание компании);med;"Портал Информационного центра экономики пров. Фуцзянь (xxzx.fujian.gov.cn, 21.03.2025): «明阳“木星一号”纯氢燃气轮机全速空载成功» — успешный выход на полные обороты первой в мире чисто водородной ГТУ класса 30 МВт. Отраслевые источники (bjx.com.cn, тема 明阳氢燃): «针对纯氢燃气轮机“易回火、易振荡、NOx排放高”三大世界难题，自主研发出具有安全、低氮、功率调节范围宽、低成本特点的“木星一号”纯氢燃烧室»; «在无锡市滨湖区建成“氢燃气轮机燃烧室研发中心”，成为国内首套针对中等流量氢燃烧室性能测试的试验台». Патентная заявка 08.2024 на 火焰筒 с водородным охлаждением и контролем температуры стенки. Юрлицо подтверждено в реестре gongsi.com.cn; консолидируется в полугодовом отчёте 明阳智能 2025 (SSE 601615)."
江苏图南合金股份有限公司 (Jiangsu Toland Alloy Co., Ltd.);Китай;Даньян, пров. Цзянсу — 江苏省丹阳市凤林大道9号;завод (жаропрочные сплавы + литые детали);"Производит литейные жаропрочные сплавы (铸造高温合金) и изделия из них, а также деформируемые жаропрочные сплавы и спецнержавейку. Литейные жаропрочные сплавы у них идут именно в авиацию и ГТУ, деформируемые — в ГТУ, авиадвигатели, нефтехимию. Практически применимы для локализации SGT-400 двумя путями: (а) поставка сертифицированной шихты/полуфабриката (лист, пруток, труба) марок типа Hastelloy X / IN617 / IN625 под жаровые трубы и корпуса горелок; (б) литые заготовки сопловых аппаратов. Компания публичная, отчётность открыта — проверяемый контрагент.";https://www.toland-alloy.com/;toland@toland-alloy.com;+86-511-86165566 (факс +86-511-86165938);;high;"Официальный сайт toland-alloy.com (раздел 公司简介) и годовой отчёт 2023: основной бизнес — «高温合金及特种不锈钢等高性能合金材料及制品的研发、生产和销售»; «铸造高温合金主要应用于航空航天及燃气轮机领域，变形高温合金主要用于燃气轮机、飞机、航空发动机、石油化工等领域». Контакты (адрес, телефон, факс, e-mail) взяты с самого сайта компании. Листинг на бирже подтверждает юридическое существование."
沈阳中科三耐新材料股份有限公司 (Shenyang Zhongke Sannai New Materials Co., Ltd., NEEQ 430513);Китай;Шэньян, пров. Ляонин (район Хуньнань);литейка (жаропрочные сплавы + прецизионное литьё);Прямое попадание по классу мощности: в списке основной продукции отдельной строкой стоят «ГОРЯЧИЕ ТУРБИННЫЕ ЛОПАТКИ МАЛЫХ И СРЕДНИХ ГТУ» — это ровно класс SGT-100/200/300/400, а не только тяжёлые машины. Также делают горячие лопатки тяжёлых ГТУ, лопатки авиационных и ракетных двигателей, лопатки турбонагнетателей и сами мастер-сплавы (высокотемпературные лигатуры). Более 20 лет в жаропрочных сплавах, контролируется Институтом металловедения АН КНР (中科院金属研究所) — сильная металлургическая экспертиза для реверс-инжиниринга сопловых аппаратов SGT-400. Кластер Шэньян — по заданию. Публичная компания (NEEQ 430513), отчётность открыта.;http://www.zksn.com/;"jcpdyz@163.com (отдел кадров; коммерческий e-mail не опубликован)";+86-24-23748813 (общий), +86-24-23748888;;high;"Отраслевая статья OFweek (gongkong.ofweek.com/2022-02/ART-310081-8420-30550325.html) «掘金新三板之中科三耐»: «公司主导产品包括高温合金母合金材料、中小型燃气轮机热端涡轮叶片、重型燃气轮机热端透平叶片、航空航天发动机用涡轮叶片、增压器叶片等» — т.е. горячие лопатки МАЛЫХ И СРЕДНИХ ГТУ в основной номенклатуре; «是中国航空发动机、燃机轮机等先进动力用透平叶片、高温合金等主要生产基地之一». Основана 07.2004, контролируется 中国科学院金属研究所, торгуется в NEEQ с 24.01.2014 (код 430513) — проверяется по карточкам 东方财富/同花顺."
Aerobraze Engineered Technologies — подразделение Wall Colmonoy Corporation;США;"Cincinnati, Ohio 45215 (+ площадка Oklahoma City, OK; и Pontardawe, Wales, UK)";контрактный производитель / спец-ремонт (вакуумная пайка, сварка, термообработка, покрытия);Технологический подрядчик по деталям горячей части, а не поставщик каталожных номеров. Заявлено «полное изготовление и ремонт деталей турбинных двигателей» с опытом 60+ лет в интересах крупных OEM: вакуумная пайка (собственные припои Nicrobraz), термообработка, сварка/наплавка, термонапыление (thermal spray), механообработка, НК (рентген + ЛЮМ-контроль). Профильные изделия — сотовые уплотнения и сегменты (honeycomb seals & segments), теплозащитные экраны (heat shields), детали турбомашин. Именно этот набор процессов нужен для восстановления и изготовления жаровых труб, transition pieces и узлов DLE-горелки. Собственный «US Brazing Engineering Center» и Brazing School.;https://metals.wallcolmonoy.com/products-capabilities/aerobraze-cincinnati;;;;med;"Страница wallcolmonoy.com/aerobraze-engineered-technologies/: Aerobraze «manufactures engineered components and provides technological solutions for aerospace, defense, energy and transportation industries»; перечень компетенций — «Vacuum Brazing and Heat Treatment», «Vacuum Aluminum Brazing», «Belt Brazing, Torch Brazing», «Welding and joining services», «CNC precision machining», «heat exchangers and turbine engine components»; три площадки — Cincinnati, Oklahoma City и Pontardawe (Уэльс). На сайте головной Wall Colmonoy подтверждена линейка припоев «NICROBRAZ® NICKEL-BASED BRAZING ALLOYS» и рынки «Aerospace / Power Gen». Адреса и телефоны на этих страницах не опубликованы."
Bharat Forge Ltd. (Kalyani Group);Индия;"Pune, Maharashtra (штаб-квартира); строящийся комплекс ГТУ — Visakhapatnam, Andhra Pradesh";завод (ковка/мехобработка) + строящийся центр MRO горячей части ГТУ;Строит первый в Индии частный комплекс ремонта и капремонта газовых турбин. В составе первой очереди прямо заявлено ВОССТАНОВЛЕНИЕ ГОРЯЧЕЙ ЧАСТИ: лопатки, сопловые лопатки и ЖАРОВЫЕ ТРУБЫ (hot section restoration of blades, vanes and combustion liners), плюс изготовление компонентов и лаборатория неразрушающего контроля. Оговорка: комплекс заточен под МОРСКИЕ ГТУ ВМС Индии и на 2026 г. находится в стадии реализации (MoU с правительством Андхра-Прадеш, ~80 акров), не под Siemens SGT. Релевантен как будущая индийская площадка восстановления/изготовления горячих деталей и как обладатель кузнечно-механической базы.;https://www.bharatforge.com;;;Amit Kalyani, Vice Chairman & Joint MD (публичное лицо проекта);med;"Сообщения деловых СМИ (The Tribune, Business Standard, Outlook Business, OEM Update, май 2026) о подписании MoU с правительством Андхра-Прадеш: «Phase 1 will deliver a full Marine GT Repair and Overhaul complex: hot section restoration of blades, vanes and combustion liners, component manufacturing, NDE laboratory, and a 72-hour turnaround capability for the Naval Dockyard, Visakhapatnam»; отдельно — заказ ВМС Индии на 425 крор рупий на газотурбинные генераторы. Прямых страниц по ЗИП промышленных ГТУ на корпоративном сайте не найдено — отсюда med."
Dongying Hengxin Turbomachinery Co., Ltd. (HXT);Китай;Dongying (Дунъин), пров. Шаньдун;литейка (вакуумное прецизионное литьё суперсплавов) + мехобработка;Самое точное совпадение по НОМЕНКЛАТУРЕ И СПЛАВАМ горячей части промышленных ГТУ: отливают turbine blades, guide vanes, nozzles & nozzle rings, diffusers и — что важно — combustion parts (детали камеры сгорания). Заявленные марки: IN738LC, IN939, IN792, IN713C, IN718, IN625, Hastelloy X — это именно материалы лопаток и жаровых частей ГТУ класса SGT-100/200/300/400, а не только авиационные. Прямо указывают применение «Gas/Steam turbine» и «gas turbine for power generation».;https://investmentcasting.en.made-in-china.com/;;;Mr. Madrid Luo, Sales Director;high;"Профиль на Made-in-China: «one of leader manufacturer specializes in developing and manufacturing of investment castings parts with material of nickel respectively cobalt based alloys and stainless steel, mainly used for Aviation, Gas/Steam turbine, Marine, Railway...»; перечень изделий: «Turbine blades, Compressor rotors/stators/impellers, Nozzles & Nozzle rings, Guide vanes, Diffusers, Combustion parts». Список сплавов на странице: IN625, IN713C, IN718, IN738LC, IN939, IN792, Hastelloy X. Адрес: No. 23, Liupanshan Road, Dongying District, Dongying, Shandong. Сертификаты ISO 9001, ISO 14001, IATF16949, сертификация China Aviation Association (2013). Прямых телефона/почты в открытом доступе не нашёл — запрос только через форму Made-in-China."
EnergyZone FZCO;ОАЭ;Дубай (free zone);трейдер / брокер б-у ГТУ и capital parts;Торгует новыми, неиспользованными, б-у и восстановленными пакетами ГТУ, двигателями и капитальными частями. В каталоге Siemens явно выделена группа «EGT & Ruston, SGT-100, SGT-200, SGT-300, SGT-400, SGT-800» — то есть работают именно по линейке Ruston/EGT, к которой относится SGT-400 (Cyclone). Полезны для поиска донорских двигателей, б-у камер сгорания и горелок под каннибализацию.;https://www.energyzonefzco.com/;;;;med;"На главной energyzonefzco.com в разделе Siemens указано «EGT&Ruston, SGT-100, SGT-200, SGT-300, SGT-400, SGT-800»; описание деятельности — «trading new, unused, used or refurbished gas turbines packages, engines and capital parts», работают с 2000 г. Контактные данные на публичных страницах сайта не найдены (страница /contacts отдаёт 404) — связь только через форму на сайте."
Gas Turbines Services del Ecuador S.A. (TURBIECSA);Эквадор;Гуаякиль (Cdla. Nueva Kennedy, Calle B #144);независимый сервис MRO / поставщик запчастей;Независимая компания (с 2019 г. в текущем составе), акционеры и руководство — выходцы из эксплуатации и обслуживания электростанций, переориентировавшие опыт на поставку запчастей и техуслуги для генерирующих объектов. По заявлению компании выполняет ремонт компонентов турбин, включая КАМЕРЫ СГОРАНИЯ, лопатки и сопловые аппараты, а также ремонт редукторов и accessory gearbox. Малое предприятие (~6 человек по данным 2024 г.), зарегистрировано 03.09.2013, ОКВЭД — производство двигателей внутреннего сгорания, турбин и трансмиссий. Кандидат скорее как локальный подрядчик/канал, чем как изготовитель горячей части.;https://turbiecsa.com/;;;;low;Сайт turbiecsa.com (при прямой загрузке отдавал HTTP 503, данные из индексированного описания): 'Desde 2019 TURBIECSA es una empresa independiente cuyos accionistas y directivos han estado involucrados en la operación y mantenimiento de plantas de generación', заявлен ремонт компонентов турбин, включая камеры сгорания, лопатки и сопла. Реестровые данные (EMIS, Páginas Amarillas Ecuador): 'Gas Turbines Services del Ecuador S.A. Turbiecsa', Гуаякиль, Cdla. Nueva Kennedy Calle B # 144, дата основания 03.09.2013, отрасль — производство двигателей внутреннего сгорания, турбин и трансмиссий, 6 сотрудников (2024). Телефон/email на открытых источниках не подтверждены — НЕ выдуманы → low.
Jiangsu Longda Superalloy Co., Ltd. (江苏隆达超合金股份有限公司, SSE 688231);Китай;Wuxi (Уси), пров. Цзянсу;завод: металлургия суперсплавов (мастер-сплавы / шихтовые заготовки, прутки, трубы);Не изготовитель деталей, а поставщик СЫРЬЯ для локализации: вакуумно-выплавленные никелевые жаропрочные мастер-сплавы и полуфабрикаты, из которых китайские литейки отливают лопатки и NGV. При схеме «наша литейка + китайская шихта» — прямой кандидат. В китайских отраслевых обзорах упоминается в одном ряду с Yonghan/Yingliu/Tunan по цепочке суперсплавов для авиадвигателей и ГТУ. Собственного производства горячей части ГТУ не заявляет.;https://www.wxlongda.com;;;;low;Годовой отчёт за 2023 г. (файл на finance.sina.com.cn): «公司代码：688231 公司简称：隆达股份 江苏隆达超合金股份有限公司» — публичная компания на SSE STAR Market, профиль — суперсплавы. Страница wxlongda.com/about_1.html («航材公司简介») индексируется поисковиком, но при обращении отдала HTTP 503, поэтому детали номенклатуры и контакты не подтверждены — отсюда пониженная оценка. Требуется прямая верификация.
Jiangsu Suvast Special Alloy Technology Co., Ltd. (江苏永瀚特种合金技术股份有限公司, Jiangsu Yonghan);Китай;Wuxi (Уси), пров. Цзянсу;литейка (прецизионное литьё суперсплавов: равноосное / направленная кристаллизация / монокристалл);Профильный игрок ровно по нужному сегменту: отливки горячей части ГТУ и авиадвигателей — охлаждаемые рабочие лопатки (cooled turbine blade) и сопловые/направляющие лопатки (guide vane) из никелевых и кобальтовых суперсплавов, по технологиям equiaxed / DS / SX. Участвовал в освоении первой в Китае крупногабаритной сопловой лопатки 1-й ступени тяжёлой ГТУ (совместно с Институтом металлов АН КНР). По классу изделий закрывает NGV и лопатки для линейки SGT-100/200/300/400 (Typhoon/Tornado/Cyclone) — но конкретные модели Siemens на сайте не заявлены, нужен запрос по чертежу/образцу.;http://www.suvast.com / http://en.suvast.com;;;;high;Профиль компании (PatSnap Discovery, D&B, Baidu Baike): «Established in October 2011, Jiangsu Suvast has been focusing on the development and production of equiaxed, oriented, single-crystal superalloy turbine blades and hot end components for aero-engines and gas turbines». Заголовок англ. сайта en.suvast.com: «Jiangsu Suvast Co., Ltd._Cooled turbine blade_Guide vane». Адрес по D&B: No.1 Duxiang Road, Eastern Zone of Industrial Settlement, Zone of New Town Construction, Wuxi, Jiangsu 214161. Публикация о первой китайской сопловой лопатке 1-й ступени тяжёлой ГТУ с участием 江苏永瀚 (zhycasting.com). Сайты suvast.com/en.suvast.com при обращении отдавали HTTP 503 — контакты подтвердить не удалось, поэтому email/телефон не указываю.
Powertherm Engineering Pvt. Ltd.;Индия;Hyderabad, Telangana (Panjagutta / Banjara Hills);трейдер-посредник с заявленным производством горячих деталей (основана экс-директорами BHEL);"В каталоге прямо позиционируется как изготовитель ГОРЯЧИХ ДЕТАЛЕЙ ГТУ: transition pieces («gas conveyors»), камеры сгорания / cap liner, СОПЛОВЫЕ АППАРАТЫ и бандажи (nozzles and shrouds), наружные корпуса камер сгорания, а также поставка жаропрочных и никелевых сплавов. Ограничение: заявленная номенклатура — под Nuovo Pignone и часть моделей GE, не Siemens; фактически компания работает как EPC/трейдер, значительная часть литья и поковок закупается в Китае. Проверять реальную производственную базу до любых запросов.";"не найдено (собственного домена не подтверждено; листинги на tradeindia.com и exportersindia.com)";;;Mr. P. N. Reddy, Managing Director;low;"Карточка товара на TradeIndia «Gas Turbine Transition Pieces & Combustion Liner»: «manufactures components (hot parts) for the majority of turbines produced by Nuovo Pignone and for some turbine models made by General Electric»; перечень «gas conveyors (transition pieces), combustion chambers (cap liner), nozzles and shrouds, external casings for combustion chambers». Регистрация подтверждена в ZaubaCorp (CIN U24100TG2004PTC043830, создана 2004). В профилях указано, что компания основана отставными директорами BHEL и занимается EPC и торговлей (в т.ч. китайские паровые турбины, отливки, поковки). Телефон и e-mail в открытых источниках скрыты."
Sanad Powertech (ранее Turbine Services & Solutions Industrial, TS&S);ОАЭ;Абу-Даби;независимый сервис MRO (принадлежит Mubadala);Крупнейший в регионе независимый MRO по промышленным ГТУ и вращающемуся оборудованию для нефтегаза и энергетики UAE/MENA. Услуги: MRO, ремонт агрегатов и компонентов, программа обмена двигателями, лизинг двигателей, поставка запчастей, апгрейды, полевой сервис. Работают с Siemens (первый независимый MRO по Siemens Industrial Trent / SGT-A65). Прямого подтверждения по SGT-400 и по ремонту камер сгорания/DLE-горелок малого класса нет — нужен запрос капабилити-листа.;https://www.sanad.ae/;;;;low;"Пресс-релизы Mubadala и Sanad: «TS&S Industrial ... rebranded as Sanad Powertech», «leading MRO provider for gas turbine and rotating driven equipment», «service and solution provider for a wide range of industrial gas turbines and driven equipment used by the oil & gas, process and energy industries throughout the UAE and the MENA region»; выполнили первый полный 50 000-часовой overhaul Siemens Industrial Trent (SGT-A65TR). Упоминаний SGT-400, камер сгорания или DLE-горелок в открытых источниках не найдено — отсюда low."
Shandong Yili Power Technology Co., Ltd. (山东益利动力科技有限公司);Китай;Weifang (Вэйфан), Weicheng Economic Development Zone, пров. Шаньдун;литейка (вакуумное литьё по выплавляемым моделям) + ЧПУ-обработка;Специализируется на горячих деталях турбомашин: gas turbine blades, nozzle guide vanes (NGV), nozzle rings, turbine wheels, turbine discs. Сплавы — никелевые, железные и кобальтовые жаропрочные, жаростойкая нержавейка. Потенциальный исполнитель сопловых аппаратов и лопаток по реверс-инжинирингу для SGT-100/200/300/400. Основной поток — турбокомпрессоры и малые ГТД, промышленные ГТУ заявлены в общем виде.;https://www.yilipower.com / http://www.yilicasting.com;;;;med;"Профиль на Made-in-China (аккаунт «turbineblade»): продуктовые теги «Turbine Wheel, Turbine Blade, Vacuum Casting, Nozzle Ring, Superalloy, Gas Turbine…»; в описании — «gas turbine blades, nozzle rings, nozzle guide vanes» и «hot power equipment precision castings». Адрес: Weicheng Economic Development Zone, Weifang, Shandong. На собственном сайте yilicasting.com заголовок: «turbine wheel, impeller, turbine blade, turbine disc, turbine nozzle guide vanes, nozzle ring manufacture». Год основания в источниках расходится (2003 / 2009). Сайты yilipower.com и yilicasting.com отдавали 503 — контакты не подтверждены."
Wuxi Jinye Precision Casting Co., Ltd. (无锡金冶精密铸造有限公司);Китай;Wuxi (Уси), пров. Цзянсу;литейка (литьё по выплавляемым моделям, суперсплавы);В номенклатуре прямо: «Gas turbine blades, turbine blades, turbine discs, nozzles and guide vanes» — т.е. лопатки и сопловые аппараты ГТУ. Отливки от долей килограмма до 150 кг, что перекрывает габариты сегментов NGV и лопаток SGT-300/400. Есть контроль X-ray, MPI, УЗК. Экспорт в Японию, США, Германию, Швейцарию. Тип кристаллизации (equiaxed / DS / SX) не заявлен — вероятно, только равноосное литьё.;https://blacast.en.made-in-china.com/;;;Mr. Yedy He, Marketing Department;med;"Профиль на Made-in-China (аккаунт «blacast»): продуктовые теги «Investment Casting, Turbine Blade, Gas Turbine»; в описании — «Gas turbine blades, turbine blades, turbine discs. Nozzles and guide vanes»; «investment casting in variety of materials, such as alloy steel, stainless steel and superalloy», вес отливок от унций до 150 кг; ISO9001, контроль X-ray/MPI/УЗК. Адрес: No. 2 Wangzhuang Industry Support Area, Changjiang Road, Wuxi, Jiangsu. Конкретные модели ГТУ OEM не указаны."
Wuxi Paike New Materials Technology Co., Ltd. (无锡派克新材料科技股份有限公司, SSE 605123);Китай;Wuxi (Уси), пров. Цзянсу;кузница (кольцевая раскатка, свободная и штамповая ковка суперсплавов и титана);Закрывает поковочную часть локализации, которой нет у литеек: раскатные кольца, корпуса/обечайки, диски, фланцы из жаропрочных никелевых сплавов, титана, спецсталей — заготовки под корпуса камеры сгорания, обоймы сопловых аппаратов, кольцевые детали проточной части ГТУ. Вес заготовок до ~25 т. Фигурирует в отраслевых обзорах как производитель поковок для газовых турбин и в рынке авиационных кольцевых поковок. Деталей SGT-400 не заявляет — работа по чертежу.;http://www.wuxipaike.com;;;;med;"Профиль Craft.co: «develops, manufactures and sells metal forgings… ring, open die, and close die forgings that contain carbon steel, alloy steel, stainless steel, superalloy, aluminum alloy… high-temperature alloys, titanium alloys», основана 29.06.2006, штаб-квартира Уси. Шоурум на Made-in-China (wuxipaike): «Forging Rings Manufacturer, Tube Sheet/Disc, Flanges Supplier». Отчёт по рынку авиационных кольцевых поковок (Dataintelo) относит Wuxi Paike к ключевым игрокам; в отраслевых материалах указана как производитель поковок для газовых турбин. Официальный сайт wuxipaike.com при обращении отдал 503 — контакты не подтверждены."
哈尔滨广瀚燃气轮机有限公司 (Harbin Guanghan Gas Turbine Co., Ltd., при 703-м институте CSSC);Китай;Харбин, пров. Хэйлунцзян;завод / OEM (промышленные ГТУ 3–50 МВт);Завод-изготовитель промышленных ГТУ диапазона 3–50 МВт — SGT-400 (12,9 МВт) попадает ровно в середину линейки, значит габариты, материалы и технологии камеры сгорания у них те же. Заявлена способность механообработки КЛЮЧЕВЫХ ДЕТАЛЕЙ промышленных ГТУ 3–50 МВт, узловая и полная сборка, обкатка, интеграция и контроль. Отдельно указано освоение технологий ДВУХТОПЛИВНОГО СЖИГАНИЯ и НИЗКОЭМИССИОННОГО горения, охлаждения турбинных лопаток и нанесения покрытий — это ровно компетенции, нужные для DLE-горелки MW22316B/01. Испытательная база: 10 стендов полномасштабной ГТУ и около 30 узловых стендов, включая стенды деталей — позволяет валидировать изготовленную камеру сгорания, а не поставлять «вслепую». Кластер Харбин — по заданию.;http://www.ghturbine.com/;;;;high;"Официальный сайт ghturbine.com, раздел 公司介绍: «具备3-50MW工业燃气轮机核心部件加工能力，以及部套装配、整机装配、整机试车、装置集成及检验检测等生产试验能力»; «拥有10个整机试验台，近30个部件试验台»; «突破了压气机、双燃料燃烧、低排放、涡轮叶片冷却、涂层应用、减振、总体设计等关键核心技术»; парк «数控立式车床、数控卧式车床、五轴加工中心等各类先进加工设备数百台». Юрлицо подтверждено в реестре qixin.com. Создано 703-м институтом CSSC на базе 哈尔滨广瀚动力技术发展有限公司 (2010). ВАЖНО: контакты на сайте не опубликованы — выходить через форму сайта или 703-й институт."
江苏永瀚特种合金技术股份有限公司 (Jiangsu Yonghan Special Alloy Technology Co., Ltd.);Китай;Уси (Wuxi), пров. Цзянсу — 无锡市滨湖区胡埭镇刘闾路11号;литейка (прецизионное литьё горячего тракта);Профильный производитель равноосных, направленно-кристаллизованных (DS) и монокристаллических (SX) турбинных лопаток и ДРУГИХ ГОРЯЧИХ ДЕТАЛЕЙ из никелевых и кобальтовых жаропрочных сплавов для авиадвигателей и ГТУ. С 2022 г. строит в Уси производство «крупных прецизионно-литых лопаток тяжёлых ГТУ» (инвестиции 408 млн юаней, 26 000 шт./год). Заявлены собственные вакуумные печи равноосного литья 250 кг и DS/SX-печи 120 кг — крупнейшие в КНР, плюс первый в Китае прибор Лауэ для контроля монокристалла. Релевантны как поставщик сопловых аппаратов (NGV) и рабочих лопаток для линейки SGT-100/200/300/400 (Typhoon/Tornado/Cyclone) при реверс-инжиниринге.;не найдено (публичный корпоративный сайт не обнаружен);;;曹荣 (Цао Жун, законный представитель);high;Baidu Baike и портал района Биньху г. Уси (wxbh.gov.cn, карточка проекта от 20.10.2022): «专注于航空发动机、燃气轮机用等轴、定向、单晶高温合金涡轮叶片及热端部件的研制和生产» — специализация на равноосных/DS/SX лопатках и ГОРЯЧИХ ДЕТАЛЯХ для ГТУ. Там же: проект «重型燃气轮机大型透平精铸叶片产业化建设项目», 4,08 млрд юаней... (4.08亿元), мощность 2,6 млн... (2.6万件/год). Экспортирует продукцию зарубежным заказчикам, включая GE Energy (США) и Ansaldo (Италия) — прямое подтверждение допуска к западным ГТУ. Рег. номер 91320211583752801U, основана 14.10.2011.
ADN Global (ADN Limited Şirketi);Турция;"Измир (Bayraklı); офисы Баку, София, Дубай";трейдер ЗИП ГТУ / поставщик под проекты;"В разделе «Gas Turbines Spare Parts» прямо указаны Siemens Energy SGT-400 (12,9 МВт), SGT-300 (7,9–9,1 МВт) и SGT-500 (быв. GT35); заявлены поставки лопаток и роторных компонентов («enhancements to blades as well as rotors») с экспортом в 20 стран, референсы SOCAR, Çalık Holding. Удобен как региональный канал (Турция/Азербайджан/ОАЭ) под SGT-400, включая рынок б/у и восстановленного ЗИП.";https://www.adn-global.com;"info@adn-global.com; Дубай: sales@tradeglobal.ea";"+90 232 400 15 15; Баку +994 50 572 44 94; Дубай +971 54 237 3138";;med;"Страница adn-global.com/en/services/gas-turbines-spare-parts/ — перечень поддерживаемых моделей Siemens Energy SGT-400 12.9 MW, SGT-300, SGT-500 (GT35), упоминание работ по лопаткам и роторам. Контакты со страницы /en/contact/: Adalet Mh. Manas Blv. Folkart Towers B Kule No: 39/2702, Bayraklı, İZMİR; доп. офисы: Caspian Sport Plaza (Баку), Alabin 31 (София), The Offices 3 – One Central, DWTC (Дубай)."
EMC — Egyptian Maintenance Company (for Petroleum Services);Египет;Каир (New Cairo);независимый сервис MRO / подрядчик по обслуживанию;"Крупнейший египетский независимый подрядчик по обслуживанию нефтегазового и энергетического оборудования (осн. 1997): сервис турбин и вращающегося оборудования, газовые компрессоры, ремонтные мастерские, onshore/offshore. Практический опыт именно по турбинам Siemens Energy: выиграли в международном тендере 10-летний контракт (~46 млн €/53,3 млн $) на долгосрочное обслуживание двух газовых турбин Siemens Energy 110 МВт на ТЭЦ Arab Potash Company в Иордании. Реальный кандидат на региональную кооперацию и на выход к египетскому/иорданскому парку SGT; ремонт горячей части конкретно по SGT-400 не подтверждён.";https://www.emceg.com/;business.development@emceg.com;+20 2 2618 9999;"Mohsen Kotb (CEO & Managing Director); Wagih El-Gishy (Chairman & CEO)";med;Профиль на emceg.com и в отраслевых каталогах: «Turn-Key Engineered Solutions for Oil & Gas Sector, Petrochemicals, Power Generation and Infrastructure», в перечне услуг — «turbines & rotating equipment service (including gas turbine maintenance)», «maintenance workshop services». Публикации Zawya и Egypt Oil & Gas: контракт на 46 млн € / 53,3 млн $ на 10 лет по обслуживанию «two Siemens Energy natural gas turbine units, 110 MW» на станции Arab Potash Company (Иордания), выигран в международном тендере. Адрес: Plot 20, El Tesaeen St., 5th Compound, New Cairo, Cairo. Прямых упоминаний SGT-400, камер сгорания или DLE-горелок нет.
Especialistas en Turbopartes S.A. de C.V. (ETU);Мексика;Керетаро (Fracc. Ind. San Pedrito Peñuelas I);завод турбозапчастей / покрытия / реверс-инжиниринг;Специализированный производитель и восстановитель деталей турбомашин ('Especialistas en Turbopartes'): 'diseño, fabricación y rehabilitación de componentes' для центробежных компрессоров и турбин, нанесение покрытий (recubrimientos), реверс-инжиниринг, изготовление деталей, полный overhaul, динамическая балансировка, полевой сервис (демонтаж/сборка/центровка/виброанализ). 33+ года на рынке электромеханических работ для энергетики. Основные заказчики — подразделения PEMEX (Refinación, PEP, PGPB, PPQ), то есть тот же парк, где эксплуатируются SGT-100/200/300/400 в Мексике. Профиль смещён к компрессорам и паровым турбинам — по горячей части ГТУ нужно уточнение.;https://www.etu.mx/;не найдено (форма обратной связи на сайте);+52 442 220 6895;;med;"Сайт etu.mx, раздел Turbomaquinaria: 'diseño, fabricación y rehabilitación de componentes para compresores centrífugos, así como turbinas de vapor'; в перечне — reparación y rehabilitación, balanceo dinámico, recubrimientos, fabricación de partes, overhaul integral, ingeniería inversa, servicios de campo. Адрес с сайта: 'Cuauhtémoc No. 3, Fracc Ind. San Pedrito Peñuelas I, Querétaro 76148', тел. +52 (442) 220 6895. Клиенты — PEMEX Refinación / PEP / PGPB / PPQ. Модели ГТУ и SGT не заявлены → med."
FOQ Inventory (Free Oilfield Quote);США;не найдено (телефон 844-475-2060, США);маркетплейс surplus/б-у нефтегазового и энергетического оборудования;"Площадка излишков с конкретными лотами SGT-400: «SGT-400 Industrial Gas Turbine with Power Generation» — 2013 г.в., ~11 000 моточасов, s/n MW311, biogas single fuel, цена 3 353 400 USD, оборудование физически в Китае, с отчётом об осмотре (нет коррозии/течей, требуется чистка компрессора); отдельная карточка «SGT-400S 50Hz gas turbine for sale». Реальный источник донорских агрегатов SGT-400 под разбор на горячую часть.";https://inventory.freeoilfieldquote.com;не найдено (адрес скрыт защитой Cloudflare email-protection);+1 844-475-2060;;med;Карточка inventory.freeoilfieldquote.com/product/sgt-400-industrial-gas-turbine-with-power-generation: code 93774516, Siemens SGT-400, 2013, «approximately 11,000 hours», s/n MW311, $3,353,400, «In Stock», продажа «AS-IS WITH NO WARRANTY». Страница /pages/about-us: маркетплейс surplus и б/у нефтепромыслового и энергетического оборудования, телефон 844-475-2060.
Gas Turbine Resources S.L. (GTR);Испания / Великобритания;"Avinyonet del Penedès (Барселона); Saxilby, Lincoln (UK)";независимый сервис MRO + трейдер б-у/восстановленного ЗИП, аренда обменных двигателей, ликвидация выводимых установок;Специализация прямо по линейке: «Specializing in Gas Turbine Engine, SGT200, TB5000/5400». Есть Gas Turbine Lease Engine Fleet — «engine models supported are Siemens / Ruston TB5000/TB5400/SGT100 RM Typhoon and SGT200 RT Tornado engines». Отдельные направления: Hot Section Component Repair (ремонт горячей части), Application of Sacrificial and Protective Coatings (покрытия), Gas Turbine Rotor Overhaul, Decommissioning and Management of Surplus Plant. В продаже — Gas Generator Rotor Assembly под Siemens/Ruston TB5000 или TB5400 с новыми OEM-лопатками 3-й ступени. Британский офис — в Saxilby под Линкольном, т.е. в исторической зоне Ruston/SGT-400.;https://gasturbineresources.com;sales@gasturbineresources.com;"+34 931 352 544; +34 620 194 730; UK +44 7743 885 068";;high;"Главная gasturbineresources.com: описание «Specializing in Gas Turbine Engine, SGT200, TB5000/5400... new or refurbished spares, turbine overhaul, turbine leasing»; карточка товара «Gas Generator Rotor Assembly to suit Siemens/Ruston TB5000 or TB5400... current variant new OEM supply Stage 3 blades», отметка «SACRIFICIAL COATING NEAR TERM AVAILABILITY FROM STOCK». Разделы /page/Hot Section Component Repair, /page/Gas Turbine Lease Engine Fleet, /page/Decommissioning and Management of Surplus Plant. Адреса: Carrer Llevant 42, Pol. La Carrerada, Avinyonet del Penedes 08793 (Barcelona) и Unit 1 Stirlin Court, Saxilby Enterprise Park, LN1 2LR."
Grupo ATM / Andina Turbomecánica (ATM Gas Natural S.A.S., Andina Turbomecánica SpA);Колумбия (+ Чили);"Богота (ATM Gas Natural); чилийское юрлицо Andina Turbomecánica SpA";трейдер запчастей + независимый сервис MRO / O&M;Поставка запчастей и сервис для газовых турбин: основная специализация — GE FR3/FR5/FR6/FR9, PGT5, PGT10 в открытом и комбинированном цикле, но на сайте прямо указано, что те же услуги и запчасти предоставляются и для машин 'GE, Siemens, PWPS, industriales Solar o aeroderivadas'. Также O&M электростанций, бороскопические инспекции, ремонт роторов и валов, КИПиА (GE Mark II/IV/V/VI), долгосрочные контракты обслуживания. Основаны в 2010 г., 70+ клиентов, 150+ проектов по Латинской Америке. Ruston / SGT-400 явно не упомянуты — вероятно, канал закупки/логистики, а не изготовитель горячей части.;https://www.andinatm.com/;info@australtm.com;;;low;"Сайт andinatm.com, раздел 'Servicios y Repuestos para turbinas de gas': специализация на 'GE FR3, FR5, FR6, FR9, PGT5 y PGT10', плюс формулировка о предоставлении тех же услуг и запчастей для 'GE, Siemens, PWPS, industriales Solar o aeroderivadas'; отдельные разделы по O&M электростанций, бороскопии, КИПиА (GE Mark 2/4/5/6). Единственный опубликованный контакт — info@australtm.com; адрес, телефон и контактное лицо на сайте отсутствуют, поэтому помечены как не найдено. Отсутствие Ruston/SGT в списке моделей → low."
Hitemco (Lincotek Surface Solutions US);США;Old Bethpage, NY;покрытия — независимый цех покрытий по кооперации;Американская площадка группы Lincotek с отдельным брендом и собственным сбытом. Заявлены 'Thermal Spray and Diffusion Coatings': HVOF, плазменное напыление, диффузионные покрытия (алитирование) и финишное шлифование после напыления. Полезен как вторая (американская) точка нанесения покрытий для той же группы, что и Turbocoating/Lincotek в Парме — можно запрашивать параллельно и сравнивать сроки/цену. Фокус по логотипам заказчиков скорее авиационный (Boeing, GE, Pratt & Whitney, Rolls-Royce), принадлежность к промышленным ГТУ нужно уточнять запросом.;https://www.hitemco.com/;sales@hitemco.com;+1 516 752 7882;;med;"Сайт заявляет 'Thermal Spray and Diffusion Coatings' с перечнем HVOF, Plasma, Diffusion, Grinding. Контакты: 160 Bethpage-Sweet Hollow Rd, Old Bethpage, NY 11804; тел. 516-752-7882 (8-5pm EST); e-mail sales@hitemco.com. Принадлежность к Lincotek подтверждена на странице https://www.lincotek.com/group/contacts/: 'Hitemco | New York, U.S. — 160 Bethpage-Sweet Hollow Rd, Old Bethpage, NY 11804, +1 516-752-7882'. Оговорка: конкретно TBC и MCrAlY на открытых страницах не названы."
International Energy Resources FZCO (IER);ОАЭ;Дубай (Jebel Ali Free Zone);независимый поставщик ЗИП / брокер б-у / MRO;Независимый aftermarket-поставщик запчастей, core engines и модулей ГТУ. Прямо заявлена специализация по light industrial и aeroderivative ГТУ производителей Ruston, European Gas Turbines (EGT), Alstom, Siemens, Rolls-Royce, GEC — то есть ровно родословная SGT-400 (Ruston/EGT/Alstom Cyclone). Заявлены модельные ряды «TA, TB, SGT, AGT & LM». Поставляют крупные сборки (роторы, скиды, вспомогательное оборудование), делают инспекцию ЗИП ГТУ и верификацию поставщиков. Резидент JAFZA с 2002 г. — удобен как free-zone канал.;https://ierfzco.com/;sales@ierfzco.com;+971 4 883 0770;"Larry Howie (указан на странице контактов ссылкой на LinkedIn; должность не указана)";high;На ierfzco.com/energy/light-industrial-aero-derivative/ указано: «light industrial and aero derivative gas turbines for such OEM's as Ruston, European Gas Turbines (EGT), Alstom, Siemens, Rolls Royce, Solar Cat, Allison and GEC». В профиле компании: «GE Heavy Industrial ... together with Light industrial and Aero Derivative Gas Turbines from Siemens, Rolls Royce, EGT, Ruston & GE Turbine models including TA, TB, SGT, AGT, & LM ranges». Адрес: Plot M0771, Building No 31, Road N200, Street N204, PO Box 61460, Jebel Ali Free Zone, Dubai. Факс +971 4 883 0771.
ReflowX;ОАЭ;Дубай (Dubai Production City);онлайн-площадка surplus/б-у оборудования энергетики;"Маркетплейс излишков и нового оборудования энергетического сектора: газовые турбины, генераторы, котлы, трубная продукция, арматура. В листингах присутствуют турбины Siemens SGT (в момент проверки — SGT-500 и SGT5-4000F). Канал для выхода на surplus-лоты Ближнего Востока и на владельцев выводимых пакетов SGT-линейки; SGT-400 конкретно на момент проверки не отображался.";https://www.reflowx.com;info@reflowx.com;"+971 50 955 8356 (WhatsApp); +971 50 384 6311";;med;Главная reflowx.com: «the leading marketplace for surplus and new energy sector equipment», категории Power Generation (gas turbines, generators, boilers), явно упомянуты Siemens SGT-500 и SGT5-4000F. Адрес на сайте: Unit 101, Makateb 2 Bldg, Dubai Production City, UAE. Упоминаний Ruston/Typhoon/Tornado не найдено.
Resource Management Associates Inc. (RMA) — площадки PowerPlantsOnline.com и UtilityWarehouse.com;США;Clackamas / Портленд, Орегон;брокер б-у электростанций и ГТУ;"Брокер комплектных станций и турбоагрегатов; в перечне предлагаемого оборудования прямо указаны Siemens SGT-600, SGT-400, SGT-300 (рядом с GE 9FA, LM6000, LM2500, Frame 6B, Westinghouse 501D5, Solar Mars/Centaur, RR RB211). Полезен для поиска донорских SGT-400 и станций под вывод/разбор, а также торговли лопатками ГТУ/ПТУ («Power Plant Parts, gas and steam turbine blades»).";https://powerplantsonline.com (каталог станций также на https://www.utilitywarehouse.com/info1/powerplantc.html);"milt@rmaglobal.com; sales@rmaglobal.com; lane@rmaglobal.com";"+1 503-351-9898 (Milt Fyre); +1 503-803-2029 (Lane Kadel)";Milt Fyre, Lane Kadel;high;"Каталог utilitywarehouse.com/info1/powerplantc.html («Complete Power Plants» брокера RMA Inc.) содержит позиции Siemens SGT-600 / SGT-400 / SGT-300; контакты на странице — milt@rmaglobal.com, (503) 351-9898, Lane Kadel 503-803-2029. Сайт powerplantsonline.com подтверждает тех же контактных лиц и профиль «brokerage of used and new power generation equipment... Power Plant Parts, gas and steam turbine blades». Юрлицо: Resource Management Associates Inc., 12042 SE Sunnyside Rd., PMB 399, Clackamas, OR 97015 (rmaglobal.com)."
Salvex Group, Inc.;США;Хьюстон, Техас;глобальная площадка surplus/аукцион, ликвидатор активов;Крупнейшая мировая площадка излишков и активов после вывода/остановки объектов. Через неё реально проходили лоты по SGT-400: лот «Siemens SGT-400 60HZ Gas Turbines and Dual Fuel Driven Generators (3 Units)» — «5 years old and never used», инспекция Siemens 2016, «Engine core 12.9 MW(e) rating at ISO», с системами масла, охлаждения и шумозащитными кожухами. Подходит как канал покупки целых установок и разукомплектованных ядер/ЗИП после ликвидации станций.;https://www.salvex.com;sales@salvex.com;+1 713-229-9000;Victor Arria (трейдер по лоту SGT-400), +1 832-699-0028;high;"Карточка лота salvex.com/listings/listing_detail.cfm/aucid/182970643/ — «Siemens SGT-400 60HZ Gas Turbines and Dual Fuel Driven Generators (3 Units)», «never used», «Engine core 12.9 MW(e) rating at ISO»; статус на момент проверки — «This item is no longer available». Реквизиты площадки на сайте: Salvex Group, Inc., 440 Louisiana Street, Suite 550, Houston, TX 77002, «$5.2B Global Marketplace»."
Serviturbinas SAS;Колумбия;Фунса, Кундинамарка (Km 7 autopista Medellín, Parque Industrial INTERPARK);независимый сервис MRO + покрытия + реверс-инжиниринг;29 лет опыта, сервисный центр по газовым и паровым турбинам. Заявленный набор ровно под задачу: ремонт критических компонентов, СПЕЦИАЛЬНЫЕ ПОКРЫТИЯ (special coatings), реверс-инжиниринг и изготовление деталей, полевой сервис и overhaul. Стратегический партнёр американской Trinity Turbine Technology (20+ лет), сервисное покрытие — Колумбия, Эквадор, Венесуэла и ПЕРУ (то есть закрывает сразу несколько стран сегмента). Сертификации по API 611 / API 612 / API 670. Из моделей на сайте явно упомянуты только ГТУ GE 40 МВт — по SGT-400 требуется прямой запрос.;https://serviturbinas.com/;Luis.henriquez@serviturbinas.com;"+57 601 896 6456; +57 313 278 8467";"Fabián Rivero — генеральный директор; Luis Henríquez (коммерческий контакт)";med;"Сайт serviturbinas.com: услуги — 'reparación de componentes', 'recubrimientos especiales', 'ingeniería inversa y fabricación', 'field service' и overhaul для вращающегося оборудования; '29 años de experiencia'; сертификации API 611, API 612, API 670; альянс с Trinity Turbine Technology (США) и покрытие сервисом Колумбии, Эквадора, Венесуэлы и Перу; коммерческое представительство John Crane по Боготе и Кундинамарке. Адрес и телефоны — со страницы контактов сайта. Конкретно SGT-400 не заявлен → med."
TFS Turbine Field Solutions S.A. de C.V. (TFS Corp);Мексика;"Веракрус (Ciudad Industrial Bruno Pagliai); филиал в Боготе, Колумбия";независимый сервис MRO + собственное производство компонентов + испытательный стенд;Ключевой игрок сегмента. На сайте в перечне обслуживаемых машин прямо указаны Siemens SGT-300 и SGT-400, плюс Solar Saturn 20 / Centaur 40 / Centaur 50 / Taurus 60 и Rolls-Royce Allison 501-KB5S/KB7. Развернули первый в мире независимый испытательный стенд (test cell) для SGT-400 в Веракрусе. Технологическая база под горячую часть: Thermal Spray (HVOF, Arc Spray), Laser Cladding, TIG-сварка, термообработка, гальваника, химическая и ультразвуковая очистка, NDT, метрология, инженерия/реверс-инжиниринг (E+D). Цех 15 000 м² (участок ремонта турбин >2 000 м²). Второй стенд строится под Solar Taurus/Centaur. Работают в Мексике, Колумбии, Перу, США, ОАЭ (Дубай) и Азии.;https://www.tfscorp.com.mx/;comercial@tfscorp.com.mx;"+52 229 989 3793; филиал Колумбия: +57 601 426 2000";"Fernando López García Rivera — CEO; Ramón Cuevas — Sales Manager; Gerardo González — Operation and Installations Manager; David López Forero — Territory Sales Manager";high;"Сайт tfscorp.com.mx, раздел Soluciones→Manufactura: в списке моделей значатся 'Siemens: SGT-300, SGT-400'; там же перечень процессов 'Thermal Spray (HVOF, Arc Spray)', 'Laser Cladding', 'TIG Welding'. Контакты с главной страницы: 'Framboyanes 3303, Colonia Industrial Bruno Pagliai, Veracruz, México C.P. 91697', тел. +52.229.989.3793, comercial@tfscorp.com.mx. Пресса 03.08.2026 (El Heraldo de México, MEXICONOW, Mexico Business News): 'Empresa mexicana TFS instala el primer banco avanzado de pruebas para turbinas SGT-400 en el mundo'; там же — 20+ лет опыта, цех 15 000 м², рынки Колумбия/Перу/США/Дубай/Азия. Юрлицо в Колумбии: 'TFS Turbine Field Solutions Colombia', NIT 9014384303, Carrera 9 #78-31, Bogotá D.C., тел. 601-426-2000, вид деятельности 'Instalación especializada de maquinaria y equipo industrial' (informacolombia.com). ПРИМЕЧАНИЕ: компания есть в стоп-листе как известная — здесь даны НОВЫЕ полные контакты (прямые ФИО, телефон, email, адрес, колумбийское юрлицо)."
TOCALO Co., Ltd. (トーカロ株式会社);Япония / Китай;"Kobe, Chuo-ku (HQ); завод в Guangzhou, Китай";покрытия — крупнейший японский подрядный цех термического напыления;Крупнейший в Японии универсальный подрядчик по термическому напылению, работающий именно как job shop (детали заказчика). Технологический набор полностью закрывает горячую часть ГТУ: атмосферное плазменное напыление (APS) под YSZ-термобарьер, плазменное напыление в разрежении / LPPS-VPS (減圧プラズマ溶射) — именно этот процесс нужен для плотного MCrAlY-подслоя, высокоскоростное газопламенное HVOF (高速フレーム溶射), суспензионное плазменное (SPS), дуговое и газопламенное напыление, а также собственные покрытия CDC-ZAC и мокрые процессы. В разделе энергетики прямо указывают лопатки турбин, работающие в среде высокотемпературной коррозии. Дочерняя площадка в Гуанчжоу (КНР) даёт азиатскую цену при японской системе качества.;https://www.tocalo.co.jp/english/;не найдено (только форма /contact/technical/);"+81 78 303 3433 (HQ Kobe); +86 20 8298 6789 (завод в Гуанчжоу)";;med;"Страница /solution/field-energy/: 'ボイラやタービンブレードのような高温腐食環境下で使用される部材に溶射を適用することで、耐久性が大幅に向上します' (нанесение напыления на детали, работающие в высокотемпературной коррозионной среде, такие как лопатки турбин); отдельный подзаголовок 'タービンブレード'. Список технологий на том же разделе: 大気プラズマ溶射 (APS), 減圧プラズマ溶射 (LPPS/VPS), アーク溶射, 高速フレーム溶射 (HVOF), 粉末式フレーム溶射, 溶線式フレーム溶射, サスペンションプラズマ溶射 (SPS), CDC-ZACコーティング. Компания описывает себя как '溶射を中心とした各種表面改質の総合メーカー'. Адрес HQ (/company/corporate/, /company/list/): 〒650-0047 兵庫県神戸市中央区港島南町6-4-4, TEL 078-303-3433, FAX 078-303-3435. Китайская площадка: 中華人民共和国広東省広州市 ... 禾豊二街9号, TEL 86-20-8298-6789."
"TurboPre Services, C.A. (+ TurboPre Services S. de R.L. de C.V., Мексика; TurboPre Corporation, Панама)";Венесуэла (штаб) / Мексика / Панама;Маракайбо, штат Сулия (штаб);независимый сервис MRO + цеховые работы;"Опыт с 1973 г.; один из основных подрядчиков по ремонту, обслуживанию и специализированной техподдержке ГАЗОВЫХ турбин мощностью до 180 МВт (и паровых до 400 МВт), генераторов и компрессоров для электроэнергетики, нефтехимии, НПЗ и Oil&Gas. Есть направление 'Servicios de taller' (цеховые работы) помимо полевого сервиса. Важно для сегмента: наличие мексиканского юрлица (S. de R.L. de C.V.) даёт легальный вход в мексиканский парк SGT. Конкретные модели (SGT/Ruston/Typhoon) на сайте не перечислены — требуется прямой запрос по SGT-400.";https://turbopreservices.com/;ventas@turbopreservices.com;+58 261 817 0100;;low;Сайт turbopreservices.com, разделы 'Servicios de campo – Turbinas a Gas' и 'Servicios de taller': заявлена траектория 'desde 1973', ремонт и обслуживание газовых турбин до 180 МВт и паровых до 400 МВт, генераторов и компрессоров. Контакты со страницы: 'Avenida 62 Cruce con calle 146 Nº 05 Maracaibo, Edo Zulia Venezuela', ventas@turbopreservices.com, +58 261.817.01.00. Наличие дочерних 'TurboPre Services S de RL de CV' (Мексика) и 'TurboPre Corporation' (Панама) — из корпоративного описания компании. Модели SGT не подтверждены → low/med.
Türbin Bakım San. Ltd. Şti.;Турция;Стамбул (Şişli, Ayazağa);независимый сервис MRO / поставщик ЗИП;Профильный турецкий сервис по ремонту газовых турбин и компрессоров. Инженерная поддержка прямо по Ruston TA и TB — то есть по рустоновскому наследию, из которого выросла линейка SGT (SGT-400 = Ruston/EGT/Alstom Cyclone), а также Solar Saturn, Centaur 40/50, Taurus 60, GEC EAS1/EM85. Держат большой склад ЗИП, представляют Greenray Turbine Solutions по Турции и СНГ (важно: канал в СНГ). По SGT-400 и по горячей части напрямую не заявлены — уточнять запросом.;https://turbinbakim.com/;Bulent@turbinbakim.com;+90 212 283 0600;Bülent;med;"На turbinbakim.com: инженерная поддержка по «Solar Saturn, Centaur 40/50, Taurus 60, Ruston TA and TB, GEC EAS1/EM85»; «represent Greenray Turbine Solutions for power turbine parts and service in Turkey and CIS countries»; заявлены ремонт компонентов и «large inventory of spare parts». Адрес: Ayazağa Mah. 117 Sok. No. 20, Şişli, İstanbul 34396. Моделей Siemens SGT-100/200/300/400 и работ по камере сгорания на сайте нет — отсюда med."
USP&E Global (US Power & Environment);ЮАР / США / ОАЭ;"Sandton–Bryanston (Йоханнесбург); офисы Knoxville, Dubai, Западная Африка";дилер/брокер б-у ГТУ + EPC/O&M подрядчик;Держит инвентарь б/у газовых турбин, где прямо указаны Siemens SGT-300, SGT-400, SGT-600 наряду с GE LM2500/TM2500/Frame 5-9. Есть отдельная карточка «Used Siemens SGT-400 Natural Gas Turbine Generator – 14.4 MW, 2019, 50 Hz, 10500 V». Канал для покупки целого пакета SGT-400 или донорского агрегата под разбор на ЗИП.;https://uspeglobal.com (альт. домен https://newgasturbines.com);"info@uspeglobal.com; общая почта info@uspowerco.com";"+27 10 822 2324; +1 612-803-8112";;high;Страница контактов на их же домене newgasturbines.com/contact-us: «New/Used Gas Turbines Available», адрес Block C, The Main Straight Office Park, 392 Main Rd, Bryanston, Sandton 2191, телефоны +27 10 822 2324 и +1 612-803-8112, info@uspeglobal.com. Инвентарь подтверждён сниппетами их собственных страниц uspeglobal.com/inventory/natural-gas-turbines («plus Siemens SGT-300, SGT-400, SGT-600...») и uspeglobal.com/inventory/used-siemens-sgt-400-natural-gas-turbine-generator-for-sale («14.4 MW, 2019, 50 Hz, 10500V»). ВАЖНО: сам сайт закрыт Cloudflare-проверкой, прямое чтение страниц инвентаря не удалось — контакты брались с их альтернативного домена.
Wuxi Turbine Blade Co., Ltd. (WTB, 无锡透平叶片有限公司);Китай;Wuxi (Уси), пров. Цзянсу;завод (поковки + мехобработка + спецпроцессы, есть литейное производство);"Крупнейший в КНР производитель лопаток энергетических турбин, включая ГТУ; дочерняя компания Shanghai Prime Machinery (Shanghai Electric). Полный цикл «ковка + мехобработка + спецпроцессы»: лопатки, диски, крыльчатки, корпуса для паровых турбин, ГТУ, АЭС и авиадвигателей. Мощность ~50 000 лопаток/год, >80% рынка крупногабаритных лопаток в Китае. Релевантен прежде всего по компрессорным (кованым) лопаткам и дискам линейки SGT; по литой горячей части — уточнять. Конкретных моделей Siemens SGT/Ruston на сайте не заявлено.";https://www.turblade.com;marketing@turblade.com;+86-510-85764673;"не найдено (общий отдел маркетинга; в открытых источниках также yangdd@turblade.com, guh@turblade.com)";high;"Профиль на Made-in-China (шоурум WTB): «mainly produces various kinds of blades for turbine of power station, industrial turbine, gas turbine and large power generator»; оборудование — винтовой пресс 11 200 т и гидровинтовой 4 000 т; материалы: обычные стали, титан, алюминий, суперсплавы, нержавеющая сталь; экспорт в США, Германию, Сингапур, Тайвань. Baidu Baike/Bloomberg: дочерняя компания Shanghai Prime Machinery (2345.HK, Shanghai Electric), основана 15.04.1980, площадка 230 000 м2 в Huishan Economic Development District. Адрес: 1800 Huishan Avenue, Huishan Economical Development District, Wuxi 214174 (также указывается 305 Qingyang Rd — старая площадка). Контакты — из каталогов Kompass/Expocentr/RocketReach, не подтверждены звонком."
Jiangsu Tunan Alloy Co., Ltd. (江苏图南合金股份有限公司, Toland Alloy, SZSE 300855);Китай;Danyang (Даньян), пров. Цзянсу;завод: металлургия суперсплавов (шихтовые/мастер-сплавы, деформируемые) + литейка прецизионных отливок;Одна из немногих компаний КНР с полным циклом: и деформируемые, и литейные жаропрочные сплавы (мастер-сплав + прецизионные отливки). На сайте прямо указано применение отливок «航空、燃气轮机领域» (авиация и ГАЗОВЫЕ ТУРБИНЫ), деформируемых суперсплавов — тоже 燃气轮机. Полезен двояко: как литейщик деталей горячей части и как поставщик шихтового сплава (IN738/IN939-аналоги) для других литеек при локализации. Конкретных деталей SGT-400 не заявляет.;https://www.toland-alloy.com;;;;med;"Официальный сайт toland-alloy.com: «江苏图南合金股份有限公司», адрес «江苏省丹阳市凤林大道9号», индекс 212352, биржевой код 300855; раздел продукции — 铸造高温合金 «主要应用于航空、燃气轮机领域» (литейные суперсплавы применяются в авиации и ГТУ), деформируемые суперсплавы — для ГТУ, авиадвигателей, нефтехимии. Аналитический профиль (Futu/300855): «one of the few enterprises in China that can mass produce wrought superalloys and cast superalloys (master alloys, precision castings) at the same time», основан в 1994 (НИОКР по суперсплавам), серийное производство с 2015. Страница contact.html вернула 404 — телефон/почту не подтвердил."
TEMISA (Turbinas y Máquinas Industriales);Аргентина;не найдено (сайт temisa.com.ar на момент проверки отдавал HTTP 503);независимый сервис MRO + изготовление запчастей;Единственная найденная в Аргентине компания, которая ПРЯМО перечисляет Ruston в списке поддерживаемых производителей турбин — а Ruston это прямой предок линейки SGT-100/200/300/400 (Typhoon/Tornado/Tempest/Cyclone). Полный список заявленных OEM: General Electric, Pratt & Whitney, AEG, Alstom, Nuovo Pignone, Hitachi, Sulzer, Fiat, Ruston, Brown Boveri, Solar, Hispano Suiza, Siemens, Skoda, Allis Chalmers, Elliott, MAN, Worthington, Terry, Blohm+Voss. Занимаются не только обслуживанием и ремонтом газовых и паровых турбин, но и 'provisión y fabricación de repuestos' — поставкой И ИЗГОТОВЛЕНИЕМ запчастей. Инженеры и техники обучены и квалифицированы самими изготовителями турбин. Требует прямого контакта для проверки компетенции по горячей части SGT-400.;http://www.temisa.com.ar/;;;;med;"Страницы temisa.com.ar и temisa.com.ar/servicios.html (индексированные, описание из выдачи): 'empresa dedicada principalmente al Mantenimiento y Reparación de Turbinas de Gas y de Vapor y de Máquinas Rotantes; así como a la provisión y fabricación de repuestos para las mismas'; список OEM с явным упоминанием 'Ruston' наряду с Siemens, Alstom, Solar, GE, Nuovo Pignone. Также листинг на отраслевом портале nuevaferia.com.ar ('Servicio De Mantenimiento De Turbinas De Gas Y Vapor | Temisa'). Прямые контакты вытащить не удалось — оба ресурса отдавали 503, поэтому телефон/email НЕ ВЫДУМАНЫ и помечены как не найдено → confidence med."
Industrial Turbine Services s.r.l. (ITS Parts);Румыния;Balș (județul Olt);независимый поставщик ЗИП / сервис MRO (non-OEM);Явно заявляет линейку Siemens/Ruston: TA Series, TB Series, TYPHOON (SGT-100), TORNADO (SGT-200), TEMPEST, CYCLONE (SGT-400) — то есть ровно наш семейный ряд, включая сам SGT-400. Также Solar (Centaur/Taurus/Saturn/Mars) и GE MS-серия. Поставляют оригинальные излишки OEM и инженерные аналоги, есть обменный фонд (exchange programs), капремонт и полевой сервис. Подчёркивают полную независимость от OEM. Восточноевропейская площадка — потенциально более гибкая по санкционному комплаенсу и цене, чем UK/IT.;https://www.its-parts.com;sales@its-parts.com;+40 721 696 626 (также WhatsApp);;med;"Сайт its-parts.com: «an European supplier, located in Romania», «a global supplier of gas turbine replacements», бренды — «Siemens/Ruston: TA Series, TB Series, Typhoon, Tornado, Tempest, Cyclone»; услуги — parts supply, field services, exchange programs, overhaul and repair; «FULLY INDEPENDENT from all OEM's». Адрес: Tudor Vladimirescu 76, Balș, Olt, 235100, Romania; тел. 0040.721.696.626, sales@its-parts.com. Отдельный раздел именно по камерам сгорания/горелкам на сайте не выделен — номенклатуру по MW21215M/MW22316B нужно запрашивать письмом; отсюда confidence=med."
ООО «Газ Турбайн Сервисез» (Gas Turbine Services);Россия;Тюмень (второе подразделение — Калуга);независимый сервис MRO;Обслуживает малую линейку Siemens — на сайте названы SGT-100 и SGT-200 (родственные SGT-400 по конструктиву Ruston/Alstom), а также GE и Solar. Выполняют все виды механических работ: разборка/сборка, монтаж, замена и ремонт деталей и узлов, ТО и инспекции. Молодая компания (создана в 2024 г.), собранная под импортозамещение сервиса — вероятна готовность браться за нестандартные работы по SGT-400.;https://gtservices.ru;info@gtservices.ru;+7 (912) 790-27-16;;med;"gtservices.ru: обслуживаемые модели — Siemens SGT-100, SGT-200, General Electric, Solar Turbines; «все виды механических работ, включая разборку, сборку, монтаж, замену и ремонт деталей и узлов». Адрес: 625059, г. Тюмень, ул. Щербакова, д. 170, стр. 16; info@gtservices.ru; +7 (912) 790-27-16. Специализация именно по камерам сгорания на главной странице не детализирована."
