to,cc,seller,country,phone,lang,subject,body,lines,firm_lines,qty_total,pns
info@hardtoget.parts,,HardToGet.Parts,Россия,+7 495 108-10-05; +7 495 108 10 05,ru,Запрос твёрдого предложения: 12 позиций,"Здравствуйте, HardToGet.Parts!

Мы закупаем запасные части для газотурбинного и газопоршневого генерирующего оборудования. Позиции ниже нашли у вас и просим твёрдое предложение.

1. 950232C1 — 4 шт; бренд Solar; Резиновая прокладка Солар Taurus 60S 950232C1
   ваша карточка: https://hardtoget.parts/stock-list/
   цена на карточке: 500.0 EUR
   показанный остаток: 100
2. 903375C1 — 4 шт; бренд Solar; Штуцер Солар Taurus 70 903375C1
   ваша карточка: https://hardtoget.parts/stock-list/
   цена на карточке: 390.0 EUR
   показанный остаток: 2
3. 993359C1 — 3 шт; бренд Solar; УПЛОТНИТЕЛЬНОЕ КОЛЬЦО Солар Taurus 70MD 993359C1
   ваша карточка: https://hardtoget.parts/stock-list/
   цена на карточке: 30.0 EUR
   показанный остаток: 50
4. 1034347-1 — 2 шт; бренд Solar; АКСЕЛЕРОМЕТР, 25 МВ/Г Солар Taurus 60S 1034347-1
   ваша карточка: https://hardtoget.parts/stock-list/
   цена на карточке: 2100.0 EUR
   показанный остаток: 5
5. 116091-21 — 2 шт; бренд Solar; УКАЗАТЕЛЬ УРОВНЯ ЖИДКОСТИ Солар Taurus 60S 116091-21
   ваша карточка: https://hardtoget.parts/stock-list/
   цена на карточке: 1000.0 EUR
   показанный остаток: 5
6. 70-31237-1 — 2 шт; бренд Solar; МАГНИТ, КАЛИБРОВОЧНЫЙ Солар Taurus 70MD 70-31237-1
   ваша карточка: https://hardtoget.parts/stock-list/
   цена на карточке: 65.0 EUR
   показанный остаток: 2
7. 998882C1 — 1 шт; бренд Solar; КАТУШКА И КРЫШКА В СБОРЕ, КЛАПАН СОЛАР Taurus 70 и Taurus 70MD (унифицированнные) 998882C1
   ваша карточка: https://hardtoget.parts/stock-list/
   цена на карточке: 600.0 EUR
   показанный остаток: 100
8. 604014C1 — 1 шт; бренд Solar; ЭЛЕМЕНТ, ФИЛЬТРУЮЩИЙ ЭЛЕМЕНТ, СЕТЧАТЫЙ СОЛАР Taurus 70 и Taurus 70MD (унифицированнные) 604014C1
   ваша карточка: https://hardtoget.parts/stock-list/
   цена на карточке: 300.0 EUR
   показанный остаток: 1
9. 999340C1 — 1 шт; бренд Solar; ЭЛЕМЕНТ, ФИЛЬТРУЮЩИЙ, МАСЛЯНЫЙ ТУМАН, КОАЛЕСЦИРУЮЩИЙ СОЛАР Taurus 70 и Taurus 70MD (унифицированнные) 999340C1
   ваша карточка: https://hardtoget.parts/stock-list/
   цена на карточке: 28000.0 EUR
   показанный остаток: 1
10. 1046491 — 1 шт; бренд Solar; ШЛАНГ В СБОРЕ, 2,0 ДЮЙМА X 29,0 ДЮЙМА СОЛАР Taurus 70 и Taurus 70MD (унифицированнные) 1046491
   ваша карточка: https://hardtoget.parts/stock-list/
   цена на карточке: 5700.0 EUR
   показанный остаток: 10
11. 1053038-28 — 1 шт; бренд Solar; РАЗЪЕДИНИТЕЛЬ, ВЫХОДНОЕ РЕЛЕ СОЛАР Taurus 70 и Taurus 70MD (унифицированнные) 1053038-28
   ваша карточка: https://hardtoget.parts/stock-list/
   цена на карточке: 900.0 EUR
   показанный остаток: 1
12. 1089241-28 — 1 шт; бренд Solar; ИСТОЧНИК ПИТАНИЯ Солар Taurus 70MD, 42 ВТ, 24 В ПОСТ. ТОКА 1089241-28
   ваша карточка: https://hardtoget.parts/stock-list/
   цена на карточке: 2500.0 EUR
   показанный остаток: 5

По каждой позиции просим подтвердить:
  1) подтверждённый остаток на сегодня — числом, а не формулировкой «в наличии»
  2) срок под ВЕСЬ наш объём и отдельно под ту часть, что отгружаете сейчас
  3) цена за штуку и за весь объём, нетто, в вашей валюте
  4) срок действия предложения
  5) Инкотермс и пункт отгрузки
  6) состояние: новое в заводской упаковке, складской остаток или восстановленное; гарантия
  7) страна происхождения и код ТН ВЭД
  8) условия возврата, если деталь не совпала с шильдиком

Если позиции нет в полном объёме — напишите прямо и дайте цену на то, что отгружаете: частичное покрытие нам полезно, а неподтверждённое «в наличии» — нет. Если можете предложить прямой аналог изготовителя узла — дайте его отдельной строкой с указанием номера.

С уважением,
",12,11,23,950232C1; 903375C1; 993359C1; 1034347-1; 116091-21; 70-31237-1; 998882C1; 604014C1; 999340C1; 1046491; 1053038-28; 1089241-28
sklep@abmicro.pl,,AB-Micro,PL,+48 22 545 15 20,en,Request for firm quotation — 8 line items,"Dear AB-Micro team,

We are a procurement company sourcing spare parts for gas turbine and gas engine power generation equipment. We found the positions below on your listings and ask you for a firm quotation.

1. P/N 2CDS251001R0277 — 2 pcs; brand ABB; Выключатель ABB S201 арт.2CDS251001R0277
   your listing: https://sklep.abmicro.pl/s200/4991-s201-k2-wylacznik-nadmiarowo-pradowy-1p-char-k-2a-6ka-ac-.html
   price we see on the listing: 55.15 PLN
   stock shown: 3
2. P/N 2CDS251001R0278 — 2 pcs; brand ABB; Выключатель ABB S201 2CDS251001R0278
   your listing: https://sklep.abmicro.pl/s200/358-s201-z2-wylacznik-nadmiarowo-pradowy-4016779530354.html
   price we see on the listing: 59.27 PLN
   stock shown: 147
3. P/N 2CDS251001R0337 — 2 pcs; brand ABB; Выключатель ABB S201 2CDS251001R0337
   your listing: https://sklep.abmicro.pl/s200/4597-s201-k4-wylacznik-nadmiarowo-pradowy.html
   price we see on the listing: 55.15 PLN
   stock shown: 13
4. P/N 2CDS251001R0338 — 2 pcs; brand ABB; Выключатель ABB S201 арт.2CDS251001R0338
   your listing: https://sklep.abmicro.pl/s200/361-s201-z4-wylacznik-nadmiarowo-pradowy-4016779530378.html
   price we see on the listing: 59.27 PLN
   stock shown: 39
5. P/N 2CDS251001R0377 — 2 pcs; brand ABB; Выключатель ABB S201 арт.2CDS251001R0377
   your listing: https://sklep.abmicro.pl/s200/352-s201-k6-wylacznik-nadmiarowo-pradowy-4016779507257.html
   price we see on the listing: 55.15 PLN
   stock shown: 3
6. P/N 2CDS251001R0378 — 2 pcs; brand ABB; Выключатель ABB S201 арт.2CDS251001R0378
   your listing: https://sklep.abmicro.pl/s200/362-s201-z6-wylacznik-nadmiarowo-pradowy-4016779530408.html
   price we see on the listing: 59.27 PLN
   stock shown: 15
7. P/N 2CDS251001R0427 — 2 pcs; brand ABB; Выключатель ABB S201 арт.2CDS251001R0427
   your listing: https://sklep.abmicro.pl/s200/2662-s201-k10-wylacznik-nadmiarowo-pradowy-4016779496117.html
   price we see on the listing: 45.95 PLN
   stock shown: 8
8. P/N 2CDS251001R0467 — 2 pcs; brand ABB; Выключатель ABB S201 арт.2CDS251001R0467
   your listing: https://sklep.abmicro.pl/s200/351-s201-k16-wylacznik-nadmiarowo-pradowy-4016779496124.html
   price we see on the listing: 45.95 PLN
   stock shown: 5

For each position, please confirm:
  1) confirmed quantity on hand today, as a number (not «in stock»)
  2) lead time for the FULL quantity we ask, and for the part of it you can ship now
  3) unit price and total price for the full quantity, net, in your currency
  4) how long the quote stays valid
  5) Incoterms and shipping point
  6) condition: new, factory-sealed, surplus or refurbished; warranty term
  7) country of origin and HS code
  8) return policy if the part does not match the nameplate

If a position is not available in the full quantity, please say so plainly and quote what you can ship — partial coverage is useful to us, an unconfirmed «in stock» is not. If you can offer a direct equivalent from the original component manufacturer, quote it as an alternative and name the part number.

Best regards,
",8,8,16,2CDS251001R0277; 2CDS251001R0278; 2CDS251001R0337; 2CDS251001R0338; 2CDS251001R0377; 2CDS251001R0378; 2CDS251001R0427; 2CDS251001R0467
info@marvo.com,,Marvo,US,+1 847 900 9764,en,Request for firm quotation — 8 line items,"Dear Marvo team,

We are a procurement company sourcing spare parts for gas turbine and gas engine power generation equipment. We found the positions below on your listings and ask you for a firm quotation.

1. P/N 321-1BH02-0AA0 — 2 pcs; brand Siemens; DI 16xDC 24V
   your listing: https://www.marvo.com/en-us/siemens/product/6es7321-1bh02-0aa0
   price we see on the listing: 340.29 USD
   stock shown: 177
2. P/N 321-1BL00-0AA0 — 2 pcs; brand Siemens; DI 32xDC 24V
   your listing: https://www.marvo.com/en-us/siemens/product/6es7321-1bl00-0aa0
   price we see on the listing: 523.26 USD
   stock shown: 218
3. P/N 322-1BL00-0AA0 — 2 pcs; brand Siemens; DO 32xDC 24V/0.5A
   your listing: https://www.marvo.com/en-us/siemens/product/6es7322-1bl00-0aa0
   price we see on the listing: 640.86 USD
   stock shown: 217
4. P/N 331-1KF02-0AB0 — 2 pcs; brand Siemens; AI 8x13 BIT
   your listing: https://www.marvo.com/en-us/siemens/product/6es7331-1kf02-0ab0
   price we see on the listing: 691.83 USD
   stock shown: 86
5. P/N 331-7PF01-0AB0 — 2 pcs; brand Siemens; AI 8xRTD
   your listing: https://www.marvo.com/en-us/siemens/product/6es7331-7pf01-0ab0
   price we see on the listing: 1150.56 USD
   stock shown: 34
6. P/N 331-7PF11-0AB0 — 2 pcs; brand Siemens; AI 8xTC
   your listing: https://www.marvo.com/en-us/siemens/product/6es7331-7pf11-0ab0
   price we see on the listing: 1261.63 USD
   stock shown: 50
7. P/N 405-0KA02-0AA0 — 2 pcs; brand Siemens; PS 405 10A
   your listing: https://www.marvo.com/en-us/siemens/product/6es7405-0ka02-0aa0
   price we see on the listing: 949.82 USD
   stock shown: 6
8. P/N 414-5HM06-0AB0 — 2 pcs; brand Siemens; CPU 414-5H PN/DP
   your listing: https://www.marvo.com/en-us/siemens/product/6es7414-5hm06-0ab0
   price we see on the listing: 7019.41 USD
   stock shown: 3

For each position, please confirm:
  1) confirmed quantity on hand today, as a number (not «in stock»)
  2) lead time for the FULL quantity we ask, and for the part of it you can ship now
  3) unit price and total price for the full quantity, net, in your currency
  4) how long the quote stays valid
  5) Incoterms and shipping point
  6) condition: new, factory-sealed, surplus or refurbished; warranty term
  7) country of origin and HS code
  8) return policy if the part does not match the nameplate

If a position is not available in the full quantity, please say so plainly and quote what you can ship — partial coverage is useful to us, an unconfirmed «in stock» is not. If you can offer a direct equivalent from the original component manufacturer, quote it as an alternative and name the part number.

Best regards,
",8,8,16,321-1BH02-0AA0; 321-1BL00-0AA0; 322-1BL00-0AA0; 331-1KF02-0AB0; 331-7PF01-0AB0; 331-7PF11-0AB0; 405-0KA02-0AA0; 414-5HM06-0AB0
sales@classicautomation.com,,Classic Automation,США,+1 585-241-6010,en,Request for firm quotation — 13 line items,"Dear Classic Automation team,

We are a procurement company sourcing spare parts for gas turbine and gas engine power generation equipment. We found the positions below on your listings and ask you for a firm quotation.

1. P/N 6ES7331-7KF02-0AB0 — 10 pcs; brand Siemens; МОДУЛЬ ВВОДА АНАЛОГОВЫХ СИГНАЛОВ 8 каналов СИМЕНС 6ES7331-7KF02-0AB0
   your listing: https://www.classicautomation.com/6es7331-7kf02-0ab0
   price we see on the listing: 479.0 USD
   stock shown: 6
2. P/N 6ES7197-1LA04-0XA0 — 8 pcs; brand Siemens; Интерфейсный модуль Profibus ET200M/LINK SIEMENS SGT400 6ES7197-1LA04-0XA0
   your listing: https://www.classicautomation.com/6es7197-1la04-0xa0
3. P/N 1756-PB75 — 7 pcs; brand Solar; Блок питания шасси контроллера Солар Taurus 60S 1756-PB75
   your listing: https://www.classicautomation.com/1756-pb75b
   price we see on the listing: 899.0 USD
   stock shown: 6
4. P/N KFD2-EB2 — 6 pcs; brand Solar; БЛОК РАЗВЯЗКИ, ФИДЕР ПИТАНИЯ Солар Taurus 70MD KFD2-EB2
   your listing: https://www.classicautomation.com/kfd2-eb2
   price we see on the listing: 34.0 USD
   stock shown: 3
5. P/N 312-1AE14-0AB0 — 3 pcs; brand Siemens; CPU 312
   your listing: https://www.classicautomation.com/6es7312-1ae14-0ab0
   price we see on the listing: 295.0 USD
   stock shown: 2
6. P/N 6ES7321-1BH02-0AA0 — 2 pcs; brand Siemens; Модуль вывода дискретных сигналов СИМЕНС SGT-400 6ES7321-1BH02-0AA0
   your listing: https://www.classicautomation.com/Part/6es7321-1bh02-0aa0
   price we see on the listing: 49.0 USD
   stock shown: 87
7. P/N 6ES7341-1CH02-0AE0 — 2 pcs; brand Siemens; Коммуникационный процессор MODBUS CP341 СИМЕНС 6ES7341-1CH02-0AE0
   your listing: https://www.classicautomation.com/Part/6es7341-1ch02-0ae0
8. P/N 6ES7952-1AK00-0AA0 — 2 pcs; brand Siemens; КАРТА ПАМЯТИ ДЛЯ S7-400, RAM, 1 МБАЙТ СИМЕНС SGT-400 6ES7952-1AK00-0AA0
   your listing: https://www.classicautomation.com/Part/6es7952-1ak00-0aa0
   price we see on the listing: 270.0 USD
   stock shown: 51
9. P/N 6ES7952-1AS00-0AA0 — 2 pcs; brand Siemens; КАРТА ПАМЯТИ ДЛЯ S7-400, RAM, 16 МБАЙТ СИМЕНС 6ES7952-1AS00-0AA0
   your listing: https://www.classicautomation.com/Part/6es7952-1as00-0aa0
   price we see on the listing: 3968.0 USD
   stock shown: 15
10. P/N 2963912 — 1 pcs; brand Phoenix contact; Реле PSR-SCP-24UC/ESAM4/8X1/1X2 2963912
   your listing: https://www.classicautomation.com/parts/phoenix-contact/2963912
11. P/N 6GK5204-2BB10-2AA3 — 1 pcs; brand Siemens; УПРАВЛЯЕМЫЙ IE КОММУТАТОР  SCALANCE X204 СИМЕНС 6GK5204-2BB10-2AA3
   your listing: https://www.classicautomation.com/6GK5204-2BB10-2AA3
   price we see on the listing: 790.0 USD
   stock shown: 2
12. P/N 6GK5612-0BA10-2AA3 — 1 pcs; brand Siemens; Брандмауэр SCALANCE S612 для защиты технологических сетей СИМЕНС 6GK5612-0BA10-2AA3
   your listing: https://www.classicautomation.com/6GK5612-0BA10-2AA3
   price we see on the listing: 995.0 USD
   stock shown: 2
13. P/N 6ES7332-7ND02-0AB0 — 1 pcs; brand Siemens; Модуль аналогового вывода 4 канала СИМЕНС SGT-400 6ES7332-7ND02-0AB0
   your listing: https://www.classicautomation.com/6es7332-7nd02-0ab0
   price we see on the listing: 590.0 USD

For each position, please confirm:
  1) confirmed quantity on hand today, as a number (not «in stock»)
  2) lead time for the FULL quantity we ask, and for the part of it you can ship now
  3) unit price and total price for the full quantity, net, in your currency
  4) how long the quote stays valid
  5) Incoterms and shipping point
  6) condition: new, factory-sealed, surplus or refurbished; warranty term
  7) country of origin and HS code
  8) return policy if the part does not match the nameplate

If a position is not available in the full quantity, please say so plainly and quote what you can ship — partial coverage is useful to us, an unconfirmed «in stock» is not. If you can offer a direct equivalent from the original component manufacturer, quote it as an alternative and name the part number.

Best regards,
",13,7,46,6ES7331-7KF02-0AB0; 6ES7197-1LA04-0XA0; 1756-PB75; KFD2-EB2; 312-1AE14-0AB0; 6ES7321-1BH02-0AA0; 6ES7341-1CH02-0AE0; 6ES7952-1AK00-0AA0; 6ES7952-1AS00-0AA0; 2963912; 6GK5204-2BB10-2AA3; 6GK5612-0BA10-2AA3; 6ES7332-7ND02-0AB0
info@tek-el.ru,,ТЕК-ЭЛ,RU,+7 495 545-46-78; +7 4942 31-24-97,ru,Запрос твёрдого предложения: 6 позиций,"Здравствуйте, ТЕК-ЭЛ!

Мы закупаем запасные части для газотурбинного и газопоршневого генерирующего оборудования. Позиции ниже нашли у вас и просим твёрдое предложение.

1. 2CDS251001R0024 — 2 шт; бренд ABB; Выключатель ABB 2CDS251001R0024
   ваша карточка: https://tek-el.ru/item/701418
   цена на карточке: 739.0 RUB
   показанный остаток: 765
2. 2CDS251001R0064 — 2 шт; бренд ABB; Выключатель АВВ S201-C6 2CDS251001R0064
   ваша карточка: https://tek-el.ru/item/701424
   цена на карточке: 558.1 RUB
   показанный остаток: 6457
3. 2CDS251001R0428 — 2 шт; бренд ABB; Выключатель ABB S201 арт.2CDS251001R0428
   ваша карточка: https://tek-el.ru/item/701465
   цена на карточке: 1424.0 RUB
   показанный остаток: 22
4. 2CDS251001R0488 — 2 шт; бренд ABB; Выключатель ABB S201 арт.2CDS251001R0488
   ваша карточка: https://tek-el.ru/item/701470
   цена на карточке: 1609.0 RUB
   показанный остаток: 14
5. 2CSR255080R1164 — 2 шт; бренд ABB; Выключатель ABB DS201 арт2CSR255080R1164
   ваша карточка: https://tek-el.ru/item/905457
   цена на карточке: 6067.0 RUB
   показанный остаток: 2688
6. 2CSR255180R1104 — 2 шт; бренд ABB; Выключатель ABB DS201 арт2CSR255180R1104
   ваша карточка: https://tek-el.ru/item/905373
   цена на карточке: 7422.0 RUB
   показанный остаток: 117

По каждой позиции просим подтвердить:
  1) подтверждённый остаток на сегодня — числом, а не формулировкой «в наличии»
  2) срок под ВЕСЬ наш объём и отдельно под ту часть, что отгружаете сейчас
  3) цена за штуку и за весь объём, нетто, в вашей валюте
  4) срок действия предложения
  5) Инкотермс и пункт отгрузки
  6) состояние: новое в заводской упаковке, складской остаток или восстановленное; гарантия
  7) страна происхождения и код ТН ВЭД
  8) условия возврата, если деталь не совпала с шильдиком

Если позиции нет в полном объёме — напишите прямо и дайте цену на то, что отгружаете: частичное покрытие нам полезно, а неподтверждённое «в наличии» — нет. Если можете предложить прямой аналог изготовителя узла — дайте его отдельной строкой с указанием номера.

С уважением,
",6,6,12,2CDS251001R0024; 2CDS251001R0064; 2CDS251001R0428; 2CDS251001R0488; 2CSR255080R1164; 2CSR255180R1104
contact@plcdepartment.com,,PLC Department,USA,+1 833 800 7748,en,Request for firm quotation — 5 line items,"Dear PLC Department team,

We are a procurement company sourcing spare parts for gas turbine and gas engine power generation equipment. We found the positions below on your listings and ask you for a firm quotation.

1. P/N 1756-CN2R — 12 pcs; brand Solar; Интерфейсная карта Солар Taurus 60S 1756-CN2R
   your listing: https://www.plcdepartment.com/products/1756-cn2r-allen-bradley
   stock shown: 7 (Surplus-Tested) + 4 (New/Open-Box) = 11
2. P/N 1756-CN2RXT — 9 pcs; brand Solar; Интерфейсная карта Солар Taurus 70MD 1756-CN2RXT
   your listing: https://www.plcdepartment.com/products/1756-cn2rxt-allen-bradley
   stock shown: 3 (Surplus-Tested) + 5 (New/Open-Box) = 8
3. P/N 6GK5206-1BB10-2AA3 — 2 pcs; brand Siemens; УПРАВЛЯЕМЫЙ IE КОММУТАТОР  SCALANCE X206-1 СИМЕНС 6GK5206-1BB10-2AA3
   your listing: https://plcdepartment.com/products/6gk5206-1bb10-2aa3
   price we see on the listing: 1264.6 USD
   stock shown: 3
4. P/N 6GK1503-3CB00 — 2 pcs; brand Siemens; Оптический модуль связи с 1 портом RS485 и 2 стеклянными foc-интерфейсами (4 bfoc-разъёма) СИМЕНС 6GK1503-3CB00
   your listing: https://www.plcdepartment.com/products/6gk1503-3cb00
   price we see on the listing: 1375.0 USD
   stock shown: 4 (surplus-tested) + 5 (new/open-box)
5. P/N 1051931-69 — 1 pcs; brand Solar; БАЗА, ТЕМПЕРАТУРА, ПРУЖИНА СОЛАР Taurus 70 и Taurus 70MD (унифицированнные) 1051931-69
   your listing: https://www.plcdepartment.com/products/1794-tb3ts-allen-bradley
   price we see on the listing: 589.8 USD
   stock shown: 5

For each position, please confirm:
  1) confirmed quantity on hand today, as a number (not «in stock»)
  2) lead time for the FULL quantity we ask, and for the part of it you can ship now
  3) unit price and total price for the full quantity, net, in your currency
  4) how long the quote stays valid
  5) Incoterms and shipping point
  6) condition: new, factory-sealed, surplus or refurbished; warranty term
  7) country of origin and HS code
  8) return policy if the part does not match the nameplate

If a position is not available in the full quantity, please say so plainly and quote what you can ship — partial coverage is useful to us, an unconfirmed «in stock» is not. If you can offer a direct equivalent from the original component manufacturer, quote it as an alternative and name the part number.

Best regards,
",5,3,26,1756-CN2R; 1756-CN2RXT; 6GK5206-1BB10-2AA3; 6GK1503-3CB00; 1051931-69
info@all4sps.com,,ALL4SPS,CH,+41 71 898 00 40,en,Request for firm quotation — 3 line items,"Dear ALL4SPS team,

We are a procurement company sourcing spare parts for gas turbine and gas engine power generation equipment. We found the positions below on your listings and ask you for a firm quotation.

1. P/N 6ES7 135-4GB01-0AB0 — 4 pcs; brand Siemens; Модуль аналоговых выходов SIEMENS SGT400 6ES7 135-4GB01-0AB0
   your listing: https://www.all4sps.com/SIMATICDP-ELECTRONIC-MODULE-FOR-ET200S-6ES7135-4GB01-0AB0
   price we see on the listing: 262.0 USD
   stock shown: 10+ (только б/у)
2. P/N 6ES7 151-1BA02-0AB0 — 4 pcs; brand Siemens; Интерфейсный модуль Profibus. NODE20-GW(JB73) SIEMENS SGT400 6ES7 151-1BA02-0AB0
   your listing: https://www.all4sps.com/SIMATIC-DP-INTERFACE-MODULE-IM151-1-6ES7151-1BA02-0AB0
   price we see on the listing: 182.09 USD
   stock shown: 10+ (только б/у)
3. P/N 153-2BA10-0XB0 — 2 pcs; brand Siemens; IM 153-2
   your listing: https://www.all4sps.com/SIMATIC-DP-ET-200M-INTERFACE-IM-153-2-6ES7153-2BA10-0XB0
   price we see on the listing: 458.5 USD
   stock shown: 2

For each position, please confirm:
  1) confirmed quantity on hand today, as a number (not «in stock»)
  2) lead time for the FULL quantity we ask, and for the part of it you can ship now
  3) unit price and total price for the full quantity, net, in your currency
  4) how long the quote stays valid
  5) Incoterms and shipping point
  6) condition: new, factory-sealed, surplus or refurbished; warranty term
  7) country of origin and HS code
  8) return policy if the part does not match the nameplate

If a position is not available in the full quantity, please say so plainly and quote what you can ship — partial coverage is useful to us, an unconfirmed «in stock» is not. If you can offer a direct equivalent from the original component manufacturer, quote it as an alternative and name the part number.

Best regards,
",3,3,10,6ES7 135-4GB01-0AB0; 6ES7 151-1BA02-0AB0; 153-2BA10-0XB0
support@plc-direct.com,,PLC Direct,US,(847) 242-1595,en,Request for firm quotation — 3 line items,"Dear PLC Direct team,

We are a procurement company sourcing spare parts for gas turbine and gas engine power generation equipment. We found the positions below on your listings and ask you for a firm quotation.

1. P/N 1SBN010010R1010 — 5 pcs; brand ABB; Блок ABB CA5-10 1SBN010010R1010
   your listing: https://plc-direct.com/products/1sbn010010r1010
   price we see on the listing: 138.87 USD
   stock shown: 10 verified stock
2. P/N 6ES7960-1AA04-0XA0 — 4 pcs; brand Siemens; МОДУЛЬ СИНХРОНИЗАЦИИ СИМЕНС SGT-400 6ES7960-1AA04-0XA0
   your listing: https://plc-direct.com/products/6es7960-1aa04-0xa0
   price we see on the listing: 169.38 USD
   stock shown: 10 verified stock
3. P/N 6ES7960-1AA06-0XA0 — 4 pcs; brand Siemens; МОДУЛЬ СИНХРОНИЗАЦИИ СИМЕНС 6ES7960-1AA06-0XA0
   your listing: https://plc-direct.com/products/6es7960-1aa06-0xa0
   price we see on the listing: 538.64 USD
   stock shown: 8 verified stock (Sealed Surplus); 5 verified stock (Never Used Surplus)

For each position, please confirm:
  1) confirmed quantity on hand today, as a number (not «in stock»)
  2) lead time for the FULL quantity we ask, and for the part of it you can ship now
  3) unit price and total price for the full quantity, net, in your currency
  4) how long the quote stays valid
  5) Incoterms and shipping point
  6) condition: new, factory-sealed, surplus or refurbished; warranty term
  7) country of origin and HS code
  8) return policy if the part does not match the nameplate

If a position is not available in the full quantity, please say so plainly and quote what you can ship — partial coverage is useful to us, an unconfirmed «in stock» is not. If you can offer a direct equivalent from the original component manufacturer, quote it as an alternative and name the part number.

Best regards,
",3,3,13,1SBN010010R1010; 6ES7960-1AA04-0XA0; 6ES7960-1AA06-0XA0
info@silmid.com,,Silmid,UK,+44 1675 432850,en,Request for firm quotation — 8 line items,"Dear Silmid team,

We are a procurement company sourcing spare parts for gas turbine and gas engine power generation equipment. We found the positions below on your listings and ask you for a firm quotation.

1. P/N 399990001_3 — 20 pcs; brand Siemens; ЗАПОРНЫЙ ПРОВОД - 0,7 ММ  Сименс SGT-400 399990001_3
   your listing: https://www.silmid.com/specialties/locking-wire/locking-wire-22-swg-1-2kg-reel-dtd-189a-0-71mm/
   price we see on the listing: 22.79 GBP
   stock shown: 30
2. P/N CT886/42 — 16 pcs; brand Siemens; Резьбовой фиксатор LOCTITE 5922  Сименс SGT-400 CT886/42
   price we see on the listing: 13.0 EUR
   stock shown: > 20 шт (по карточке товара)
3. P/N JP5037 — 12 pcs; brand Siemens; ALUMINIUM TAPE - 50MM x 55 METRE ROLL  Сименс SGT-400 JP5037
   your listing: https://www.silmid.com/us/tapes/metal-foil-tapes/3m-425-aluminium-foil-tape-50mmx55mt-roll/
   price we see on the listing: 105.49 USD
   stock shown: 135
4. P/N CT4017W/37_3 — 6 pcs; brand Siemens; ЗАПОРНЫЙ ПРОВОД - 16SWG INCALLOY DS  Сименс SGT-400 CT4017W/37_3
   price we see on the listing: 12.99 GBP
5. P/N CT887B/6 — 6 pcs; brand Siemens; ПРОТИВОЗАДИРНАЯ СОСТАВ - 0,5 КГ  Сименс SGT-400 CT887B/6
   your listing: https://www.silmid.com/us/lubricants/anti-seize-lubricants/molyslip-copaslip-anti-seize-assembly-compound-500gm-tin/
   price we see on the listing: 17.41 USD
   stock shown: 65
6. P/N JP7102 — 4 pcs; brand Siemens; Средство очистки электрических деталей и оборудования  Сименс SGT-400 JP7102
   your listing: https://www.silmid.com/us/cleaners/contact-cleaners/wd40sp-fast-drying-contact-cleaner-400ml/
   price we see on the listing: 9.06 USD
   stock shown: 8
7. P/N JP7104 — 4 pcs; brand Siemens; КИСТЬ ДЛЯ ТРАФАРЕТА № 8  Сименс SGT-400 JP7104
   your listing: https://www.silmid.com/accessories/brushes/8-White-Synthetic-Pencil-Brush/
   price we see on the listing: 1.91 GBP за 12 шт
   stock shown: 312
8. P/N CT886/3 — 2 pcs; brand Siemens; ГИДРАВЛИЧЕСКИЙ ГЕРМЕТИК - 50 МЛ  Сименс SGT-400 CT886/3
   your listing: https://www.silmid.com/sealants/adhesive-sealants/loctite-542-50ml-mod-bottle-dtd5631-3/
   price we see on the listing: 35.11 GBP
   stock shown: 11

For each position, please confirm:
  1) confirmed quantity on hand today, as a number (not «in stock»)
  2) lead time for the FULL quantity we ask, and for the part of it you can ship now
  3) unit price and total price for the full quantity, net, in your currency
  4) how long the quote stays valid
  5) Incoterms and shipping point
  6) condition: new, factory-sealed, surplus or refurbished; warranty term
  7) country of origin and HS code
  8) return policy if the part does not match the nameplate

If a position is not available in the full quantity, please say so plainly and quote what you can ship — partial coverage is useful to us, an unconfirmed «in stock» is not. If you can offer a direct equivalent from the original component manufacturer, quote it as an alternative and name the part number.

Best regards,
",8,2,70,399990001_3; CT886/42; JP5037; CT4017W/37_3; CT887B/6; JP7102; JP7104; CT886/3
sales@kempstoncontrols.ae,sales@kempstoncontrols.co.uk,Kempston Controls,GB,+44 1933 411411,en,Request for firm quotation — 6 line items,"Dear Kempston Controls team,

We are a procurement company sourcing spare parts for gas turbine and gas engine power generation equipment. We found the positions below on your listings and ask you for a firm quotation.

1. P/N 64/09001231/091 — 38 pcs; brand Siemens; РЕЗЕРВНЫЙ АККУМУЛЯТОР 3,6 В / 2,3 А-Ч  Сименс SGT-400 64/09001231/091
   price we see on the listing: 7.65 USD
   stock shown: 1847
2. P/N 3AX1103-2E — 14 pcs; brand Siemens; Аксессуар для расцепителя 3AH, 3AK, 3AE, 3AX1103-2E DC 110B, включая варистор, 3AX1103-2E
   your listing: https://www.kempstoncontrols.com/3AX1103-2E/Siemens/sku/1897451
   price we see on the listing: 3265.68 USD
3. P/N KFD2-STC4-Ex1 — 8 pcs; brand Solar; Барьер искрозащиты Солар Taurus 60S KFD2-STC4-Ex1
4. P/N KFD2-SR2-Ex2.W — 7 pcs; brand Solar; Барьер искробезопасности Солар Taurus 60S KFD2-SR2-Ex2.W
5. P/N 1SBN010010R1010 — 5 pcs; brand ABB; Блок ABB CA5-10 1SBN010010R1010
   your listing: https://www.kempstoncontrols.com/1SBN010010R1010/ABB/sku/113715
   price we see on the listing: 138.87 USD
   stock shown: 10 verified stock
6. P/N MPS3-230/24C — 2 pcs; brand ABB; Блок питания ABB MPS3-230/24C
   your listing: https://www.kempstoncontrols.co.uk/MPS3-230-24/ABB/sku/460401
   price we see on the listing: 617.2 GBP
   stock shown: 2

For each position, please confirm:
  1) confirmed quantity on hand today, as a number (not «in stock»)
  2) lead time for the FULL quantity we ask, and for the part of it you can ship now
  3) unit price and total price for the full quantity, net, in your currency
  4) how long the quote stays valid
  5) Incoterms and shipping point
  6) condition: new, factory-sealed, surplus or refurbished; warranty term
  7) country of origin and HS code
  8) return policy if the part does not match the nameplate

If a position is not available in the full quantity, please say so plainly and quote what you can ship — partial coverage is useful to us, an unconfirmed «in stock» is not. If you can offer a direct equivalent from the original component manufacturer, quote it as an alternative and name the part number.

Best regards,
",6,2,74,64/09001231/091; 3AX1103-2E; KFD2-STC4-Ex1; KFD2-SR2-Ex2.W; 1SBN010010R1010; MPS3-230/24C
info@weyeahengine.com,frank.lee@weyeahengine.com; gasgenerator@163.com,Weyeah Power,Китай (Ухань),+86 180 6404 7867,en,Request for firm quotation — 5 line items,"Dear Weyeah Power team,

We are a procurement company sourcing spare parts for gas turbine and gas engine power generation equipment. We found the positions below on your listings and ask you for a firm quotation.

1. P/N 102981 — 690 pcs; brand Jenbacher/INNIO; Кольцо уплотнительное, артикул 102981
   price we see on the listing: 0.73 EUR
   stock shown: 1947
2. P/N 319737 — 431 pcs; brand Jenbacher/INNIO; О-кольцо, артикул 319737
   price we see on the listing: 3.08 EUR
   stock shown: 273
3. P/N 12211061 — 221 pcs; brand DEUTZ; Уплотнительное кольцо свечи зажигания
   price we see on the listing: 0.73 EUR
   stock shown: 1947 шт
4. P/N 337550 — 31 pcs; brand Jenbacher/INNIO; Кольцо уплотняющее, артикул 337550
   price we see on the listing: 0.87 EUR
   stock shown: 59 шт
5. P/N 12189925 — 28 pcs; brand DEUTZ; Вкладыш воздушного фильтра
   your listing: https://www.weyeahmotor.com/MWM-12189925-air-filter-for-TCG2016-TCG2020-gas-engine-pd44901804.html
   price we see on the listing: 77.97 USD
   stock shown: 30

For each position, please confirm:
  1) confirmed quantity on hand today, as a number (not «in stock»)
  2) lead time for the FULL quantity we ask, and for the part of it you can ship now
  3) unit price and total price for the full quantity, net, in your currency
  4) how long the quote stays valid
  5) Incoterms and shipping point
  6) condition: new, factory-sealed, surplus or refurbished; warranty term
  7) country of origin and HS code
  8) return policy if the part does not match the nameplate

If a position is not available in the full quantity, please say so plainly and quote what you can ship — partial coverage is useful to us, an unconfirmed «in stock» is not. If you can offer a direct equivalent from the original component manufacturer, quote it as an alternative and name the part number.

Best regards,
",5,2,1401,102981; 319737; 12211061; 337550; 12189925
6gcontrols@5gplc.com,,6G Controls,CN,+86 180 6092 4132,en,Request for firm quotation — 3 line items,"Dear 6G Controls team,

We are a procurement company sourcing spare parts for gas turbine and gas engine power generation equipment. We found the positions below on your listings and ask you for a firm quotation.

1. P/N 1701/15 — 98 pcs; brand Solar; BENTLY NEVADA Блок контроля Солар Taurus 60S 1701/15
   your listing: https://www.6gcontrols.com/products/bently-nevada-1701-15-141379-01-proximitor-input-monitor/
   stock shown: 15 in stock
2. P/N 750-880 — 5 pcs; brand WAGO; Контроллер Ethernet WAGO 750-880
   your listing: https://www.6gcontrols.com/products/wago-750-880-controller-ethernet-brand-new-in-stock/
   price we see on the listing: 180.0 USD
   stock shown: Low stock: 8 left
3. P/N 1701/25 — 3 pcs; brand Solar; BENTLY NEVADA Блок контроля Солар Taurus 70MD 1701/25
   your listing: https://www.6gcontrols.com/products/bently-nevada-1701-25-161141-01-seismic-input-monitor-module/
   stock shown: 16

For each position, please confirm:
  1) confirmed quantity on hand today, as a number (not «in stock»)
  2) lead time for the FULL quantity we ask, and for the part of it you can ship now
  3) unit price and total price for the full quantity, net, in your currency
  4) how long the quote stays valid
  5) Incoterms and shipping point
  6) condition: new, factory-sealed, surplus or refurbished; warranty term
  7) country of origin and HS code
  8) return policy if the part does not match the nameplate

If a position is not available in the full quantity, please say so plainly and quote what you can ship — partial coverage is useful to us, an unconfirmed «in stock» is not. If you can offer a direct equivalent from the original component manufacturer, quote it as an alternative and name the part number.

Best regards,
",3,2,106,1701/15; 750-880; 1701/25
sales@plc-mall.com,,PLC-Mall,США,+1 956-682-2400,en,Request for firm quotation — 3 line items,"Dear PLC-Mall team,

We are a procurement company sourcing spare parts for gas turbine and gas engine power generation equipment. We found the positions below on your listings and ask you for a firm quotation.

1. P/N 6ES7322-1BL00-0AA0 — 14 pcs; brand Siemens; Модуль вывода дискретных сигналов 32 канала СИМЕНС 6ES7322-1BL00-0AA0
   your listing: https://plc-mall.com/en/buy/SIEMENS/6ES73221BL000AA0/price/
   stock shown: MFS 1, FS 7, NEW 3, USED 41, RFUR 20
2. P/N 1756-L63 ControlLogix 5563 — 7 pcs; brand Solar; Контроллер Солар Taurus 60S 1756-L63 ControlLogix 5563
   price we see on the listing: 699.99 USD
   stock shown: 2
3. P/N 6ES7405-0KA02-0AA0 — 4 pcs; brand Siemens; Блок питания СИМЕНС 6ES7405-0KA02-0AA0
   your listing: https://plc-mall.com/en/buy/SIEMENS/6ES74050KA020AA0/price/
   stock shown: MFS 2 / USED 4 / RFUR 10

For each position, please confirm:
  1) confirmed quantity on hand today, as a number (not «in stock»)
  2) lead time for the FULL quantity we ask, and for the part of it you can ship now
  3) unit price and total price for the full quantity, net, in your currency
  4) how long the quote stays valid
  5) Incoterms and shipping point
  6) condition: new, factory-sealed, surplus or refurbished; warranty term
  7) country of origin and HS code
  8) return policy if the part does not match the nameplate

If a position is not available in the full quantity, please say so plainly and quote what you can ship — partial coverage is useful to us, an unconfirmed «in stock» is not. If you can offer a direct equivalent from the original component manufacturer, quote it as an alternative and name the part number.

Best regards,
",3,2,25,6ES7322-1BL00-0AA0; 1756-L63 ControlLogix 5563; 6ES7405-0KA02-0AA0
sales@aeliyamarine.com,sales@aeliyamarinetech.com,Aeliya Marine,IN,+91 74860 18218; +91 97252 18537,en,Request for firm quotation — 11 line items,"Dear Aeliya Marine team,

We are a procurement company sourcing spare parts for gas turbine and gas engine power generation equipment. We found the positions below on your listings and ask you for a firm quotation.

1. P/N PLC-RSC-24DC/21-21/ATEX, 2980461 — 156 pcs; brand Solar; Реле двухконтактное Солар Taurus 70MD PLC-RSC-24DC/21-21/ATEX, 2980461
   your listing: https://aeliyamarinetech.com/products/phoenix-contact-plc-rsc-24dc-21-21atex-2980461-interface-relay-module
   price we see on the listing: 70.99 USD
   stock shown: Only 1 left
2. P/N HDIBATTE260DOTAA — 10 pcs; brand HDI; Батарея акк. HDI HDIBATTE260DOTAA
   your listing: https://aeliyamarinetech.com/products/hdi-hdibatt-e260-dot-aa-power-pack-battery
   stock shown: 3 units available (на той же странице стоит статус Sold out — противоречие)
3. P/N KT973 — 8 pcs; brand Solar; Счетчик наработки/пусков двигателя Солар Taurus 60S KT973
   your listing: https://aeliyamarinetech.com/products/lot-of-3x-kep-kt-973-hour-meter
   price we see on the listing: 176.69 USD за 3 шт
   stock shown: 1 лот (3 шт)
4. P/N EQ3005PCNW — 7 pcs; brand Solar; DET-Tronix controller Солар Taurus 60S EQ3005PCNW
   your listing: https://aeliyamarinetech.com/products/det-tronics-eq3005pcnw-safety-system-controller
   price we see on the listing: 5299.13 USD
   stock shown: не раскрыт (счётчик остатка пуст)
5. P/N MVI56-MCM — 7 pcs; brand Solar; Интерфейсная карта MODBUS Солар Taurus 60S MVI56-MCM
   your listing: https://aeliyamarinetech.com/products/prosoft-technology-mvi56-mcm-communications-module-1300812
   price we see on the listing: 780.89 USD
   stock shown: не раскрыт (позиция помечена ""New Arrived"")
6. P/N MTR-3F-215 — 5 pcs; brand Siemens; МУЛЬТИ-ПРЕОБРАЗОВАТЕЛЬ СИМЕНС MTR-3F-215
   your listing: https://aeliyamarinetech.com/products/mtr-3f-215-multi-transducer-500-v-5a-25-hz-deif
   price we see on the listing: 664.99 USD
   stock shown: не раскрыт; у продавца 3 отдельных листинга по этому же артикулу
7. P/N AVS — 4 pcs; brand Siemens; Частотомер двухканальный стрелочный SIEMENS SGT400 AVS
   your listing: https://aeliyamarinetech.com/products/deif-2fq96-x-double-pointer-frequency-meter-45-65hz
   price we see on the listing: 260.74 USD
   stock shown: 1
8. P/N LSU-112DG — 4 pcs; brand Siemens; Распеределитель активной энергии SIEMENS SGT400 LSU-112DG
   your listing: https://aeliyamarinetech.com/products/deif-lsu-112dg
   price we see on the listing: 295.44 USD
   stock shown: 3
9. P/N MV-832 — 4 pcs; brand Solar; Трансформатор фазовращатель Солар Taurus 60S MV-832
   your listing: https://aeliyamarinetech.com/products/weschler-mv-832-phase-shifting-transformer-120-volts
   price we see on the listing: 289.74 USD
   stock shown: 4
10. P/N EQ3800NW — 4 pcs; brand Solar; DET-Tronix блок питания Солар Taurus 60S EQ3800NW
   your listing: https://aeliyamarinetech.com/products/det-tronics-eq3800-eagle-quantum-premier-power-distribution-module
   stock shown: 1
11. P/N p/n Solar: 186533-1 — 4 pcs; brand Solar; Вольтметр 0-15кV, WESCHLER INSTRUMRNTS  Солар Taurus 60S p/n Solar: 186533-1
   your listing: https://aeliyamarinetech.com/products/yokogawa-186533-1-analog-voltmeter
   price we see on the listing: 581.39 USD
   stock shown: 2

For each position, please confirm:
  1) confirmed quantity on hand today, as a number (not «in stock»)
  2) lead time for the FULL quantity we ask, and for the part of it you can ship now
  3) unit price and total price for the full quantity, net, in your currency
  4) how long the quote stays valid
  5) Incoterms and shipping point
  6) condition: new, factory-sealed, surplus or refurbished; warranty term
  7) country of origin and HS code
  8) return policy if the part does not match the nameplate

If a position is not available in the full quantity, please say so plainly and quote what you can ship — partial coverage is useful to us, an unconfirmed «in stock» is not. If you can offer a direct equivalent from the original component manufacturer, quote it as an alternative and name the part number.

Best regards,
",11,1,213,"PLC-RSC-24DC/21-21/ATEX, 2980461; HDIBATTE260DOTAA; KT973; EQ3005PCNW; MVI56-MCM; MTR-3F-215; AVS; LSU-112DG; MV-832; EQ3800NW; p/n Solar: 186533-1"
office@powerup.at,,PowerUP,AT,+43 5242 64666,en,Request for firm quotation — 8 line items,"Dear PowerUP team,

We are a procurement company sourcing spare parts for gas turbine and gas engine power generation equipment. We found the positions below on your listings and ask you for a firm quotation.

1. P/N 102981 — 690 pcs; brand Jenbacher/INNIO; Кольцо уплотнительное, артикул 102981
   your listing: https://www.powerup.at/shop/product/spark-plug-sealing-ring-motortech-102981-12211061-1174200-9y-6792-1106740/
   price we see on the listing: 0.73 EUR
   stock shown: 1947
2. P/N 319737 — 431 pcs; brand Jenbacher/INNIO; О-кольцо, артикул 319737
   your listing: https://www.powerup.at/shop/product/o-ring-powerup-innio-319737-260368-1101499/
   price we see on the listing: 3.08 EUR
   stock shown: 273
3. P/N 112197 — 276 pcs; brand Jenbacher/INNIO; Уплотнение, артикул 112197
   your listing: https://www.powerup.at/shop/product/sealing-powerup-innio-112197-1100331/
   price we see on the listing: 2.02 EUR
   stock shown: 175
4. P/N 1180993 — 221 pcs; brand DEUTZ; Уплотнение клапанной коробки
   your listing: https://www.powerup.at/shop/product/o-ring-powergaskets-conta-san-mwm-1180993-12523982-1153877-1153922-1117641/
   price we see on the listing: 3.15 EUR
   stock shown: 36
5. P/N 12032892 — 221 pcs; brand DEUTZ; Прокладка клапанной коробки
   your listing: https://www.powerup.at/shop/product/valve-cover-gasket-powergaskets-conta-san-mwm-12032892-1105945/
   price we see on the listing: 9.35 EUR
   stock shown: 58
6. P/N 12211061 — 221 pcs; brand DEUTZ; Уплотнительное кольцо свечи зажигания
   your listing: https://www.powerup.at/shop/product/spark-plug-sealing-ring-motortech-102981-12211061-1174200-9y-6792-1106740/
   price we see on the listing: 0.73 EUR
   stock shown: 1947 шт
7. P/N 497431 — 145 pcs; brand Jenbacher/INNIO; О-кольцо, артикул 497431
   your listing: https://www.powerup.at/shop/product/o-ring-powerup-innio-268610-497431-1101509/
   price we see on the listing: 0.87 EUR
   stock shown: 150 шт
8. P/N 337550 — 31 pcs; brand Jenbacher/INNIO; Кольцо уплотняющее, артикул 337550
   your listing: https://www.powerup.at/shop/product/sealing-ring-powerup-innio-337550-1104855/
   price we see on the listing: 0.87 EUR
   stock shown: 59 шт

For each position, please confirm:
  1) confirmed quantity on hand today, as a number (not «in stock»)
  2) lead time for the FULL quantity we ask, and for the part of it you can ship now
  3) unit price and total price for the full quantity, net, in your currency
  4) how long the quote stays valid
  5) Incoterms and shipping point
  6) condition: new, factory-sealed, surplus or refurbished; warranty term
  7) country of origin and HS code
  8) return policy if the part does not match the nameplate

If a position is not available in the full quantity, please say so plainly and quote what you can ship — partial coverage is useful to us, an unconfirmed «in stock» is not. If you can offer a direct equivalent from the original component manufacturer, quote it as an alternative and name the part number.

Best regards,
",8,1,2236,102981; 319737; 112197; 1180993; 12032892; 12211061; 497431; 337550
sales@iqelectro.com,support@iqelectro.com,IQElectro,США,+1 828-202-3071; +1 828-222-3490,en,Request for firm quotation — 3 line items,"Dear IQElectro team,

We are a procurement company sourcing spare parts for gas turbine and gas engine power generation equipment. We found the positions below on your listings and ask you for a firm quotation.

1. P/N 64/09001231/091 — 38 pcs; brand Siemens; РЕЗЕРВНЫЙ АККУМУЛЯТОР 3,6 В / 2,3 А-Ч  Сименс SGT-400 64/09001231/091
   price we see on the listing: 7.65 USD
   stock shown: 1847
2. P/N 6ES7332-5HD01-0AB0 — 9 pcs; brand Siemens; МОДУЛЬ ВЫВОДА АНАЛОГОВЫХ СИГНАЛОВ 4 канала СИМЕНС 6ES7332-5HD01-0AB0
   your listing: https://iqelectro.com/products/6es7332-5hd01-0ab0-siemens-analog-cur-volt-output-4-p
   price we see on the listing: 307.0 USD
   stock shown: 1
3. P/N 1756-L61 ControlLogix 5561 — 1 pcs; brand Solar; Контроллер Солар 1756-L61 ControlLogix 5561
   your listing: https://iqelectro.com/products/1756-l61-allen-bradley-controllogix-logix5561-processor-2mb-memory
   price we see on the listing: 559.0 USD

For each position, please confirm:
  1) confirmed quantity on hand today, as a number (not «in stock»)
  2) lead time for the FULL quantity we ask, and for the part of it you can ship now
  3) unit price and total price for the full quantity, net, in your currency
  4) how long the quote stays valid
  5) Incoterms and shipping point
  6) condition: new, factory-sealed, surplus or refurbished; warranty term
  7) country of origin and HS code
  8) return policy if the part does not match the nameplate

If a position is not available in the full quantity, please say so plainly and quote what you can ship — partial coverage is useful to us, an unconfirmed «in stock» is not. If you can offer a direct equivalent from the original component manufacturer, quote it as an alternative and name the part number.

Best regards,
",3,1,48,64/09001231/091; 6ES7332-5HD01-0AB0; 1756-L61 ControlLogix 5561
info@b2esurplus.com,,B2E Surplus,US,+1 480 226 4551; +1 480 899 9897,en,Request for firm quotation — 2 line items,"Dear B2E Surplus team,

We are a procurement company sourcing spare parts for gas turbine and gas engine power generation equipment. We found the positions below on your listings and ask you for a firm quotation.

1. P/N 6ES7 131-4BD01-0AA0 — 24 pcs; brand Siemens; Модуль дискретных вводов 4 DI SIEMENS SGT400 6ES7 131-4BD01-0AA0
   your listing: https://www.b2esurplus.com/siemens-6es7131-4bd01-0aa0-simatic-dp-electronic-module-for-et200s-4di-24vdc-refurbished/
   price we see on the listing: 32.0 USD
   stock shown: +10 Available
2. P/N 6ES7322-1BH01-0AA0 — 1 pcs; brand Siemens; Модуль вывода дискретных сигналов СИМЕНС SGT-400 6ES7322-1BH01-0AA0
   your listing: https://www.b2esurplus.com/siemens-6es7322-1bh01-0aa0-simatic-s7-300-digital-output-sm-322-isolated-16-do-new/
   price we see on the listing: 292.07 USD

For each position, please confirm:
  1) confirmed quantity on hand today, as a number (not «in stock»)
  2) lead time for the FULL quantity we ask, and for the part of it you can ship now
  3) unit price and total price for the full quantity, net, in your currency
  4) how long the quote stays valid
  5) Incoterms and shipping point
  6) condition: new, factory-sealed, surplus or refurbished; warranty term
  7) country of origin and HS code
  8) return policy if the part does not match the nameplate

If a position is not available in the full quantity, please say so plainly and quote what you can ship — partial coverage is useful to us, an unconfirmed «in stock» is not. If you can offer a direct equivalent from the original component manufacturer, quote it as an alternative and name the part number.

Best regards,
",2,1,25,6ES7 131-4BD01-0AA0; 6ES7322-1BH01-0AA0
sales@controltech-supply.com,,ControlTech Supply Limited,CN,+86 15395923051,en,Request for firm quotation — 2 line items,"Dear ControlTech Supply Limited team,

We are a procurement company sourcing spare parts for gas turbine and gas engine power generation equipment. We found the positions below on your listings and ask you for a firm quotation.

1. P/N BN1701/15 — 12 pcs; brand Solar; BENTLY NEVADA Блок контроля Солар Taurus 70MD BN1701/15
   your listing: https://www.controltech-supply.com/products/bently-nevada-1701-15-141379-01-proximitor-input-module
   stock shown: Low stock: 6 left
2. P/N 750-880 — 5 pcs; brand WAGO; Контроллер Ethernet WAGO 750-880
   your listing: https://www.controltech-supply.com/products/wago-750-880-ethernet-controller-in-stock
   price we see on the listing: 180.0 USD
   stock shown: Low stock: 8 left

For each position, please confirm:
  1) confirmed quantity on hand today, as a number (not «in stock»)
  2) lead time for the FULL quantity we ask, and for the part of it you can ship now
  3) unit price and total price for the full quantity, net, in your currency
  4) how long the quote stays valid
  5) Incoterms and shipping point
  6) condition: new, factory-sealed, surplus or refurbished; warranty term
  7) country of origin and HS code
  8) return policy if the part does not match the nameplate

If a position is not available in the full quantity, please say so plainly and quote what you can ship — partial coverage is useful to us, an unconfirmed «in stock» is not. If you can offer a direct equivalent from the original component manufacturer, quote it as an alternative and name the part number.

Best regards,
",2,1,17,BN1701/15; 750-880
mail@greinert-glatt.de,,Greinert & Glatt,DE,+49 7733 99490 0,en,Request for firm quotation — 2 line items,"Dear Greinert & Glatt team,

We are a procurement company sourcing spare parts for gas turbine and gas engine power generation equipment. We found the positions below on your listings and ask you for a firm quotation.

1. P/N 6ES7153-2BA02-0XB0 — 24 pcs; brand Siemens; Модуль интерфейсный ET200 LINK- M & PROFIBUS СИМЕНС 6ES7153-2BA02-0XB0
   your listing: https://automation-base.com/en/buy/SIEMENS/6ES71532BA020XB0/price/
   stock shown: NEW 12, USED 11, RFUR 20, FS 4, MFS 0
2. P/N 6GK7443-1EX20-0XE0 — 2 pcs; brand Siemens; Коммуникационный процессор SIMATIC NET СP 443-1 2 СИМЕНС SGT-400 6GK7443-1EX20-0XE0
   your listing: https://automation-base.com/en/buy/SIEMENS/6GK74431EX200XE0/price/
   stock shown: factory sealed 8, new/вскрытая 2, refurbished 10, used 1

For each position, please confirm:
  1) confirmed quantity on hand today, as a number (not «in stock»)
  2) lead time for the FULL quantity we ask, and for the part of it you can ship now
  3) unit price and total price for the full quantity, net, in your currency
  4) how long the quote stays valid
  5) Incoterms and shipping point
  6) condition: new, factory-sealed, surplus or refurbished; warranty term
  7) country of origin and HS code
  8) return policy if the part does not match the nameplate

If a position is not available in the full quantity, please say so plainly and quote what you can ship — partial coverage is useful to us, an unconfirmed «in stock» is not. If you can offer a direct equivalent from the original component manufacturer, quote it as an alternative and name the part number.

Best regards,
",2,1,26,6ES7153-2BA02-0XB0; 6GK7443-1EX20-0XE0
info@ramautomations.com,,RAM Automations,Индия,+91 93169 97505; +1 330 294 2744,en,Request for firm quotation — 2 line items,"Dear RAM Automations team,

We are a procurement company sourcing spare parts for gas turbine and gas engine power generation equipment. We found the positions below on your listings and ask you for a firm quotation.

1. P/N EQ3005PCNW — 7 pcs; brand Solar; DET-Tronix controller Солар Taurus 60S EQ3005PCNW
   your listing: https://ramautomations.com/products/det-tronics-eq3005pcnw-safety-system-controller-det-tronics
   price we see on the listing: 5299.13 USD
   stock shown: не раскрыт (счётчик остатка пуст)
2. P/N LWR1601-6E — 1 pcs; brand Convert Select; Источник пит. Convert Select LWR1601-6E
   your listing: https://ramautomations.com/products/power-one-lwr1601-6e-din-rail-converter
   stock shown: 1

For each position, please confirm:
  1) confirmed quantity on hand today, as a number (not «in stock»)
  2) lead time for the FULL quantity we ask, and for the part of it you can ship now
  3) unit price and total price for the full quantity, net, in your currency
  4) how long the quote stays valid
  5) Incoterms and shipping point
  6) condition: new, factory-sealed, surplus or refurbished; warranty term
  7) country of origin and HS code
  8) return policy if the part does not match the nameplate

If a position is not available in the full quantity, please say so plainly and quote what you can ship — partial coverage is useful to us, an unconfirmed «in stock» is not. If you can offer a direct equivalent from the original component manufacturer, quote it as an alternative and name the part number.

Best regards,
",2,1,8,EQ3005PCNW; LWR1601-6E
sales@sigmasurplus.com,,Sigma Surplus,США,+1 812 463 2292,en,Request for firm quotation — 2 line items,"Dear Sigma Surplus team,

We are a procurement company sourcing spare parts for gas turbine and gas engine power generation equipment. We found the positions below on your listings and ask you for a firm quotation.

1. P/N RTE24024 — 311 pcs; brand Solar; Реле  Солар Taurus 60S RTE24024
   your listing: https://sigmasurplus.com/te-connectivity-rte24024-relay/
   price we see on the listing: 6.02 USD
   stock shown: 4,099 In Stock
2. P/N KFD2-СR-Ex1 30.300 — 6 pcs; brand Solar; Барьер искробезопасности Солар Taurus 70 KFD2-СR-Ex1 30.300
   stock shown: не указан

For each position, please confirm:
  1) confirmed quantity on hand today, as a number (not «in stock»)
  2) lead time for the FULL quantity we ask, and for the part of it you can ship now
  3) unit price and total price for the full quantity, net, in your currency
  4) how long the quote stays valid
  5) Incoterms and shipping point
  6) condition: new, factory-sealed, surplus or refurbished; warranty term
  7) country of origin and HS code
  8) return policy if the part does not match the nameplate

If a position is not available in the full quantity, please say so plainly and quote what you can ship — partial coverage is useful to us, an unconfirmed «in stock» is not. If you can offer a direct equivalent from the original component manufacturer, quote it as an alternative and name the part number.

Best regards,
",2,1,317,RTE24024; KFD2-СR-Ex1 30.300
info@2-g.de,,2G Energy,Германия,+49 2568 9347 0,en,Request for firm quotation — 1 line item,"Dear 2G Energy team,

We are a procurement company sourcing spare parts for gas turbine and gas engine power generation equipment. We found the positions below on your listings and ask you for a firm quotation.

1. P/N 102981 — 690 pcs; brand Jenbacher/INNIO; Кольцо уплотнительное, артикул 102981
   price we see on the listing: 0.73 EUR
   stock shown: 1947

For each position, please confirm:
  1) confirmed quantity on hand today, as a number (not «in stock»)
  2) lead time for the FULL quantity we ask, and for the part of it you can ship now
  3) unit price and total price for the full quantity, net, in your currency
  4) how long the quote stays valid
  5) Incoterms and shipping point
  6) condition: new, factory-sealed, surplus or refurbished; warranty term
  7) country of origin and HS code
  8) return policy if the part does not match the nameplate

If a position is not available in the full quantity, please say so plainly and quote what you can ship — partial coverage is useful to us, an unconfirmed «in stock» is not. If you can offer a direct equivalent from the original component manufacturer, quote it as an alternative and name the part number.

Best regards,
",1,1,690,102981
info@alternate.de,,ALTERNATE GmbH,Германия,+49 6403 9050 3700; +49 6403 9050 40,en,Request for firm quotation — 1 line item,"Dear ALTERNATE GmbH team,

We are a procurement company sourcing spare parts for gas turbine and gas engine power generation equipment. We found the positions below on your listings and ask you for a firm quotation.

1. P/N SSD 2,5 SATA III 960 ГБ — 1 pcs; brand Kingston; Накопитель SSD 2,5 SATA III 960 ГБ
   your listing: https://www.alternate.de/Kingston/A400-960-GB-SSD/html/product/1430592
   price we see on the listing: 207.9 EUR

For each position, please confirm:
  1) confirmed quantity on hand today, as a number (not «in stock»)
  2) lead time for the FULL quantity we ask, and for the part of it you can ship now
  3) unit price and total price for the full quantity, net, in your currency
  4) how long the quote stays valid
  5) Incoterms and shipping point
  6) condition: new, factory-sealed, surplus or refurbished; warranty term
  7) country of origin and HS code
  8) return policy if the part does not match the nameplate

If a position is not available in the full quantity, please say so plainly and quote what you can ship — partial coverage is useful to us, an unconfirmed «in stock» is not. If you can offer a direct equivalent from the original component manufacturer, quote it as an alternative and name the part number.

Best regards,
",1,1,1,"SSD 2,5 SATA III 960 ГБ"
info@automation-warehouse.com,,Automation Warehouse,"Австралия / Швейцария (отгрузка Гонконг, Швейцария)",+61 404 623 939; +41 76 834 09 40,en,Request for firm quotation — 1 line item,"Dear Automation Warehouse team,

We are a procurement company sourcing spare parts for gas turbine and gas engine power generation equipment. We found the positions below on your listings and ask you for a firm quotation.

1. P/N 1034549-21 — 1 pcs; brand Solar; МОДУЛЬ, ВИБРАЦИОННЫЙ, СЕЙСМИЧЕСКИЙ, BENTLY-NEVADA 1701 СОЛАР Taurus 70 и Taurus 70MD (унифицированнные) 1034549-21
   your listing: https://automation-warehouse.com/products/1034549-21
   price we see on the listing: 1836.52 USD

For each position, please confirm:
  1) confirmed quantity on hand today, as a number (not «in stock»)
  2) lead time for the FULL quantity we ask, and for the part of it you can ship now
  3) unit price and total price for the full quantity, net, in your currency
  4) how long the quote stays valid
  5) Incoterms and shipping point
  6) condition: new, factory-sealed, surplus or refurbished; warranty term
  7) country of origin and HS code
  8) return policy if the part does not match the nameplate

If a position is not available in the full quantity, please say so plainly and quote what you can ship — partial coverage is useful to us, an unconfirmed «in stock» is not. If you can offer a direct equivalent from the original component manufacturer, quote it as an alternative and name the part number.

Best regards,
",1,1,1,1034549-21
sales@bulbamerica.com,info@bulbamerica.com; support@bulbamerica.com,BulbAmerica,US,+1 718 707-0400; +1 888 505-2111,en,Request for firm quotation — 1 line item,"Dear BulbAmerica team,

We are a procurement company sourcing spare parts for gas turbine and gas engine power generation equipment. We found the positions below on your listings and ask you for a firm quotation.

1. P/N PL-C 26W/840/4P — 3 pcs; brand Philips; Лампа Philips MASTER PL-C 26W/840/4P
   your listing: https://www.bulbamerica.com/products/ushio-compact-fluorescent-26w-cf26de-841-dimmable-bulb
   price we see on the listing: 5.99 USD
   stock shown: 394

For each position, please confirm:
  1) confirmed quantity on hand today, as a number (not «in stock»)
  2) lead time for the FULL quantity we ask, and for the part of it you can ship now
  3) unit price and total price for the full quantity, net, in your currency
  4) how long the quote stays valid
  5) Incoterms and shipping point
  6) condition: new, factory-sealed, surplus or refurbished; warranty term
  7) country of origin and HS code
  8) return policy if the part does not match the nameplate

If a position is not available in the full quantity, please say so plainly and quote what you can ship — partial coverage is useful to us, an unconfirmed «in stock» is not. If you can offer a direct equivalent from the original component manufacturer, quote it as an alternative and name the part number.

Best regards,
",1,1,3,PL-C 26W/840/4P
info@conro.com,,ConRo,Великобритания,+44 20 8953 1211,en,Request for firm quotation — 1 line item,"Dear ConRo team,

We are a procurement company sourcing spare parts for gas turbine and gas engine power generation equipment. We found the positions below on your listings and ask you for a firm quotation.

1. P/N CT886/42 — 16 pcs; brand Siemens; Резьбовой фиксатор LOCTITE 5922  Сименс SGT-400 CT886/42
   price we see on the listing: 13.0 EUR
   stock shown: > 20 шт (по карточке товара)

For each position, please confirm:
  1) confirmed quantity on hand today, as a number (not «in stock»)
  2) lead time for the FULL quantity we ask, and for the part of it you can ship now
  3) unit price and total price for the full quantity, net, in your currency
  4) how long the quote stays valid
  5) Incoterms and shipping point
  6) condition: new, factory-sealed, surplus or refurbished; warranty term
  7) country of origin and HS code
  8) return policy if the part does not match the nameplate

If a position is not available in the full quantity, please say so plainly and quote what you can ship — partial coverage is useful to us, an unconfirmed «in stock» is not. If you can offer a direct equivalent from the original component manufacturer, quote it as an alternative and name the part number.

Best regards,
",1,1,16,CT886/42
quote@camvect.com,,DCS Supplier,China (Xiamen),+86 180 5925 5387,en,Request for firm quotation — 1 line item,"Dear DCS Supplier team,

We are a procurement company sourcing spare parts for gas turbine and gas engine power generation equipment. We found the positions below on your listings and ask you for a firm quotation.

1. P/N 64/51031004/7 — 2 pcs; brand Siemens; МОДУЛЬ МОНИТОРА ПРОКСИМИТОРА  Сименс SGT-400 64/51031004/7
   your listing: https://dcssupplier.com/bently-nevada/bently-nevada-3500-monitoring-system/bently-nevada-3500-40-125680-01.html
   stock shown: 100

For each position, please confirm:
  1) confirmed quantity on hand today, as a number (not «in stock»)
  2) lead time for the FULL quantity we ask, and for the part of it you can ship now
  3) unit price and total price for the full quantity, net, in your currency
  4) how long the quote stays valid
  5) Incoterms and shipping point
  6) condition: new, factory-sealed, surplus or refurbished; warranty term
  7) country of origin and HS code
  8) return policy if the part does not match the nameplate

If a position is not available in the full quantity, please say so plainly and quote what you can ship — partial coverage is useful to us, an unconfirmed «in stock» is not. If you can offer a direct equivalent from the original component manufacturer, quote it as an alternative and name the part number.

Best regards,
",1,1,2,64/51031004/7
obchod@elpremo.cz,eshop@elpremo.cz,Elpremo s.r.o,CZ,+420 587 438 886; +420 587 438 888,en,Request for firm quotation — 1 line item,"Dear Elpremo s.r.o team,

We are a procurement company sourcing spare parts for gas turbine and gas engine power generation equipment. We found the positions below on your listings and ask you for a firm quotation.

1. P/N 1478150000 — 3 pcs; brand Weidmuller; Источник питания PRO MAX арт.1478150000
   your listing: https://eshop.elpremo.cz/pro-max-960w-24v-40a.html
   price we see on the listing: 12642.56 CZK
   stock shown: 3

For each position, please confirm:
  1) confirmed quantity on hand today, as a number (not «in stock»)
  2) lead time for the FULL quantity we ask, and for the part of it you can ship now
  3) unit price and total price for the full quantity, net, in your currency
  4) how long the quote stays valid
  5) Incoterms and shipping point
  6) condition: new, factory-sealed, surplus or refurbished; warranty term
  7) country of origin and HS code
  8) return policy if the part does not match the nameplate

If a position is not available in the full quantity, please say so plainly and quote what you can ship — partial coverage is useful to us, an unconfirmed «in stock» is not. If you can offer a direct equivalent from the original component manufacturer, quote it as an alternative and name the part number.

Best regards,
",1,1,3,1478150000
support@factorymation.com,,FactoryMation,US,1-800-972-0436,en,Request for firm quotation — 1 line item,"Dear FactoryMation team,

We are a procurement company sourcing spare parts for gas turbine and gas engine power generation equipment. We found the positions below on your listings and ask you for a firm quotation.

1. P/N 55.34.9.024.0040 с розеткой 94.74 — 69 pcs; brand Finder; Реле миниатюрное универсальное Finder 55.34.9.024.0040 с розеткой 94.74
   your listing: https://www.factorymation.com/55-34-9-024-0040
   price we see on the listing: 21.44 USD
   stock shown: 55.34.9.024.0040 — 716 In Stock у DigiKey; 94.74 — 297 units in stock у DigiKey

For each position, please confirm:
  1) confirmed quantity on hand today, as a number (not «in stock»)
  2) lead time for the FULL quantity we ask, and for the part of it you can ship now
  3) unit price and total price for the full quantity, net, in your currency
  4) how long the quote stays valid
  5) Incoterms and shipping point
  6) condition: new, factory-sealed, surplus or refurbished; warranty term
  7) country of origin and HS code
  8) return policy if the part does not match the nameplate

If a position is not available in the full quantity, please say so plainly and quote what you can ship — partial coverage is useful to us, an unconfirmed «in stock» is not. If you can offer a direct equivalent from the original component manufacturer, quote it as an alternative and name the part number.

Best regards,
",1,1,69,55.34.9.024.0040 с розеткой 94.74
yuna@greatsystem.cn,roc@greatsystem.cn,Great System Industry,China (Shenzhen),+86 755 2685 0716; +86 135 9062 2754,en,Request for firm quotation — 1 line item,"Dear Great System Industry team,

We are a procurement company sourcing spare parts for gas turbine and gas engine power generation equipment. We found the positions below on your listings and ask you for a firm quotation.

1. P/N 64/51031004/12 — 2 pcs; brand Siemens; МОДУЛЬ МОНИТОРИНГА ДАВЛЕНИЯ  Сименс SGT-400 64/51031004/12
   your listing: https://www.instrumentsensors.com/sale-52168453-bently-nevada-3500-62-163179-03-process-variable-monitor-in-stock.html
   price we see on the listing: 2099.0 USD
   stock shown: 50 шт/мес

For each position, please confirm:
  1) confirmed quantity on hand today, as a number (not «in stock»)
  2) lead time for the FULL quantity we ask, and for the part of it you can ship now
  3) unit price and total price for the full quantity, net, in your currency
  4) how long the quote stays valid
  5) Incoterms and shipping point
  6) condition: new, factory-sealed, surplus or refurbished; warranty term
  7) country of origin and HS code
  8) return policy if the part does not match the nameplate

If a position is not available in the full quantity, please say so plainly and quote what you can ship — partial coverage is useful to us, an unconfirmed «in stock» is not. If you can offer a direct equivalent from the original component manufacturer, quote it as an alternative and name the part number.

Best regards,
",1,1,2,64/51031004/12
sales@harddiskdirect.com,rma@harddiskdirect.com,HardDiskDirect,США,+1 866 705-5346,en,Request for firm quotation — 1 line item,"Dear HardDiskDirect team,

We are a procurement company sourcing spare parts for gas turbine and gas engine power generation equipment. We found the positions below on your listings and ask you for a firm quotation.

1. P/N V1910-16G — 1 pcs; brand Hewlett Packard; Маршрутизатор HP V1910-16G Switch JE005A
   your listing: https://harddiskdirect.com/je005a-hp-network-switch.html
   price we see on the listing: 98.0 USD

For each position, please confirm:
  1) confirmed quantity on hand today, as a number (not «in stock»)
  2) lead time for the FULL quantity we ask, and for the part of it you can ship now
  3) unit price and total price for the full quantity, net, in your currency
  4) how long the quote stays valid
  5) Incoterms and shipping point
  6) condition: new, factory-sealed, surplus or refurbished; warranty term
  7) country of origin and HS code
  8) return policy if the part does not match the nameplate

If a position is not available in the full quantity, please say so plainly and quote what you can ship — partial coverage is useful to us, an unconfirmed «in stock» is not. If you can offer a direct equivalent from the original component manufacturer, quote it as an alternative and name the part number.

Best regards,
",1,1,1,V1910-16G
highfive@5gplc.com,,High Five PLC Solution Limited,Гонконг/Китай,+86 133 0603 6024,en,Request for firm quotation — 1 line item,"Dear High Five PLC Solution Limited team,

We are a procurement company sourcing spare parts for gas turbine and gas engine power generation equipment. We found the positions below on your listings and ask you for a firm quotation.

1. P/N 1756-PBXT — 3 pcs; brand Solar; Блок питания шасси RSLOGIX Солар Taurus 70MD 1756-PBXT
   your listing: https://www.5gplc.com/products/allen-bradley-1756-pbxt-controllogix-24v-dc-xt-power-supply
   stock shown: 10

For each position, please confirm:
  1) confirmed quantity on hand today, as a number (not «in stock»)
  2) lead time for the FULL quantity we ask, and for the part of it you can ship now
  3) unit price and total price for the full quantity, net, in your currency
  4) how long the quote stays valid
  5) Incoterms and shipping point
  6) condition: new, factory-sealed, surplus or refurbished; warranty term
  7) country of origin and HS code
  8) return policy if the part does not match the nameplate

If a position is not available in the full quantity, please say so plainly and quote what you can ship — partial coverage is useful to us, an unconfirmed «in stock» is not. If you can offer a direct equivalent from the original component manufacturer, quote it as an alternative and name the part number.

Best regards,
",1,1,3,1756-PBXT
info@ledveci.cz,,LEDveci.cz,CZ,+420 777 848 084,en,Request for firm quotation — 1 line item,"Dear LEDveci.cz team,

We are a procurement company sourcing spare parts for gas turbine and gas engine power generation equipment. We found the positions below on your listings and ask you for a firm quotation.

1. P/N FR555 — 1 pcs; brand Pizzato Elettrica; Выключатель концевой Pizzato FR555
   your listing: https://www.ledveci.cz/pizzato-spinac-fr555-koncovy/
   price we see on the listing: 382.0 CZK

For each position, please confirm:
  1) confirmed quantity on hand today, as a number (not «in stock»)
  2) lead time for the FULL quantity we ask, and for the part of it you can ship now
  3) unit price and total price for the full quantity, net, in your currency
  4) how long the quote stays valid
  5) Incoterms and shipping point
  6) condition: new, factory-sealed, surplus or refurbished; warranty term
  7) country of origin and HS code
  8) return policy if the part does not match the nameplate

If a position is not available in the full quantity, please say so plainly and quote what you can ship — partial coverage is useful to us, an unconfirmed «in stock» is not. If you can offer a direct equivalent from the original component manufacturer, quote it as an alternative and name the part number.

Best regards,
",1,1,1,FR555
sales@lesman.com,expedite@lesman.com,Lesman Instrument Company,США,+1 800 953 7626; +1 262 439 7700,en,Request for firm quotation — 1 line item,"Dear Lesman Instrument Company team,

We are a procurement company sourcing spare parts for gas turbine and gas engine power generation equipment. We found the positions below on your listings and ask you for a firm quotation.

1. P/N 750-430 — 5 pcs; brand WAGO; Модуль Wago 750-430
   your listing: https://www.lesman.com/750-430
   price we see on the listing: 131.92 USD
   stock shown: 8

For each position, please confirm:
  1) confirmed quantity on hand today, as a number (not «in stock»)
  2) lead time for the FULL quantity we ask, and for the part of it you can ship now
  3) unit price and total price for the full quantity, net, in your currency
  4) how long the quote stays valid
  5) Incoterms and shipping point
  6) condition: new, factory-sealed, surplus or refurbished; warranty term
  7) country of origin and HS code
  8) return policy if the part does not match the nameplate

If a position is not available in the full quantity, please say so plainly and quote what you can ship — partial coverage is useful to us, an unconfirmed «in stock» is not. If you can offer a direct equivalent from the original component manufacturer, quote it as an alternative and name the part number.

Best regards,
",1,1,5,750-430
sprzedaz@melkib.com,,Melkib,PL,+48 509 336 666,en,Request for firm quotation — 1 line item,"Dear Melkib team,

We are a procurement company sourcing spare parts for gas turbine and gas engine power generation equipment. We found the positions below on your listings and ask you for a firm quotation.

1. P/N CT886/42 — 16 pcs; brand Siemens; Резьбовой фиксатор LOCTITE 5922  Сименс SGT-400 CT886/42
   your listing: https://melkib.com/en_US/p/Loctite-MR-5922-200-ml-black-solvent-sealant,-for-flanges,-fittings-and-connections,-flexible-after-evaporation,-seals-the-joint/2825
   price we see on the listing: 13.0 EUR
   stock shown: > 20 шт (по карточке товара)

For each position, please confirm:
  1) confirmed quantity on hand today, as a number (not «in stock»)
  2) lead time for the FULL quantity we ask, and for the part of it you can ship now
  3) unit price and total price for the full quantity, net, in your currency
  4) how long the quote stays valid
  5) Incoterms and shipping point
  6) condition: new, factory-sealed, surplus or refurbished; warranty term
  7) country of origin and HS code
  8) return policy if the part does not match the nameplate

If a position is not available in the full quantity, please say so plainly and quote what you can ship — partial coverage is useful to us, an unconfirmed «in stock» is not. If you can offer a direct equivalent from the original component manufacturer, quote it as an alternative and name the part number.

Best regards,
",1,1,16,CT886/42
sales@cybarcode.com,support@cybarcode.com,PLC Products Group,США,+1 440 299-7778,en,Request for firm quotation — 1 line item,"Dear PLC Products Group team,

We are a procurement company sourcing spare parts for gas turbine and gas engine power generation equipment. We found the positions below on your listings and ask you for a firm quotation.

1. P/N MCS20-115-230/24 — 1 pcs; brand MURR Elektronik; ИП MURR Elektronik MCS20-115-230/24
   your listing: https://plcproducts.com/murr_elektronik/power_supplies/switched/mcs20-115-230_24
   price we see on the listing: 349.0 USD
   stock shown: 1

For each position, please confirm:
  1) confirmed quantity on hand today, as a number (not «in stock»)
  2) lead time for the FULL quantity we ask, and for the part of it you can ship now
  3) unit price and total price for the full quantity, net, in your currency
  4) how long the quote stays valid
  5) Incoterms and shipping point
  6) condition: new, factory-sealed, surplus or refurbished; warranty term
  7) country of origin and HS code
  8) return policy if the part does not match the nameplate

If a position is not available in the full quantity, please say so plainly and quote what you can ship — partial coverage is useful to us, an unconfirmed «in stock» is not. If you can offer a direct equivalent from the original component manufacturer, quote it as an alternative and name the part number.

Best regards,
",1,1,1,MCS20-115-230/24
sales@raptorsupplies.com,contact@raptorsupplies.com,Raptor Supplies,"Великобритания (отгрузка по миру, DAP)",+44 203 287 5224; +44 7459 367282,en,Request for firm quotation — 1 line item,"Dear Raptor Supplies team,

We are a procurement company sourcing spare parts for gas turbine and gas engine power generation equipment. We found the positions below on your listings and ask you for a firm quotation.

1. P/N V6 — 1 pcs; brand W.E. ANDERSON; Сигнализатор расхода W.E. ANDERSON V6
   your listing: https://www.raptorsupplies.com/pd/dwyer-instruments/v6epb-b-s-3-b
   price we see on the listing: 576.54 USD
   stock shown: 29

For each position, please confirm:
  1) confirmed quantity on hand today, as a number (not «in stock»)
  2) lead time for the FULL quantity we ask, and for the part of it you can ship now
  3) unit price and total price for the full quantity, net, in your currency
  4) how long the quote stays valid
  5) Incoterms and shipping point
  6) condition: new, factory-sealed, surplus or refurbished; warranty term
  7) country of origin and HS code
  8) return policy if the part does not match the nameplate

If a position is not available in the full quantity, please say so plainly and quote what you can ship — partial coverage is useful to us, an unconfirmed «in stock» is not. If you can offer a direct equivalent from the original component manufacturer, quote it as an alternative and name the part number.

Best regards,
",1,1,1,V6
sales@s7automation.com,orders@s7automation.com; support@s7automation.com,S7 Automation,ЕС (страна на сайте не указана),,en,Request for firm quotation — 1 line item,"Dear S7 Automation team,

We are a procurement company sourcing spare parts for gas turbine and gas engine power generation equipment. We found the positions below on your listings and ask you for a firm quotation.

1. P/N 6ES7412-3HJ14-0AB0 — 2 pcs; brand Siemens; ЦЕНТРАЛЬНЫЙ ПРОЦЕССОР SIMATIC S7-400H, CPU 416-5H СИМЕНС SGT-400 6ES7412-3HJ14-0AB0
   your listing: https://www.s7automation.com/product/6es7412-3hj14-0ab0/
   price we see on the listing: 4125.0 EUR
   stock shown: 6

For each position, please confirm:
  1) confirmed quantity on hand today, as a number (not «in stock»)
  2) lead time for the FULL quantity we ask, and for the part of it you can ship now
  3) unit price and total price for the full quantity, net, in your currency
  4) how long the quote stays valid
  5) Incoterms and shipping point
  6) condition: new, factory-sealed, surplus or refurbished; warranty term
  7) country of origin and HS code
  8) return policy if the part does not match the nameplate

If a position is not available in the full quantity, please say so plainly and quote what you can ship — partial coverage is useful to us, an unconfirmed «in stock» is not. If you can offer a direct equivalent from the original component manufacturer, quote it as an alternative and name the part number.

Best regards,
",1,1,2,6ES7412-3HJ14-0AB0
sales@tsisolutions.us,,TSI Solutions,US,(770) 879-3500,en,Request for firm quotation — 1 line item,"Dear TSI Solutions team,

We are a procurement company sourcing spare parts for gas turbine and gas engine power generation equipment. We found the positions below on your listings and ask you for a firm quotation.

1. P/N C9-A41FX/DC24V + S9-M — 179 pcs; brand Siemens; РЕЛЕ УПРАВЛЕНИЯ (24 В ПОСТ. ТОКА 4-ПОЛЮСНЫЕ) СИМЕНС C9-A41FX/DC24V + S9-M
   your listing: https://www.tsisolutions.us/itemdetail/?itemCode=C9-A41FX%2F024VDC
   price we see on the listing: 41.6 USD
   stock shown: C9-A41FX/DC24V — 895 EA Available у TSI Solutions; S9-M — 5563 EA Available у TSI Solutions

For each position, please confirm:
  1) confirmed quantity on hand today, as a number (not «in stock»)
  2) lead time for the FULL quantity we ask, and for the part of it you can ship now
  3) unit price and total price for the full quantity, net, in your currency
  4) how long the quote stays valid
  5) Incoterms and shipping point
  6) condition: new, factory-sealed, surplus or refurbished; warranty term
  7) country of origin and HS code
  8) return policy if the part does not match the nameplate

If a position is not available in the full quantity, please say so plainly and quote what you can ship — partial coverage is useful to us, an unconfirmed «in stock» is not. If you can offer a direct equivalent from the original component manufacturer, quote it as an alternative and name the part number.

Best regards,
",1,1,179,C9-A41FX/DC24V + S9-M
sales@wojanis.com,,Wojanis Supply,США,+1 724 695-1415,en,Request for firm quotation — 1 line item,"Dear Wojanis Supply team,

We are a procurement company sourcing spare parts for gas turbine and gas engine power generation equipment. We found the positions below on your listings and ask you for a firm quotation.

1. P/N 0000378 — 1 pcs; brand NATIONAL OILWELL VARCO; Набор NOV 0000378
   your listing: https://www.wojanis.com/itemdetail/AI-11-3KT
   price we see on the listing: 630.0 USD

For each position, please confirm:
  1) confirmed quantity on hand today, as a number (not «in stock»)
  2) lead time for the FULL quantity we ask, and for the part of it you can ship now
  3) unit price and total price for the full quantity, net, in your currency
  4) how long the quote stays valid
  5) Incoterms and shipping point
  6) condition: new, factory-sealed, surplus or refurbished; warranty term
  7) country of origin and HS code
  8) return policy if the part does not match the nameplate

If a position is not available in the full quantity, please say so plainly and quote what you can ship — partial coverage is useful to us, an unconfirmed «in stock» is not. If you can offer a direct equivalent from the original component manufacturer, quote it as an alternative and name the part number.

Best regards,
",1,1,1,0000378
info@zancot.com,sales@zancot.in; support@zancot.com,Zancot,США (по карточке не подтверждено),+1 302 442 2230; +91 78455 17694,en,Request for firm quotation — 1 line item,"Dear Zancot team,

We are a procurement company sourcing spare parts for gas turbine and gas engine power generation equipment. We found the positions below on your listings and ask you for a firm quotation.

1. P/N 6ES7331-7NF10-0AB0 — 1 pcs; brand Siemens; Модуль аналоговых входов 8 каналов СИМЕНС SGT-400 6ES7331-7NF10-0AB0
   your listing: https://zancot.com/product/6es7331-7nf10-0ab0-siemens/
   price we see on the listing: 1036.0 USD
   stock shown: 2

For each position, please confirm:
  1) confirmed quantity on hand today, as a number (not «in stock»)
  2) lead time for the FULL quantity we ask, and for the part of it you can ship now
  3) unit price and total price for the full quantity, net, in your currency
  4) how long the quote stays valid
  5) Incoterms and shipping point
  6) condition: new, factory-sealed, surplus or refurbished; warranty term
  7) country of origin and HS code
  8) return policy if the part does not match the nameplate

If a position is not available in the full quantity, please say so plainly and quote what you can ship — partial coverage is useful to us, an unconfirmed «in stock» is not. If you can offer a direct equivalent from the original component manufacturer, quote it as an alternative and name the part number.

Best regards,
",1,1,1,6ES7331-7NF10-0AB0
info@ielektra.cz,,iElektra.cz,CZ,+420 477 577 933; +420 731 411 727,en,Request for firm quotation — 1 line item,"Dear iElektra.cz team,

We are a procurement company sourcing spare parts for gas turbine and gas engine power generation equipment. We found the positions below on your listings and ask you for a firm quotation.

1. P/N 2CDS251001R0204 — 1 pcs; brand ABB; Выключатель ABB S201 2CDS251001R0204
   your listing: https://www.ielektra.cz/z156022-s201-c20
   price we see on the listing: 160.91 CZK

For each position, please confirm:
  1) confirmed quantity on hand today, as a number (not «in stock»)
  2) lead time for the FULL quantity we ask, and for the part of it you can ship now
  3) unit price and total price for the full quantity, net, in your currency
  4) how long the quote stays valid
  5) Incoterms and shipping point
  6) condition: new, factory-sealed, surplus or refurbished; warranty term
  7) country of origin and HS code
  8) return policy if the part does not match the nameplate

If a position is not available in the full quantity, please say so plainly and quote what you can ship — partial coverage is useful to us, an unconfirmed «in stock» is not. If you can offer a direct equivalent from the original component manufacturer, quote it as an alternative and name the part number.

Best regards,
",1,1,1,2CDS251001R0204
sales@santaclarasystems.com,,Santa Clara Systems,США,+1 888-450-0301; +1 888 450 0301,en,Request for firm quotation — 21 line items,"Dear Santa Clara Systems team,

We are a procurement company sourcing spare parts for gas turbine and gas engine power generation equipment. We found the positions below on your listings and ask you for a firm quotation.

1. P/N 1794-OB16P — 25 pcs; brand Solar; Блок дискретных выводов Солар Taurus 60S 1794-OB16P
   your listing: https://www.santaclarasystems.com/allen-bradley/1794-ob16p
2. P/N 1794-OB8EPXT — 24 pcs; brand Solar; Блок ввода/вывода Flex 8 дискретных выводов Солар Taurus 70MD 1794-OB8EPXT
   your listing: https://www.santaclarasystems.com/allen-bradley/1794-ob8epxt
   price we see on the listing: 515.57 USD
   stock shown: 3 In stock
3. P/N 1756-CNBR/D — 11 pcs; brand Solar; Интерфейсная карта  Солар Taurus 70 1756-CNBR/D
   your listing: https://www.santaclarasystems.com/allen-bradley/1756-cnbr
4. P/N 6ES7321-1BL00-0AA0 — 11 pcs; brand Siemens; МОДУЛЬ ВВОДА ДИСКРЕТНЫХ СИГНАЛОВ 32 КАНАЛА СИМЕНС 6ES7321-1BL00-0AA0
   your listing: https://www.santaclarasystems.com/siemens/6es7321-1bl00-0aa0
   price we see on the listing: 560.0 USD
   stock shown: Refurbished — 2 in stock; New — 1 in stock
5. P/N 1794-IF2XOF2IXT — 9 pcs; brand Solar; Блок ввода/вывода Flex 4 аналоговых 2ввода/2вывода быстрых Солар Taurus 70MD 1794-IF2XOF2IXT
   your listing: https://www.santaclarasystems.com/allen-bradley/1794-if2xof2ixt
6. P/N 1794-IВ10XOB6XT — 9 pcs; brand Solar; Блок ввода/вывода Flex 16 дискретных 10ввод/6вывод Солар Taurus 70MD 1794-IВ10XOB6XT
   your listing: https://www.santaclarasystems.com/allen-bradley/1794-ib10xob6xt
7. P/N 1794-OB16PXT — 9 pcs; brand Solar; Блок ввода/вывода Flex 16 дискретных выводов Солар Taurus 70MD 1794-OB16PXT
   your listing: https://www.santaclarasystems.com/allen-bradley/1794-ob16pxt
8. P/N KFD2-STC4-Ex1 — 8 pcs; brand Solar; Барьер искрозащиты Солар Taurus 60S KFD2-STC4-Ex1
   your listing: https://www.santaclarasystems.com/pepperl-fuchs/kfd2-stc4-ex1
9. P/N 1794-IJ2 — 7 pcs; brand Solar; Блок ввода/вывода Flex ввод 2 част. Вращ. Быстр. Солар Taurus 60S 1794-IJ2
   your listing: https://www.santaclarasystems.com/allen-bradley/1794-ij2
10. P/N 1794-OF4I — 7 pcs; brand Solar; Блок ввода/вывода Flex 4 аналоговых вывода Солар Taurus 60S 1794-OF4I
   your listing: https://www.santaclarasystems.com/allen-bradley/1794-of4i
11. P/N 1756-ENBT — 7 pcs; brand Solar; Интерфейсная карта EtherNet Солар Taurus 60S 1756-ENBT
   your listing: https://www.santaclarasystems.com/allen-bradley/1756-enbt
   stock shown: не указан
12. P/N KFD2-SR2-Ex2.W — 7 pcs; brand Solar; Барьер искробезопасности Солар Taurus 60S KFD2-SR2-Ex2.W
   your listing: https://www.santaclarasystems.com/pepperl-fuchs/kfd2-sr2-ex2-w
13. P/N 1794-IF4IXT — 6 pcs; brand Solar; 4 аналоговых ввода быстрых Солар Taurus 70MD 1794-IF4IXT
   your listing: https://www.santaclarasystems.com/allen-bradley/1794-if4ixt
14. P/N 1794-OF4IXT — 6 pcs; brand Solar; 4 аналоговых вывода быстрых Солар Taurus 70MD 1794-OF4IXT
   your listing: https://www.santaclarasystems.com/allen-bradley/1794-of4ixt
15. P/N KFD2-EB2 — 6 pcs; brand Solar; БЛОК РАЗВЯЗКИ, ФИДЕР ПИТАНИЯ Солар Taurus 70MD KFD2-EB2
   price we see on the listing: 34.0 USD
   stock shown: 3
16. P/N KFD2-СR-Ex1 30.300 — 6 pcs; brand Solar; Барьер искробезопасности Солар Taurus 70 KFD2-СR-Ex1 30.300
   your listing: https://www.santaclarasystems.com/pepperl-fuchs/kfd2-cr-ex1.30-300
   stock shown: не указан
17. P/N 6ES7197-1LB00-0XA0 — 5 pcs; brand Siemens; Y-CUPLER модуль Profibus SIEMENS SGT400 6ES7197-1LB00-0XA0
   your listing: https://www.santaclarasystems.com/siemens/6es7197-1lb00-0xa0
18. P/N 6ES7 134-4GD00-0AB0 — 4 pcs; brand Siemens; Модуль аналоговых вводов 4 AI SIEMENS SGT400 6ES7 134-4GD00-0AB0
   your listing: https://www.santaclarasystems.com/siemens/6es7134-4gd00-0ab0
19. P/N 1606-XLDC92D — 3 pcs; brand Solar; Блок питания DC/DC Солар Taurus 70MD 1606-XLDC92D
   your listing: https://www.santaclarasystems.com/allen-bradley/1606-xldc92d
20. P/N 1756-L73XT — 3 pcs; brand Solar; Микропроцессор контроллер Солар Taurus 70MD 1756-L73XT
   your listing: https://www.santaclarasystems.com/allen-bradley/1756-l73xt
21. P/N 6GK7443-1EX30-0XE0 — 2 pcs; brand Siemens; Коммуникационный процессор SIMATIC NET СP 443-1 СИМЕНС 6GK7443-1EX30-0XE0
   your listing: https://www.santaclarasystems.com/siemens/6gk7443-1ex30-0xe0

For each position, please confirm:
  1) confirmed quantity on hand today, as a number (not «in stock»)
  2) lead time for the FULL quantity we ask, and for the part of it you can ship now
  3) unit price and total price for the full quantity, net, in your currency
  4) how long the quote stays valid
  5) Incoterms and shipping point
  6) condition: new, factory-sealed, surplus or refurbished; warranty term
  7) country of origin and HS code
  8) return policy if the part does not match the nameplate

If a position is not available in the full quantity, please say so plainly and quote what you can ship — partial coverage is useful to us, an unconfirmed «in stock» is not. If you can offer a direct equivalent from the original component manufacturer, quote it as an alternative and name the part number.

Best regards,
",21,0,175,1794-OB16P; 1794-OB8EPXT; 1756-CNBR/D; 6ES7321-1BL00-0AA0; 1794-IF2XOF2IXT; 1794-IВ10XOB6XT; 1794-OB16PXT; KFD2-STC4-Ex1; 1794-IJ2; 1794-OF4I; 1756-ENBT; KFD2-SR2-Ex2.W; 1794-IF4IXT; 1794-OF4IXT; KFD2-EB2; KFD2-СR-Ex1 30.300; 6ES7197-1LB00-0XA0; 6ES7 134-4GD00-0AB0; 1606-XLDC92D; 1756-L73XT; 6GK7443-1EX30-0XE0
gparts@moderngroup.com,constructionparts@moderngroup.com; 1244768006@tickets.helpdesk.com,The Modern Shop,США,+1 800-219-9773,en,Request for firm quotation — 15 line items,"Dear The Modern Shop team,

We are a procurement company sourcing spare parts for gas turbine and gas engine power generation equipment. We found the positions below on your listings and ask you for a firm quotation.

1. P/N 4067146 — 773 pcs; brand Cummins; Прокладка под катушку 4067146
   your listing: https://shop.moderngroup.com/4067146-gasket-starting-aid/
   price we see on the listing: 10.35 USD
   stock shown: не опубликован
2. P/N 3420932 — 566 pcs; brand Cummins; Прокладка Cummins 3420932
   your listing: https://shop.moderngroup.com/3420932-seal-rocker-lever/
   price we see on the listing: 86.89 USD
   stock shown: не опубликован
3. P/N AF25544 — 510 pcs; brand Fleetguard; Фильтр воздушный AF25544
   your listing: https://shop.moderngroup.com/af25544-air-filter-primary/
   price we see on the listing: 247.57 USD
4. P/N 3087911 — 373 pcs; brand Cummins; О-образное уплотнительное кольцо (колодца свечи нижнее)
   your listing: https://shop.moderngroup.com/3087911-seal-o-ring/
   stock shown: не опубликован
5. P/N 3336259 — 373 pcs; brand Cummins; О-образное уплотнительное кольцо (колодца свечи верхнее)
   your listing: https://shop.moderngroup.com/3336259-seal-o-ring/
   price we see on the listing: 43.67 USD
   stock shown: не опубликован
6. P/N 3428767 — 373 pcs; brand Cummins; О-образное уплотнительное кольцо (крышка распределительного вала)
   your listing: https://shop.moderngroup.com/3428767-gasket-cover-plate/
   stock shown: не опубликован
7. P/N 3430009 — 373 pcs; brand Cummins; О-образное уплотнительное кольцо (болта крышки клапанов)
   your listing: https://shop.moderngroup.com/3430009-seal-o-ring/
   price we see on the listing: 37.85 USD
   stock shown: не опубликован
8. P/N 4010887 — 252 pcs; brand Cummins; Вставка бумажная фильтра центрифуги масла 401088700
   your listing: https://shop.moderngroup.com/4010887-element-oil-bypass-filter/
   price we see on the listing: 21.8 USD
9. P/N AF25545 — 110 pcs; brand Fleetguard; Фильтр воздушный AF25545
   your listing: https://shop.moderngroup.com/af25545-air-filter-secondary/
   price we see on the listing: 122.1 USD
10. P/N 4010888 — 107 pcs; brand Cummins; Комплект уплотнений центробежного фильтра 4010888
   your listing: https://shop.moderngroup.com/4010888-kit-seal/
   price we see on the listing: 485.27 USD
   stock shown: не опубликован
11. P/N CC2602M — 76 pcs; brand Fleetguard; Индикаторная полоска для теста охлаждающей жидкости
   your listing: https://shop.moderngroup.com/cc2602m-coolant-analysis/
   price we see on the listing: 60.18 USD за 50 шт
12. P/N 4011553 — 28 pcs; brand Cummins; Вставка газового фильтра
   your listing: https://shop.moderngroup.com/4011553-filter-particulate/
   price we see on the listing: 1836.2 USD
13. P/N 3408345 — 10 pcs; brand Cummins; ДАТЧИК ТЕМПЕРАТУРЫ на охлаждающую жидкость (возможно аналог)
   your listing: https://shop.moderngroup.com/3408345-sensor-temperature/
   price we see on the listing: 61.86 USD
14. P/N 4025166 — 7 pcs; brand Cummins; Турбокомпрессор
   your listing: https://shop.moderngroup.com/4025166-turbocharger-hx82-dry/
   price we see on the listing: 16493.84 USD
15. P/N 4326595 — 3 pcs; brand Cummins; ДАТЧИК ПОЛОЖЕНИЯ распредвала (возможно аналог)
   your listing: https://shop.moderngroup.com/4326595-sensor-position/
   price we see on the listing: 428.46 USD

For each position, please confirm:
  1) confirmed quantity on hand today, as a number (not «in stock»)
  2) lead time for the FULL quantity we ask, and for the part of it you can ship now
  3) unit price and total price for the full quantity, net, in your currency
  4) how long the quote stays valid
  5) Incoterms and shipping point
  6) condition: new, factory-sealed, surplus or refurbished; warranty term
  7) country of origin and HS code
  8) return policy if the part does not match the nameplate

If a position is not available in the full quantity, please say so plainly and quote what you can ship — partial coverage is useful to us, an unconfirmed «in stock» is not. If you can offer a direct equivalent from the original component manufacturer, quote it as an alternative and name the part number.

Best regards,
",15,0,3934,4067146; 3420932; AF25544; 3087911; 3336259; 3428767; 3430009; 4010887; AF25545; 4010888; CC2602M; 4011553; 3408345; 4025166; 4326595
info@industrialelectricalwarehouse.com,,Industrial Electrical Warehouse,AU,+61 2 8006 1423; +1 307 298 0335,en,Request for firm quotation — 5 line items,"Dear Industrial Electrical Warehouse team,

We are a procurement company sourcing spare parts for gas turbine and gas engine power generation equipment. We found the positions below on your listings and ask you for a firm quotation.

1. P/N CT91035/140 — 256 pcs; brand Siemens; лепестковый вывод  Сименс SGT-400 CT91035/140
   your listing: https://industrialelectricalwarehouse.com/products/grafoplast-spark-spade-terminals-730-y4
   price we see on the listing: 50.0 AUD за 100 шт
2. P/N CT94851/10 — 32 pcs; brand Siemens; THRU TERM BLK-4MM-4 ПРОВОДНИК.  Сименс SGT-400 CT94851/10
   your listing: https://industrialelectricalwarehouse.com/products/weidmuller-terminal-block-sak-4
   price we see on the listing: 4.7 AUD
3. P/N CT94851/7 — 16 pcs; brand Siemens; СМЕШАННАЯ ПЕРЕМЫЧКА  Сименс SGT-400 CT94851/7
   your listing: https://industrialelectricalwarehouse.com/products/phoenix-contact-jumper-bar-3030307
   price we see on the listing: 5.0 AUD за 2 шт
4. P/N CT94851/15 — 8 pcs; brand Siemens; СТЕПКА ДЖЕМПЕР - 16-4ММ  Сименс SGT-400 CT94851/15
   your listing: https://industrialelectricalwarehouse.com/en-us/products/wago-alternate-jumper-280-409
   price we see on the listing: 22.0 USD за 16 шт
5. P/N CT94851/6 — 8 pcs; brand Siemens; ТОРЦЕВАЯ ПЛАСТИНА  Сименс SGT-400 CT94851/6
   your listing: https://industrialelectricalwarehouse.com/products/weidmuller-ap-sak4-10-117960000
   price we see on the listing: 3.0 AUD

For each position, please confirm:
  1) confirmed quantity on hand today, as a number (not «in stock»)
  2) lead time for the FULL quantity we ask, and for the part of it you can ship now
  3) unit price and total price for the full quantity, net, in your currency
  4) how long the quote stays valid
  5) Incoterms and shipping point
  6) condition: new, factory-sealed, surplus or refurbished; warranty term
  7) country of origin and HS code
  8) return policy if the part does not match the nameplate

If a position is not available in the full quantity, please say so plainly and quote what you can ship — partial coverage is useful to us, an unconfirmed «in stock» is not. If you can offer a direct equivalent from the original component manufacturer, quote it as an alternative and name the part number.

Best regards,
",5,0,320,CT91035/140; CT94851/10; CT94851/7; CT94851/15; CT94851/6
sales@greenlinehose.com,,Green Line Hose & Fittings,Canada,+1 604-525-6700; +1 800-665-5444,en,Request for firm quotation — 4 line items,"Dear Green Line Hose & Fittings team,

We are a procurement company sourcing spare parts for gas turbine and gas engine power generation equipment. We found the positions below on your listings and ask you for a firm quotation.

1. P/N 036607/000 — 14 pcs; brand Siemens; УПЛОТНЕНИЕ СО СВЯЗЕНОМ - 1/4 BSP  Сименс SGT-400 036607/000
   your listing: https://www.greenlinehose.com/catalog/shop/Products-by-Part-Number/Hydraulic-Hose-Fittings/Accessories/O-Rings-Bonded-Seals/00036-BSP-Bonded-Seals/dept-2W8
   price we see on the listing: 1.11 USD
   stock shown: 2325 шт
2. P/N 036616/000 — 12 pcs; brand Siemens; УПЛОТНЕНИЕ СО СВЯЗЕНОМ - 3/4 BSP  Сименс SGT-400 036616/000
   your listing: https://www.greenlinehose.com/catalog/shop/Products-by-Part-Number/Hydraulic-Hose-Fittings/Accessories/O-Rings-Bonded-Seals/00036-BSP-Bonded-Seals/dept-2W8
   price we see on the listing: 1.63 USD
   stock shown: 1016 шт
3. P/N 036623/000 — 10 pcs; brand Siemens; СОЕДИНИТЕЛЬНОЕ УПЛОТНЕНИЕ - 1.1 / 4 BSP  Сименс SGT-400 036623/000
   your listing: https://www.greenlinehose.com/catalog/shop/Products-by-Part-Number/Hydraulic-Hose-Fittings/Accessories/O-Rings-Bonded-Seals/00036-BSP-Bonded-Seals/dept-2W8
   price we see on the listing: 4.9 USD
   stock shown: 415 шт
4. P/N 036613/000 — 4 pcs; brand Siemens; СОЕДИНИТЕЛЬНОЕ УПЛОТНЕНИЕ - 1/2 BSP  Сименс SGT-400 036613/000
   your listing: https://www.greenlinehose.com/buy/product/00036-08-1-2-bsp-parallel-bonded-seal/607
   price we see on the listing: 1.36 USD
   stock shown: 2805 шт

For each position, please confirm:
  1) confirmed quantity on hand today, as a number (not «in stock»)
  2) lead time for the FULL quantity we ask, and for the part of it you can ship now
  3) unit price and total price for the full quantity, net, in your currency
  4) how long the quote stays valid
  5) Incoterms and shipping point
  6) condition: new, factory-sealed, surplus or refurbished; warranty term
  7) country of origin and HS code
  8) return policy if the part does not match the nameplate

If a position is not available in the full quantity, please say so plainly and quote what you can ship — partial coverage is useful to us, an unconfirmed «in stock» is not. If you can offer a direct equivalent from the original component manufacturer, quote it as an alternative and name the part number.

Best regards,
",4,0,40,036607/000; 036616/000; 036623/000; 036613/000
sales@pulsarhydraulics.com,,Pulsar Hydraulics,Canada,+1 306-651-4673; +1 866-476-4673,en,Request for firm quotation — 4 line items,"Dear Pulsar Hydraulics team,

We are a procurement company sourcing spare parts for gas turbine and gas engine power generation equipment. We found the positions below on your listings and ask you for a firm quotation.

1. P/N 036607/000 — 14 pcs; brand Siemens; УПЛОТНЕНИЕ СО СВЯЗЕНОМ - 1/4 BSP  Сименс SGT-400 036607/000
   your listing: https://www.pulsarhydraulics.com/buy/product/00036-04-1-4-bsp-parallel-bonded-seal/605
   price we see on the listing: 1.11 USD
   stock shown: 2325 шт
2. P/N 036616/000 — 12 pcs; brand Siemens; УПЛОТНЕНИЕ СО СВЯЗЕНОМ - 3/4 BSP  Сименс SGT-400 036616/000
   your listing: https://www.pulsarhydraulics.com/catalog/shop/Products-by-Part-Number/Hydraulic-Hose-Fittings/Accessories/O-Rings-Bonded-Seals/00036-BSP-Bonded-Seals/dept-2W8
   price we see on the listing: 1.63 USD
   stock shown: 1016 шт
3. P/N 036623/000 — 10 pcs; brand Siemens; СОЕДИНИТЕЛЬНОЕ УПЛОТНЕНИЕ - 1.1 / 4 BSP  Сименс SGT-400 036623/000
   your listing: https://www.pulsarhydraulics.com/buy/product/00036-20-1-1-4-bsp-parallel-bonded-seal/611
   price we see on the listing: 4.9 USD
   stock shown: 415 шт
4. P/N 036613/000 — 4 pcs; brand Siemens; СОЕДИНИТЕЛЬНОЕ УПЛОТНЕНИЕ - 1/2 BSP  Сименс SGT-400 036613/000
   your listing: https://www.pulsarhydraulics.com/buy/product/00036-08-1-2-bsp-parallel-bonded-seal/607
   price we see on the listing: 1.36 USD
   stock shown: 2805 шт

For each position, please confirm:
  1) confirmed quantity on hand today, as a number (not «in stock»)
  2) lead time for the FULL quantity we ask, and for the part of it you can ship now
  3) unit price and total price for the full quantity, net, in your currency
  4) how long the quote stays valid
  5) Incoterms and shipping point
  6) condition: new, factory-sealed, surplus or refurbished; warranty term
  7) country of origin and HS code
  8) return policy if the part does not match the nameplate

If a position is not available in the full quantity, please say so plainly and quote what you can ship — partial coverage is useful to us, an unconfirmed «in stock» is not. If you can offer a direct equivalent from the original component manufacturer, quote it as an alternative and name the part number.

Best regards,
",4,0,40,036607/000; 036616/000; 036623/000; 036613/000
topbrandsplc@camvect.com,sales7@cambia.cn,Topbrands PLC,CN,+86 180 3027 3592,en,Request for firm quotation — 4 line items,"Dear Topbrands PLC team,

We are a procurement company sourcing spare parts for gas turbine and gas engine power generation equipment. We found the positions below on your listings and ask you for a firm quotation.

1. P/N 170180-01-05 — 145 pcs; brand Solar; BENTLY NEVADA Блок внешнего преобразователя KEYPHASOR Солар Taurus 60S 170180-01-05
   your listing: https://www.topbrandsplc.com/products/bently-nevada-170180-01-05-external-transducer-i-o-module
   stock shown: заявлено «In stock, 1000 left»
2. P/N 1794-OB8EPXT — 24 pcs; brand Solar; Блок ввода/вывода Flex 8 дискретных выводов Солар Taurus 70MD 1794-OB8EPXT
   your listing: https://www.topbrandsplc.com/products/allen-bradley-1794-ob8epxt-8-point-digital-output-module
   price we see on the listing: 515.57 USD
   stock shown: 3 In stock
3. P/N 3AXD50000038423 — 9 pcs; brand ABB; Плата управл. AFIN-02C 3AXD50000038423
   your listing: https://www.topbrandsplc.com/products/abb-afin-02c-3axd50000038423-motor-control-board
   stock shown: In stock, 1000 left
4. P/N 1TNA920611R0002 — 5 pcs; brand ABB; Контроллер ABB M102-M 1TNA920611R0002
   your listing: https://www.topbrandsplc.com/products/abb-1tna920611r0002-m102-m-modbus-rtu-module
   price we see on the listing: 540.0 USD

For each position, please confirm:
  1) confirmed quantity on hand today, as a number (not «in stock»)
  2) lead time for the FULL quantity we ask, and for the part of it you can ship now
  3) unit price and total price for the full quantity, net, in your currency
  4) how long the quote stays valid
  5) Incoterms and shipping point
  6) condition: new, factory-sealed, surplus or refurbished; warranty term
  7) country of origin and HS code
  8) return policy if the part does not match the nameplate

If a position is not available in the full quantity, please say so plainly and quote what you can ship — partial coverage is useful to us, an unconfirmed «in stock» is not. If you can offer a direct equivalent from the original component manufacturer, quote it as an alternative and name the part number.

Best regards,
",4,0,183,170180-01-05; 1794-OB8EPXT; 3AXD50000038423; 1TNA920611R0002
sales@gtengineparts.com,,G&T Engine Parts,США,+1 866 304 5344,en,Request for firm quotation — 3 line items,"Dear G&T Engine Parts team,

We are a procurement company sourcing spare parts for gas turbine and gas engine power generation equipment. We found the positions below on your listings and ask you for a firm quotation.

1. P/N 4067146 — 773 pcs; brand Cummins; Прокладка под катушку 4067146
   price we see on the listing: 10.35 USD
   stock shown: не опубликован
2. P/N 3087911 — 373 pcs; brand Cummins; О-образное уплотнительное кольцо (колодца свечи нижнее)
   stock shown: не опубликован
3. P/N 4384138 — 3 pcs; brand Cummins; ДАТЧИКИ ПЕРЕПАДА ДАВЛЕНИЯ (возможно аналог)
   your listing: https://gtengineparts.com/cummins/4384138
   price we see on the listing: 247.49 USD

For each position, please confirm:
  1) confirmed quantity on hand today, as a number (not «in stock»)
  2) lead time for the FULL quantity we ask, and for the part of it you can ship now
  3) unit price and total price for the full quantity, net, in your currency
  4) how long the quote stays valid
  5) Incoterms and shipping point
  6) condition: new, factory-sealed, surplus or refurbished; warranty term
  7) country of origin and HS code
  8) return policy if the part does not match the nameplate

If a position is not available in the full quantity, please say so plainly and quote what you can ship — partial coverage is useful to us, an unconfirmed «in stock» is not. If you can offer a direct equivalent from the original component manufacturer, quote it as an alternative and name the part number.

Best regards,
",3,0,1149,4067146; 3087911; 4384138
sales@industrialautomationco.com,sales@iac.us.com,Industrial Automation Co,US,+1 877 727 8757; +1 919 812 6589,en,Request for firm quotation — 3 line items,"Dear Industrial Automation Co team,

We are a procurement company sourcing spare parts for gas turbine and gas engine power generation equipment. We found the positions below on your listings and ask you for a firm quotation.

1. P/N 6ES7321-1BL00-0AA0 — 11 pcs; brand Siemens; МОДУЛЬ ВВОДА ДИСКРЕТНЫХ СИГНАЛОВ 32 КАНАЛА СИМЕНС 6ES7321-1BL00-0AA0
   your listing: https://industrialautomationco.com/products/siemens-6es7321-1bl00-0aa0
   price we see on the listing: 560.0 USD
   stock shown: Refurbished — 2 in stock; New — 1 in stock
2. P/N 64606859 — 3 pcs; brand ABB; Модуль адаптера ABB PROFIBUS RPBA-01
   your listing: https://www.industrialautomationco.com/products/abb-rpba-01
   price we see on the listing: 572.0 USD
   stock shown: 1
3. P/N 68840830 — 2 pcs; brand ABB; Модуль ABB Ethernet RETA-02, 68840830
   your listing: https://www.industrialautomationco.com/products/abb-reta-02
   price we see on the listing: 796.0 USD
   stock shown: 1

For each position, please confirm:
  1) confirmed quantity on hand today, as a number (not «in stock»)
  2) lead time for the FULL quantity we ask, and for the part of it you can ship now
  3) unit price and total price for the full quantity, net, in your currency
  4) how long the quote stays valid
  5) Incoterms and shipping point
  6) condition: new, factory-sealed, surplus or refurbished; warranty term
  7) country of origin and HS code
  8) return policy if the part does not match the nameplate

If a position is not available in the full quantity, please say so plainly and quote what you can ship — partial coverage is useful to us, an unconfirmed «in stock» is not. If you can offer a direct equivalent from the original component manufacturer, quote it as an alternative and name the part number.

Best regards,
",3,0,16,6ES7321-1BL00-0AA0; 64606859; 68840830
order@newark.com,,Newark,США,+1 800-463-9275; +1 800 463 9275,en,Request for firm quotation — 3 line items,"Dear Newark team,

We are a procurement company sourcing spare parts for gas turbine and gas engine power generation equipment. We found the positions below on your listings and ask you for a firm quotation.

1. P/N CT94851/10 — 32 pcs; brand Siemens; THRU TERM BLK-4MM-4 ПРОВОДНИК.  Сименс SGT-400 CT94851/10
   price we see on the listing: 4.7 AUD
2. P/N JP4316 — 18 pcs; brand Siemens; ЛЕНТА МАСКИРОВОЧНАЯ - РУЛОН 50 ММ x 50 МЕТРОВ  Сименс SGT-400 JP4316
   price we see on the listing: 5.3 GBP
   stock shown: 1468
3. P/N CT94851/6 — 8 pcs; brand Siemens; ТОРЦЕВАЯ ПЛАСТИНА  Сименс SGT-400 CT94851/6
   price we see on the listing: 3.0 AUD

For each position, please confirm:
  1) confirmed quantity on hand today, as a number (not «in stock»)
  2) lead time for the FULL quantity we ask, and for the part of it you can ship now
  3) unit price and total price for the full quantity, net, in your currency
  4) how long the quote stays valid
  5) Incoterms and shipping point
  6) condition: new, factory-sealed, surplus or refurbished; warranty term
  7) country of origin and HS code
  8) return policy if the part does not match the nameplate

If a position is not available in the full quantity, please say so plainly and quote what you can ship — partial coverage is useful to us, an unconfirmed «in stock» is not. If you can offer a direct equivalent from the original component manufacturer, quote it as an alternative and name the part number.

Best regards,
",3,0,58,CT94851/10; JP4316; CT94851/6
northeastonline@needco.com,,NorthEast Electrical,США,+1 800-897-1769; +1 800 897 1769,en,Request for firm quotation — 3 line items,"Dear NorthEast Electrical team,

We are a procurement company sourcing spare parts for gas turbine and gas engine power generation equipment. We found the positions below on your listings and ask you for a firm quotation.

1. P/N 1794-IF2XOF2IXT — 9 pcs; brand Solar; Блок ввода/вывода Flex 4 аналоговых 2ввода/2вывода быстрых Солар Taurus 70MD 1794-IF2XOF2IXT
   your listing: https://www.needco.com/product/detail/984445/allen-bradley-rockwell-1794-if2xof2ixt
2. P/N 1756-A7 — 8 pcs; brand Solar; Шасси семи слотовое Солар Taurus 60S 1756-A7
   price we see on the listing: 1597.41 USD
   stock shown: 30
3. P/N 1756-PB75 — 7 pcs; brand Solar; Блок питания шасси контроллера Солар Taurus 60S 1756-PB75
   price we see on the listing: 899.0 USD
   stock shown: 6

For each position, please confirm:
  1) confirmed quantity on hand today, as a number (not «in stock»)
  2) lead time for the FULL quantity we ask, and for the part of it you can ship now
  3) unit price and total price for the full quantity, net, in your currency
  4) how long the quote stays valid
  5) Incoterms and shipping point
  6) condition: new, factory-sealed, surplus or refurbished; warranty term
  7) country of origin and HS code
  8) return policy if the part does not match the nameplate

If a position is not available in the full quantity, please say so plainly and quote what you can ship — partial coverage is useful to us, an unconfirmed «in stock» is not. If you can offer a direct equivalent from the original component manufacturer, quote it as an alternative and name the part number.

Best regards,
",3,0,24,1794-IF2XOF2IXT; 1756-A7; 1756-PB75
ask@camvect.com,,PLC DCS Pro,Китай,+86 180 2073 1872,en,Request for firm quotation — 3 line items,"Dear PLC DCS Pro team,

We are a procurement company sourcing spare parts for gas turbine and gas engine power generation equipment. We found the positions below on your listings and ask you for a firm quotation.

1. P/N 1701/10 — 35 pcs; brand Solar; BENTLY NEVADA блок питания Солар Taurus 60S 1701/10
   your listing: https://www.plcdcspro.com/products/bently-nevada-1701-10-01-24-vdc-power-supply-module
   price we see on the listing: 1217.45 USD
   stock shown: 1 (""Only 1 Left"")
2. P/N MVI56-MCM — 7 pcs; brand Solar; Интерфейсная карта MODBUS Солар Taurus 60S MVI56-MCM
   your listing: https://www.plcdcspro.com/products/prosoft-mvi56-mcm-modbus-communication-module-rockwell-automation
   price we see on the listing: 780.89 USD
   stock shown: не раскрыт (позиция помечена ""New Arrived"")
3. P/N 1794-ACNR — 3 pcs; brand Solar; Control Net резервированный адаптер Солар Taurus 70MD 1794-ACNR
   your listing: https://www.plcdcspro.com/products/allen-bradley-1794-acnr-flex-i-o-controlnet-redundant-adapter-module

For each position, please confirm:
  1) confirmed quantity on hand today, as a number (not «in stock»)
  2) lead time for the FULL quantity we ask, and for the part of it you can ship now
  3) unit price and total price for the full quantity, net, in your currency
  4) how long the quote stays valid
  5) Incoterms and shipping point
  6) condition: new, factory-sealed, surplus or refurbished; warranty term
  7) country of origin and HS code
  8) return policy if the part does not match the nameplate

If a position is not available in the full quantity, please say so plainly and quote what you can ship — partial coverage is useful to us, an unconfirmed «in stock» is not. If you can offer a direct equivalent from the original component manufacturer, quote it as an alternative and name the part number.

Best regards,
",3,0,45,1701/10; MVI56-MCM; 1794-ACNR
bestellung@rs.rsgroup.com,kunden.service@rs.rsgroup.com; rcustomerservicesuk@rs-components.com,RS Online,Германия,+49 69 5800-14234; +44 345 720 1201,en,Request for firm quotation — 3 line items,"Dear RS Online team,

We are a procurement company sourcing spare parts for gas turbine and gas engine power generation equipment. We found the positions below on your listings and ask you for a firm quotation.

1. P/N JP5037 — 12 pcs; brand Siemens; ALUMINIUM TAPE - 50MM x 55 METRE ROLL  Сименс SGT-400 JP5037
   price we see on the listing: 105.49 USD
   stock shown: 135
2. P/N CT94851/6 — 8 pcs; brand Siemens; ТОРЦЕВАЯ ПЛАСТИНА  Сименс SGT-400 CT94851/6
   price we see on the listing: 3.0 AUD
3. P/N 3RT2926-1ER00 — 5 pcs; brand Siemens; Ограничитель перенапряжения, DC 24 V СИМЕНС 3RT2926-1ER00
   price we see on the listing: 26.4 USD

For each position, please confirm:
  1) confirmed quantity on hand today, as a number (not «in stock»)
  2) lead time for the FULL quantity we ask, and for the part of it you can ship now
  3) unit price and total price for the full quantity, net, in your currency
  4) how long the quote stays valid
  5) Incoterms and shipping point
  6) condition: new, factory-sealed, surplus or refurbished; warranty term
  7) country of origin and HS code
  8) return policy if the part does not match the nameplate

If a position is not available in the full quantity, please say so plainly and quote what you can ship — partial coverage is useful to us, an unconfirmed «in stock» is not. If you can offer a direct equivalent from the original component manufacturer, quote it as an alternative and name the part number.

Best regards,
",3,0,25,JP5037; CT94851/6; 3RT2926-1ER00
info@fst.com,,Trelleborg / Freudenberg / Parker,Швеция / Германия / США,+46 410 670 00; +49 711 7864 590,en,Request for firm quotation — 3 line items,"Dear Trelleborg / Freudenberg / Parker team,

We are a procurement company sourcing spare parts for gas turbine and gas engine power generation equipment. We found the positions below on your listings and ask you for a firm quotation.

1. P/N 3087911 — 373 pcs; brand Cummins; О-образное уплотнительное кольцо (колодца свечи нижнее)
   stock shown: не опубликован
2. P/N 3336259 — 373 pcs; brand Cummins; О-образное уплотнительное кольцо (колодца свечи верхнее)
   price we see on the listing: 43.67 USD
   stock shown: не опубликован
3. P/N 3430009 — 373 pcs; brand Cummins; О-образное уплотнительное кольцо (болта крышки клапанов)
   price we see on the listing: 37.85 USD
   stock shown: не опубликован

For each position, please confirm:
  1) confirmed quantity on hand today, as a number (not «in stock»)
  2) lead time for the FULL quantity we ask, and for the part of it you can ship now
  3) unit price and total price for the full quantity, net, in your currency
  4) how long the quote stays valid
  5) Incoterms and shipping point
  6) condition: new, factory-sealed, surplus or refurbished; warranty term
  7) country of origin and HS code
  8) return policy if the part does not match the nameplate

If a position is not available in the full quantity, please say so plainly and quote what you can ship — partial coverage is useful to us, an unconfirmed «in stock» is not. If you can offer a direct equivalent from the original component manufacturer, quote it as an alternative and name the part number.

Best regards,
",3,0,1119,3087911; 3336259; 3430009
sales@4dcontrols.com.au,,4D Controls,Австралия,+61 2 4016 0268; +61 1300 731 156,en,Request for firm quotation — 2 line items,"Dear 4D Controls team,

We are a procurement company sourcing spare parts for gas turbine and gas engine power generation equipment. We found the positions below on your listings and ask you for a firm quotation.

1. P/N KFD2-EB2 — 6 pcs; brand Solar; БЛОК РАЗВЯЗКИ, ФИДЕР ПИТАНИЯ Солар Taurus 70MD KFD2-EB2
   price we see on the listing: 34.0 USD
   stock shown: 3
2. P/N KFD2-СR-Ex1 30.300 — 6 pcs; brand Solar; Барьер искробезопасности Солар Taurus 70 KFD2-СR-Ex1 30.300
   stock shown: не указан

For each position, please confirm:
  1) confirmed quantity on hand today, as a number (not «in stock»)
  2) lead time for the FULL quantity we ask, and for the part of it you can ship now
  3) unit price and total price for the full quantity, net, in your currency
  4) how long the quote stays valid
  5) Incoterms and shipping point
  6) condition: new, factory-sealed, surplus or refurbished; warranty term
  7) country of origin and HS code
  8) return policy if the part does not match the nameplate

If a position is not available in the full quantity, please say so plainly and quote what you can ship — partial coverage is useful to us, an unconfirmed «in stock» is not. If you can offer a direct equivalent from the original component manufacturer, quote it as an alternative and name the part number.

Best regards,
",2,0,12,KFD2-EB2; KFD2-СR-Ex1 30.300
info@aft-corp.com,,AFT Fasteners,USA,+1 877-844-8595; +1 469-865-2800,en,Request for firm quotation — 2 line items,"Dear AFT Fasteners team,

We are a procurement company sourcing spare parts for gas turbine and gas engine power generation equipment. We found the positions below on your listings and ask you for a firm quotation.

1. P/N 231122004 — 2 pcs; brand Siemens; ШАЙБА ШАЙБА С ЦИНКОВЫМ ПОКРЫТИЕМ - M4  Сименс SGT-400 231122004
   your listing: https://www.aftfasteners.com/m4-flat-washer-din-125a-zinc-cr-3-low-carbon-metric/
   price we see on the listing: 4.04 USD за 1000 шт
2. P/N 233222004 — 2 pcs; brand Siemens; ПРУЖИННАЯ ШАЙБА С ЦИНКОВЫМ ПОКРЫТИЕМ - M4  Сименс SGT-400 233222004
   your listing: https://www.aftfasteners.com/m4-din-127b-split-lock-washers-thru-hardened-zinc-cr-3-100-pkg/
   price we see on the listing: 1.42 USD за 100 шт

For each position, please confirm:
  1) confirmed quantity on hand today, as a number (not «in stock»)
  2) lead time for the FULL quantity we ask, and for the part of it you can ship now
  3) unit price and total price for the full quantity, net, in your currency
  4) how long the quote stays valid
  5) Incoterms and shipping point
  6) condition: new, factory-sealed, surplus or refurbished; warranty term
  7) country of origin and HS code
  8) return policy if the part does not match the nameplate

If a position is not available in the full quantity, please say so plainly and quote what you can ship — partial coverage is useful to us, an unconfirmed «in stock» is not. If you can offer a direct equivalent from the original component manufacturer, quote it as an alternative and name the part number.

Best regards,
",2,0,4,231122004; 233222004
sales@auto2mation.com,,Auto2mation,IN,+91 7486018214; +91 9725218535,en,Request for firm quotation — 2 line items,"Dear Auto2mation team,

We are a procurement company sourcing spare parts for gas turbine and gas engine power generation equipment. We found the positions below on your listings and ask you for a firm quotation.

1. P/N HDIBATTE260DOTAA — 10 pcs; brand HDI; Батарея акк. HDI HDIBATTE260DOTAA
   your listing: https://auto2mation.com/hdi-hdibatt-e260-dot-aa-power-pack-battery.html
   stock shown: 3 units available (на той же странице стоит статус Sold out — противоречие)
2. P/N EQ3005PCNW — 7 pcs; brand Solar; DET-Tronix controller Солар Taurus 60S EQ3005PCNW
   your listing: https://auto2mation.com/det-tronics-eq3005pcnw-safety-system-controller-24v-dc.html
   price we see on the listing: 5299.13 USD
   stock shown: не раскрыт (счётчик остатка пуст)

For each position, please confirm:
  1) confirmed quantity on hand today, as a number (not «in stock»)
  2) lead time for the FULL quantity we ask, and for the part of it you can ship now
  3) unit price and total price for the full quantity, net, in your currency
  4) how long the quote stays valid
  5) Incoterms and shipping point
  6) condition: new, factory-sealed, surplus or refurbished; warranty term
  7) country of origin and HS code
  8) return policy if the part does not match the nameplate

If a position is not available in the full quantity, please say so plainly and quote what you can ship — partial coverage is useful to us, an unconfirmed «in stock» is not. If you can offer a direct equivalent from the original component manufacturer, quote it as an alternative and name the part number.

Best regards,
",2,0,17,HDIBATTE260DOTAA; EQ3005PCNW
barakastock@barakaagencies.com,,Barakastock,QA,+974 7099 1007; +1 845-213-1445,en,Request for firm quotation — 2 line items,"Dear Barakastock team,

We are a procurement company sourcing spare parts for gas turbine and gas engine power generation equipment. We found the positions below on your listings and ask you for a firm quotation.

1. P/N 1046415-30 — 25 pcs; brand Solar; КОННЕКТОР СОЛАР Taurus 70 и Taurus 70MD (унифицированнные) 1046415-30
   your listing: https://www.barakastock.com/products/bs-no-bpo07788
   price we see on the listing: 38.0 USD
2. P/N 1017905 — 21 pcs; brand Solar; ПРОКЛАДКА, СПИРАЛЬНАЯ, 2.0, CL300, RF, 304 СОЛАР Taurus 70 и Taurus 70MD (унифицированнные) 1017905
   your listing: https://www.barakastock.com/products/bs-no-bpo07757
   price we see on the listing: 35.95 USD за 3 шт

For each position, please confirm:
  1) confirmed quantity on hand today, as a number (not «in stock»)
  2) lead time for the FULL quantity we ask, and for the part of it you can ship now
  3) unit price and total price for the full quantity, net, in your currency
  4) how long the quote stays valid
  5) Incoterms and shipping point
  6) condition: new, factory-sealed, surplus or refurbished; warranty term
  7) country of origin and HS code
  8) return policy if the part does not match the nameplate

If a position is not available in the full quantity, please say so plainly and quote what you can ship — partial coverage is useful to us, an unconfirmed «in stock» is not. If you can offer a direct equivalent from the original component manufacturer, quote it as an alternative and name the part number.

Best regards,
",2,0,46,1046415-30; 1017905
cs@bearingsdirect.com,,Bearings Direct,US,+1 818-545-1900,en,Request for firm quotation — 2 line items,"Dear Bearings Direct team,

We are a procurement company sourcing spare parts for gas turbine and gas engine power generation equipment. We found the positions below on your listings and ask you for a firm quotation.

1. P/N CT1185/7 — 10 pcs; brand Siemens; НАКОНЕЧНИК ШТОКА - ПРАВАЯ РЕЗЬБА - M10 Сименс SGT-400 CT1185/7
   your listing: https://bearingsdirect.com/phs10-rod-end-bearing-right-hand-10mm-bore/
   price we see on the listing: 24.99 USD
   stock shown: 86
2. P/N CT1185/8 — 10 pcs; brand Siemens; НАКОНЕЧНИК ШТОКА - ЛЕВАЯ РЕЗЬБА - M10 Сименс SGT-400 T1185/8
   your listing: https://bearingsdirect.com/phs10l-rod-end-bearing-left-hand-10mm-bore-cg-m10/
   price we see on the listing: 88.78 USD
   stock shown: 219

For each position, please confirm:
  1) confirmed quantity on hand today, as a number (not «in stock»)
  2) lead time for the FULL quantity we ask, and for the part of it you can ship now
  3) unit price and total price for the full quantity, net, in your currency
  4) how long the quote stays valid
  5) Incoterms and shipping point
  6) condition: new, factory-sealed, surplus or refurbished; warranty term
  7) country of origin and HS code
  8) return policy if the part does not match the nameplate

If a position is not available in the full quantity, please say so plainly and quote what you can ship — partial coverage is useful to us, an unconfirmed «in stock» is not. If you can offer a direct equivalent from the original component manufacturer, quote it as an alternative and name the part number.

Best regards,
",2,0,20,CT1185/7; CT1185/8
info@powergaskets.com,,Conta-San / Power Gaskets,Турция,+90 332 239 00 30; +90 533 552 25 80,en,Request for firm quotation — 2 line items,"Dear Conta-San / Power Gaskets team,

We are a procurement company sourcing spare parts for gas turbine and gas engine power generation equipment. We found the positions below on your listings and ask you for a firm quotation.

1. P/N 1180993 — 221 pcs; brand DEUTZ; Уплотнение клапанной коробки
   price we see on the listing: 3.15 EUR
   stock shown: 36
2. P/N 12032892 — 221 pcs; brand DEUTZ; Прокладка клапанной коробки
   price we see on the listing: 9.35 EUR
   stock shown: 58

For each position, please confirm:
  1) confirmed quantity on hand today, as a number (not «in stock»)
  2) lead time for the FULL quantity we ask, and for the part of it you can ship now
  3) unit price and total price for the full quantity, net, in your currency
  4) how long the quote stays valid
  5) Incoterms and shipping point
  6) condition: new, factory-sealed, surplus or refurbished; warranty term
  7) country of origin and HS code
  8) return policy if the part does not match the nameplate

If a position is not available in the full quantity, please say so plainly and quote what you can ship — partial coverage is useful to us, an unconfirmed «in stock» is not. If you can offer a direct equivalent from the original component manufacturer, quote it as an alternative and name the part number.

Best regards,
",2,0,442,1180993; 12032892
info@deutz.com,,Deutz / MWM и дилеры,Германия,+49 221 8220,en,Request for firm quotation — 2 line items,"Dear Deutz / MWM и дилеры team,

We are a procurement company sourcing spare parts for gas turbine and gas engine power generation equipment. We found the positions below on your listings and ask you for a firm quotation.

1. P/N 1180993 — 221 pcs; brand DEUTZ; Уплотнение клапанной коробки
   price we see on the listing: 3.15 EUR
   stock shown: 36
2. P/N 12032892 — 221 pcs; brand DEUTZ; Прокладка клапанной коробки
   price we see on the listing: 9.35 EUR
   stock shown: 58

For each position, please confirm:
  1) confirmed quantity on hand today, as a number (not «in stock»)
  2) lead time for the FULL quantity we ask, and for the part of it you can ship now
  3) unit price and total price for the full quantity, net, in your currency
  4) how long the quote stays valid
  5) Incoterms and shipping point
  6) condition: new, factory-sealed, surplus or refurbished; warranty term
  7) country of origin and HS code
  8) return policy if the part does not match the nameplate

If a position is not available in the full quantity, please say so plainly and quote what you can ship — partial coverage is useful to us, an unconfirmed «in stock» is not. If you can offer a direct equivalent from the original component manufacturer, quote it as an alternative and name the part number.

Best regards,
",2,0,442,1180993; 12032892
info@eltra-trade.sk,export@eltra-trade.sk; usa@eltra-trade.sk,Eltra Trade,SK,+421 552 601 099; +1 888 384 5819,en,Request for firm quotation — 2 line items,"Dear Eltra Trade team,

We are a procurement company sourcing spare parts for gas turbine and gas engine power generation equipment. We found the positions below on your listings and ask you for a firm quotation.

1. P/N 3AXD50000038423 — 9 pcs; brand ABB; Плата управл. AFIN-02C 3AXD50000038423
   your listing: https://eltra-trade.com/products/abb-afin-02c
   stock shown: In stock, 1000 left
2. P/N 5SY6206-7 — 2 pcs; brand Siemens; Автоматический выключатель (440V 6KA) - 24V DC 6A СИМЕНС SGT-400 5SY6206-7
   your listing: https://eltra-trade.com/products/siemens-5sy62067
   price we see on the listing: 39.32 EUR

For each position, please confirm:
  1) confirmed quantity on hand today, as a number (not «in stock»)
  2) lead time for the FULL quantity we ask, and for the part of it you can ship now
  3) unit price and total price for the full quantity, net, in your currency
  4) how long the quote stays valid
  5) Incoterms and shipping point
  6) condition: new, factory-sealed, surplus or refurbished; warranty term
  7) country of origin and HS code
  8) return policy if the part does not match the nameplate

If a position is not available in the full quantity, please say so plainly and quote what you can ship — partial coverage is useful to us, an unconfirmed «in stock» is not. If you can offer a direct equivalent from the original component manufacturer, quote it as an alternative and name the part number.

Best regards,
",2,0,11,3AXD50000038423; 5SY6206-7
carolyn.renholm@gescan.com,,Gescan,Канада,+1 604-472-7160; +1 877-437-2261,en,Request for firm quotation — 2 line items,"Dear Gescan team,

We are a procurement company sourcing spare parts for gas turbine and gas engine power generation equipment. We found the positions below on your listings and ask you for a firm quotation.

1. P/N CT94851/10 — 32 pcs; brand Siemens; THRU TERM BLK-4MM-4 ПРОВОДНИК.  Сименс SGT-400 CT94851/10
   price we see on the listing: 4.7 AUD
2. P/N CT94851/7 — 16 pcs; brand Siemens; СМЕШАННАЯ ПЕРЕМЫЧКА  Сименс SGT-400 CT94851/7
   price we see on the listing: 5.0 AUD за 2 шт

For each position, please confirm:
  1) confirmed quantity on hand today, as a number (not «in stock»)
  2) lead time for the FULL quantity we ask, and for the part of it you can ship now
  3) unit price and total price for the full quantity, net, in your currency
  4) how long the quote stays valid
  5) Incoterms and shipping point
  6) condition: new, factory-sealed, surplus or refurbished; warranty term
  7) country of origin and HS code
  8) return policy if the part does not match the nameplate

If a position is not available in the full quantity, please say so plainly and quote what you can ship — partial coverage is useful to us, an unconfirmed «in stock» is not. If you can offer a direct equivalent from the original component manufacturer, quote it as an alternative and name the part number.

Best regards,
",2,0,48,CT94851/10; CT94851/7
contact.en@innio.com,,INNIO Jenbacher / Clarke Energy,Австрия,+43 5244 600,en,Request for firm quotation — 2 line items,"Dear INNIO Jenbacher / Clarke Energy team,

We are a procurement company sourcing spare parts for gas turbine and gas engine power generation equipment. We found the positions below on your listings and ask you for a firm quotation.

1. P/N 319737 — 431 pcs; brand Jenbacher/INNIO; О-кольцо, артикул 319737
   price we see on the listing: 3.08 EUR
   stock shown: 273
2. P/N 112197 — 276 pcs; brand Jenbacher/INNIO; Уплотнение, артикул 112197
   price we see on the listing: 2.02 EUR
   stock shown: 175

For each position, please confirm:
  1) confirmed quantity on hand today, as a number (not «in stock»)
  2) lead time for the FULL quantity we ask, and for the part of it you can ship now
  3) unit price and total price for the full quantity, net, in your currency
  4) how long the quote stays valid
  5) Incoterms and shipping point
  6) condition: new, factory-sealed, surplus or refurbished; warranty term
  7) country of origin and HS code
  8) return policy if the part does not match the nameplate

If a position is not available in the full quantity, please say so plainly and quote what you can ship — partial coverage is useful to us, an unconfirmed «in stock» is not. If you can offer a direct equivalent from the original component manufacturer, quote it as an alternative and name the part number.

Best regards,
",2,0,707,319737; 112197
enquiry@nexinstrument.com,sales@nexinstrument.com; support@nexinstrument.com,Nexinstrument,MY,+60 6-337 4824; +60 6 337 4824,en,Request for firm quotation — 2 line items,"Dear Nexinstrument team,

We are a procurement company sourcing spare parts for gas turbine and gas engine power generation equipment. We found the positions below on your listings and ask you for a firm quotation.

1. P/N 64/09001231/091 — 38 pcs; brand Siemens; РЕЗЕРВНЫЙ АККУМУЛЯТОР 3,6 В / 2,3 А-Ч  Сименс SGT-400 64/09001231/091
   price we see on the listing: 7.65 USD
   stock shown: 1847
2. P/N KFD2-СR-Ex1 30.300 — 6 pcs; brand Solar; Барьер искробезопасности Солар Taurus 70 KFD2-СR-Ex1 30.300
   stock shown: не указан

For each position, please confirm:
  1) confirmed quantity on hand today, as a number (not «in stock»)
  2) lead time for the FULL quantity we ask, and for the part of it you can ship now
  3) unit price and total price for the full quantity, net, in your currency
  4) how long the quote stays valid
  5) Incoterms and shipping point
  6) condition: new, factory-sealed, surplus or refurbished; warranty term
  7) country of origin and HS code
  8) return policy if the part does not match the nameplate

If a position is not available in the full quantity, please say so plainly and quote what you can ship — partial coverage is useful to us, an unconfirmed «in stock» is not. If you can offer a direct equivalent from the original component manufacturer, quote it as an alternative and name the part number.

Best regards,
",2,0,44,64/09001231/091; KFD2-СR-Ex1 30.300
websales@northcoast.com,,North Coast,US,+1 206 442 9898,en,Request for firm quotation — 2 line items,"Dear North Coast team,

We are a procurement company sourcing spare parts for gas turbine and gas engine power generation equipment. We found the positions below on your listings and ask you for a firm quotation.

1. P/N 1756-A7 — 8 pcs; brand Solar; Шасси семи слотовое Солар Taurus 60S 1756-A7
   your listing: https://www.northcoast.com/product/detail/132018/allen-bradley-rockwell-1756-a7
   price we see on the listing: 1597.41 USD
   stock shown: 30
2. P/N MVI56-MCM — 7 pcs; brand Solar; Интерфейсная карта MODBUS Солар Taurus 60S MVI56-MCM
   your listing: https://www.northcoast.com/product/detail/757370/prosoft-technology-inc-mvi56e-mcm
   price we see on the listing: 780.89 USD
   stock shown: не раскрыт (позиция помечена ""New Arrived"")

For each position, please confirm:
  1) confirmed quantity on hand today, as a number (not «in stock»)
  2) lead time for the FULL quantity we ask, and for the part of it you can ship now
  3) unit price and total price for the full quantity, net, in your currency
  4) how long the quote stays valid
  5) Incoterms and shipping point
  6) condition: new, factory-sealed, surplus or refurbished; warranty term
  7) country of origin and HS code
  8) return policy if the part does not match the nameplate

If a position is not available in the full quantity, please say so plainly and quote what you can ship — partial coverage is useful to us, an unconfirmed «in stock» is not. If you can offer a direct equivalent from the original component manufacturer, quote it as an alternative and name the part number.

Best regards,
",2,0,15,1756-A7; MVI56-MCM
sales@de.pepperl-fuchs.com,info@de.pepperl-fuchs.com; sales@us.pepperl-fuchs.com,Pepperl+Fuchs,Германия,+49 621 776 0; +1 330 425 3555,en,Request for firm quotation — 2 line items,"Dear Pepperl+Fuchs team,

We are a procurement company sourcing spare parts for gas turbine and gas engine power generation equipment. We found the positions below on your listings and ask you for a firm quotation.

1. P/N KFD2-STC4-Ex1 — 8 pcs; brand Solar; Барьер искрозащиты Солар Taurus 60S KFD2-STC4-Ex1
2. P/N KFD2-EB2 — 6 pcs; brand Solar; БЛОК РАЗВЯЗКИ, ФИДЕР ПИТАНИЯ Солар Taurus 70MD KFD2-EB2
   price we see on the listing: 34.0 USD
   stock shown: 3

For each position, please confirm:
  1) confirmed quantity on hand today, as a number (not «in stock»)
  2) lead time for the FULL quantity we ask, and for the part of it you can ship now
  3) unit price and total price for the full quantity, net, in your currency
  4) how long the quote stays valid
  5) Incoterms and shipping point
  6) condition: new, factory-sealed, surplus or refurbished; warranty term
  7) country of origin and HS code
  8) return policy if the part does not match the nameplate

If a position is not available in the full quantity, please say so plainly and quote what you can ship — partial coverage is useful to us, an unconfirmed «in stock» is not. If you can offer a direct equivalent from the original component manufacturer, quote it as an alternative and name the part number.

Best regards,
",2,0,14,KFD2-STC4-Ex1; KFD2-EB2
sales@worldofcontrols.com,,World of Controls,USA,+1 832 946 3166; +971 7 268 9878,en,Request for firm quotation — 2 line items,"Dear World of Controls team,

We are a procurement company sourcing spare parts for gas turbine and gas engine power generation equipment. We found the positions below on your listings and ask you for a firm quotation.

1. P/N 64/51031004/5 — 2 pcs; brand Siemens; КЛЮЧЕВОЙ МОДУЛЬ  Сименс SGT-400 64/51031004/5
   your listing: https://www.worldofcontrols.com/350025-2
2. P/N 64/51031004/6 — 2 pcs; brand Siemens; ПРОКСИМИТОР / СЕЙСМИЧЕСКИЙ МОДУЛЬ  Сименс SGT-400 64/51031004/6
   your listing: https://www.worldofcontrols.com/3500-42M-PWA140734-02

For each position, please confirm:
  1) confirmed quantity on hand today, as a number (not «in stock»)
  2) lead time for the FULL quantity we ask, and for the part of it you can ship now
  3) unit price and total price for the full quantity, net, in your currency
  4) how long the quote stays valid
  5) Incoterms and shipping point
  6) condition: new, factory-sealed, surplus or refurbished; warranty term
  7) country of origin and HS code
  8) return policy if the part does not match the nameplate

If a position is not available in the full quantity, please say so plainly and quote what you can ship — partial coverage is useful to us, an unconfirmed «in stock» is not. If you can offer a direct equivalent from the original component manufacturer, quote it as an alternative and name the part number.

Best regards,
",2,0,4,64/51031004/5; 64/51031004/6
sales@2kshops.com,,2K Shops,GB,+44 2036952386,en,Request for firm quotation — 1 line item,"Dear 2K Shops team,

We are a procurement company sourcing spare parts for gas turbine and gas engine power generation equipment. We found the positions below on your listings and ask you for a firm quotation.

1. P/N BPZ:SKC62 — 21 pcs; brand Siemens; ПРИВОД ЭЛЕКТРОГИДРАВЛИЧЕСКИЙ, SIEMENS SKC62, 2800 N, 40мм, AC 24 В, DC 0..10 В 4...20 MA артикул BPZ:SKC62
   your listing: https://www.2kshops.com/siemens-skc62/
   price we see on the listing: 1173.5 EUR
   stock shown: Stock: 1 units

For each position, please confirm:
  1) confirmed quantity on hand today, as a number (not «in stock»)
  2) lead time for the FULL quantity we ask, and for the part of it you can ship now
  3) unit price and total price for the full quantity, net, in your currency
  4) how long the quote stays valid
  5) Incoterms and shipping point
  6) condition: new, factory-sealed, surplus or refurbished; warranty term
  7) country of origin and HS code
  8) return policy if the part does not match the nameplate

If a position is not available in the full quantity, please say so plainly and quote what you can ship — partial coverage is useful to us, an unconfirmed «in stock» is not. If you can offer a direct equivalent from the original component manufacturer, quote it as an alternative and name the part number.

Best regards,
",1,0,21,BPZ:SKC62
changxin2025@gmail.com,,BentlyDCS Automation,CN,+86 15359213550,en,Request for firm quotation — 1 line item,"Dear BentlyDCS Automation team,

We are a procurement company sourcing spare parts for gas turbine and gas engine power generation equipment. We found the positions below on your listings and ask you for a firm quotation.

1. P/N BN1701/15 — 12 pcs; brand Solar; BENTLY NEVADA Блок контроля Солар Taurus 70MD BN1701/15
   your listing: https://www.bentlydcs.com/product/bently-nevada-1701-15-fieldmonitor-proximitor-input-monitor/
   stock shown: Low stock: 6 left

For each position, please confirm:
  1) confirmed quantity on hand today, as a number (not «in stock»)
  2) lead time for the FULL quantity we ask, and for the part of it you can ship now
  3) unit price and total price for the full quantity, net, in your currency
  4) how long the quote stays valid
  5) Incoterms and shipping point
  6) condition: new, factory-sealed, surplus or refurbished; warranty term
  7) country of origin and HS code
  8) return policy if the part does not match the nameplate

If a position is not available in the full quantity, please say so plainly and quote what you can ship — partial coverage is useful to us, an unconfirmed «in stock» is not. If you can offer a direct equivalent from the original component manufacturer, quote it as an alternative and name the part number.

Best regards,
",1,0,12,BN1701/15
info@cwlyautomation.com,,CWLY Automation,CN,+86 136 6712 1125,en,Request for firm quotation — 1 line item,"Dear CWLY Automation team,

We are a procurement company sourcing spare parts for gas turbine and gas engine power generation equipment. We found the positions below on your listings and ask you for a firm quotation.

1. P/N 1TNA920611R0002 — 5 pcs; brand ABB; Контроллер ABB M102-M 1TNA920611R0002
   your listing: https://www.cwlyautomation.com/product/5545.html
   price we see on the listing: 540.0 USD

For each position, please confirm:
  1) confirmed quantity on hand today, as a number (not «in stock»)
  2) lead time for the FULL quantity we ask, and for the part of it you can ship now
  3) unit price and total price for the full quantity, net, in your currency
  4) how long the quote stays valid
  5) Incoterms and shipping point
  6) condition: new, factory-sealed, surplus or refurbished; warranty term
  7) country of origin and HS code
  8) return policy if the part does not match the nameplate

If a position is not available in the full quantity, please say so plainly and quote what you can ship — partial coverage is useful to us, an unconfirmed «in stock» is not. If you can offer a direct equivalent from the original component manufacturer, quote it as an alternative and name the part number.

Best regards,
",1,0,5,1TNA920611R0002
webemail@carolinamotioncontrols.com,,Carolina Motion Controls,US,+1 864 458-9988,en,Request for firm quotation — 1 line item,"Dear Carolina Motion Controls team,

We are a procurement company sourcing spare parts for gas turbine and gas engine power generation equipment. We found the positions below on your listings and ask you for a firm quotation.

1. P/N 750-920 — 2 pcs; brand WAGO; Кабель для передачи данных WAGO 750-920
   your listing: https://carolinamotioncontrols.com/buy/wago/750-920/
   price we see on the listing: 116.47 USD

For each position, please confirm:
  1) confirmed quantity on hand today, as a number (not «in stock»)
  2) lead time for the FULL quantity we ask, and for the part of it you can ship now
  3) unit price and total price for the full quantity, net, in your currency
  4) how long the quote stays valid
  5) Incoterms and shipping point
  6) condition: new, factory-sealed, surplus or refurbished; warranty term
  7) country of origin and HS code
  8) return policy if the part does not match the nameplate

If a position is not available in the full quantity, please say so plainly and quote what you can ship — partial coverage is useful to us, an unconfirmed «in stock» is not. If you can offer a direct equivalent from the original component manufacturer, quote it as an alternative and name the part number.

Best regards,
",1,0,2,750-920
info@chinesespare.com,,Chinesespare,HK,+852 6432 7800,en,Request for firm quotation — 1 line item,"Dear Chinesespare team,

We are a procurement company sourcing spare parts for gas turbine and gas engine power generation equipment. We found the positions below on your listings and ask you for a firm quotation.

1. P/N 6ES7197-1LA04-0XA0 — 8 pcs; brand Siemens; Интерфейсный модуль Profibus ET200M/LINK SIEMENS SGT400 6ES7197-1LA04-0XA0
   your listing: http://www.chinesespare.com/more.php?id=58759

For each position, please confirm:
  1) confirmed quantity on hand today, as a number (not «in stock»)
  2) lead time for the FULL quantity we ask, and for the part of it you can ship now
  3) unit price and total price for the full quantity, net, in your currency
  4) how long the quote stays valid
  5) Incoterms and shipping point
  6) condition: new, factory-sealed, surplus or refurbished; warranty term
  7) country of origin and HS code
  8) return policy if the part does not match the nameplate

If a position is not available in the full quantity, please say so plainly and quote what you can ship — partial coverage is useful to us, an unconfirmed «in stock» is not. If you can offer a direct equivalent from the original component manufacturer, quote it as an alternative and name the part number.

Best regards,
",1,0,8,6ES7197-1LA04-0XA0
info@controlparts.com,,Control Parts,US,+1 717-209-7100,en,Request for firm quotation — 1 line item,"Dear Control Parts team,

We are a procurement company sourcing spare parts for gas turbine and gas engine power generation equipment. We found the positions below on your listings and ask you for a firm quotation.

1. P/N 3RT2926-1ER00 — 5 pcs; brand Siemens; Ограничитель перенапряжения, DC 24 V СИМЕНС 3RT2926-1ER00
   your listing: https://controlparts.com/products/3rt2926-1er00
   price we see on the listing: 26.4 USD

For each position, please confirm:
  1) confirmed quantity on hand today, as a number (not «in stock»)
  2) lead time for the FULL quantity we ask, and for the part of it you can ship now
  3) unit price and total price for the full quantity, net, in your currency
  4) how long the quote stays valid
  5) Incoterms and shipping point
  6) condition: new, factory-sealed, surplus or refurbished; warranty term
  7) country of origin and HS code
  8) return policy if the part does not match the nameplate

If a position is not available in the full quantity, please say so plainly and quote what you can ship — partial coverage is useful to us, an unconfirmed «in stock» is not. If you can offer a direct equivalent from the original component manufacturer, quote it as an alternative and name the part number.

Best regards,
",1,0,5,3RT2926-1ER00
sale2@askplc.com,,ControlDCS,CN,+86-18030132586,en,Request for firm quotation — 1 line item,"Dear ControlDCS team,

We are a procurement company sourcing spare parts for gas turbine and gas engine power generation equipment. We found the positions below on your listings and ask you for a firm quotation.

1. P/N 1701/15 — 98 pcs; brand Solar; BENTLY NEVADA Блок контроля Солар Taurus 60S 1701/15
   your listing: https://www.controldcs.com/bently-nevada-1701-15-proximitor-input-monitor_p43966.html
   stock shown: 15 in stock

For each position, please confirm:
  1) confirmed quantity on hand today, as a number (not «in stock»)
  2) lead time for the FULL quantity we ask, and for the part of it you can ship now
  3) unit price and total price for the full quantity, net, in your currency
  4) how long the quote stays valid
  5) Incoterms and shipping point
  6) condition: new, factory-sealed, surplus or refurbished; warranty term
  7) country of origin and HS code
  8) return policy if the part does not match the nameplate

If a position is not available in the full quantity, please say so plainly and quote what you can ship — partial coverage is useful to us, an unconfirmed «in stock» is not. If you can offer a direct equivalent from the original component manufacturer, quote it as an alternative and name the part number.

Best regards,
",1,0,98,1701/15
sales@ddpartssolution.com,,DD Parts Solution,US,+1 (689) 275-3558,en,Request for firm quotation — 1 line item,"Dear DD Parts Solution team,

We are a procurement company sourcing spare parts for gas turbine and gas engine power generation equipment. We found the positions below on your listings and ask you for a firm quotation.

1. P/N 6ES7 131-4BD01-0AA0 — 24 pcs; brand Siemens; Модуль дискретных вводов 4 DI SIEMENS SGT400 6ES7 131-4BD01-0AA0
   your listing: https://ddpartssolution.com/products/siemens-6es7131-4bd01-0aa0-simatic-et-200s-digital-input-module-4-di-24v-dc
   price we see on the listing: 32.0 USD
   stock shown: +10 Available

For each position, please confirm:
  1) confirmed quantity on hand today, as a number (not «in stock»)
  2) lead time for the FULL quantity we ask, and for the part of it you can ship now
  3) unit price and total price for the full quantity, net, in your currency
  4) how long the quote stays valid
  5) Incoterms and shipping point
  6) condition: new, factory-sealed, surplus or refurbished; warranty term
  7) country of origin and HS code
  8) return policy if the part does not match the nameplate

If a position is not available in the full quantity, please say so plainly and quote what you can ship — partial coverage is useful to us, an unconfirmed «in stock» is not. If you can offer a direct equivalent from the original component manufacturer, quote it as an alternative and name the part number.

Best regards,
",1,0,24,6ES7 131-4BD01-0AA0
sales@electricals-shop.com,,Electricals Shop,US,+1-503-486-4092,en,Request for firm quotation — 1 line item,"Dear Electricals Shop team,

We are a procurement company sourcing spare parts for gas turbine and gas engine power generation equipment. We found the positions below on your listings and ask you for a firm quotation.

1. P/N 3AX1103-2E — 14 pcs; brand Siemens; Аксессуар для расцепителя 3AH, 3AK, 3AE, 3AX1103-2E DC 110B, включая варистор, 3AX1103-2E
   your listing: https://electricals-shop.com/product/3ax1103-2e-siemens/
   price we see on the listing: 3265.68 USD

For each position, please confirm:
  1) confirmed quantity on hand today, as a number (not «in stock»)
  2) lead time for the FULL quantity we ask, and for the part of it you can ship now
  3) unit price and total price for the full quantity, net, in your currency
  4) how long the quote stays valid
  5) Incoterms and shipping point
  6) condition: new, factory-sealed, surplus or refurbished; warranty term
  7) country of origin and HS code
  8) return policy if the part does not match the nameplate

If a position is not available in the full quantity, please say so plainly and quote what you can ship — partial coverage is useful to us, an unconfirmed «in stock» is not. If you can offer a direct equivalent from the original component manufacturer, quote it as an alternative and name the part number.

Best regards,
",1,0,14,3AX1103-2E
sales@enapart.com,,Enapart LLC,US,+1 210 729 7760,en,Request for firm quotation — 1 line item,"Dear Enapart LLC team,

We are a procurement company sourcing spare parts for gas turbine and gas engine power generation equipment. We found the positions below on your listings and ask you for a firm quotation.

1. P/N A12B23HWB — 6 pcs; brand Costech; Вентилятор Costech A12B23HWB W00 AC220V
   your listing: https://www.ontrium.com/en/usa/brands/costech/a12b23hwb
   price we see on the listing: 8.0 USD

For each position, please confirm:
  1) confirmed quantity on hand today, as a number (not «in stock»)
  2) lead time for the FULL quantity we ask, and for the part of it you can ship now
  3) unit price and total price for the full quantity, net, in your currency
  4) how long the quote stays valid
  5) Incoterms and shipping point
  6) condition: new, factory-sealed, surplus or refurbished; warranty term
  7) country of origin and HS code
  8) return policy if the part does not match the nameplate

If a position is not available in the full quantity, please say so plainly and quote what you can ship — partial coverage is useful to us, an unconfirmed «in stock» is not. If you can offer a direct equivalent from the original component manufacturer, quote it as an alternative and name the part number.

Best regards,
",1,0,6,A12B23HWB
parts@energychoice.com,,Energy Choice Inc,US,+1 617-939-0160,en,Request for firm quotation — 1 line item,"Dear Energy Choice Inc team,

We are a procurement company sourcing spare parts for gas turbine and gas engine power generation equipment. We found the positions below on your listings and ask you for a firm quotation.

1. P/N GI3-3 — 869 pcs; brand Denso; Свеча Denso GI3-3
   your listing: https://echoiceparts.com/item/DEN--GI3-3
   price we see on the listing: 63.87 USD
   stock shown: 100+

For each position, please confirm:
  1) confirmed quantity on hand today, as a number (not «in stock»)
  2) lead time for the FULL quantity we ask, and for the part of it you can ship now
  3) unit price and total price for the full quantity, net, in your currency
  4) how long the quote stays valid
  5) Incoterms and shipping point
  6) condition: new, factory-sealed, surplus or refurbished; warranty term
  7) country of origin and HS code
  8) return policy if the part does not match the nameplate

If a position is not available in the full quantity, please say so plainly and quote what you can ship — partial coverage is useful to us, an unconfirmed «in stock» is not. If you can offer a direct equivalent from the original component manufacturer, quote it as an alternative and name the part number.

Best regards,
",1,0,869,GI3-3
sales@farnell.com,support@farnell.com,Farnell UK,Великобритания,+44 344 711 1111; +44 870 129 8608,en,Request for firm quotation — 1 line item,"Dear Farnell UK team,

We are a procurement company sourcing spare parts for gas turbine and gas engine power generation equipment. We found the positions below on your listings and ask you for a firm quotation.

1. P/N CT94851/7 — 16 pcs; brand Siemens; СМЕШАННАЯ ПЕРЕМЫЧКА  Сименс SGT-400 CT94851/7
   price we see on the listing: 5.0 AUD за 2 шт

For each position, please confirm:
  1) confirmed quantity on hand today, as a number (not «in stock»)
  2) lead time for the FULL quantity we ask, and for the part of it you can ship now
  3) unit price and total price for the full quantity, net, in your currency
  4) how long the quote stays valid
  5) Incoterms and shipping point
  6) condition: new, factory-sealed, surplus or refurbished; warranty term
  7) country of origin and HS code
  8) return policy if the part does not match the nameplate

If a position is not available in the full quantity, please say so plainly and quote what you can ship — partial coverage is useful to us, an unconfirmed «in stock» is not. If you can offer a direct equivalent from the original component manufacturer, quote it as an alternative and name the part number.

Best regards,
",1,0,16,CT94851/7
enquiries@firststoppackaging.co.uk,,First Stop Packaging,Великобритания,+44 844 443 8389,en,Request for firm quotation — 1 line item,"Dear First Stop Packaging team,

We are a procurement company sourcing spare parts for gas turbine and gas engine power generation equipment. We found the positions below on your listings and ask you for a firm quotation.

1. P/N JP5037 — 12 pcs; brand Siemens; ALUMINIUM TAPE - 50MM x 55 METRE ROLL  Сименс SGT-400 JP5037
   price we see on the listing: 105.49 USD
   stock shown: 135

For each position, please confirm:
  1) confirmed quantity on hand today, as a number (not «in stock»)
  2) lead time for the FULL quantity we ask, and for the part of it you can ship now
  3) unit price and total price for the full quantity, net, in your currency
  4) how long the quote stays valid
  5) Incoterms and shipping point
  6) condition: new, factory-sealed, surplus or refurbished; warranty term
  7) country of origin and HS code
  8) return policy if the part does not match the nameplate

If a position is not available in the full quantity, please say so plainly and quote what you can ship — partial coverage is useful to us, an unconfirmed «in stock» is not. If you can offer a direct equivalent from the original component manufacturer, quote it as an alternative and name the part number.

Best regards,
",1,0,12,JP5037
support@firsttruckparts.com,help@firsttruckparts.com,First Truck Parts,US,+1 570 209 8421,en,Request for firm quotation — 1 line item,"Dear First Truck Parts team,

We are a procurement company sourcing spare parts for gas turbine and gas engine power generation equipment. We found the positions below on your listings and ask you for a firm quotation.

1. P/N 3929935 — 7 pcs; brand Cummins; Двигатель - Датчик массового расхода газа
   your listing: https://firsttruckparts.com/products/3929935-genuine-cummins%C2%AE-mass-fuel-flow-sensor
   price we see on the listing: 1079.0 USD
   stock shown: 1

For each position, please confirm:
  1) confirmed quantity on hand today, as a number (not «in stock»)
  2) lead time for the FULL quantity we ask, and for the part of it you can ship now
  3) unit price and total price for the full quantity, net, in your currency
  4) how long the quote stays valid
  5) Incoterms and shipping point
  6) condition: new, factory-sealed, surplus or refurbished; warranty term
  7) country of origin and HS code
  8) return policy if the part does not match the nameplate

If a position is not available in the full quantity, please say so plainly and quote what you can ship — partial coverage is useful to us, an unconfirmed «in stock» is not. If you can offer a direct equivalent from the original component manufacturer, quote it as an alternative and name the part number.

Best regards,
",1,0,7,3929935
sales@fueldump.co.uk,,FuelDump,UK,+44 1373 822220,en,Request for firm quotation — 1 line item,"Dear FuelDump team,

We are a procurement company sourcing spare parts for gas turbine and gas engine power generation equipment. We found the positions below on your listings and ask you for a firm quotation.

1. P/N PEDROLLO HF 50В — 21 pcs; brand PEDROLLO; Двигатель - Насос циркуляционный ОЖ
   your listing: https://www.fueldump.co.uk/product/pedrollo-hf50b-medium-flow-centrifugal-pump-for-diesel-water/

For each position, please confirm:
  1) confirmed quantity on hand today, as a number (not «in stock»)
  2) lead time for the FULL quantity we ask, and for the part of it you can ship now
  3) unit price and total price for the full quantity, net, in your currency
  4) how long the quote stays valid
  5) Incoterms and shipping point
  6) condition: new, factory-sealed, surplus or refurbished; warranty term
  7) country of origin and HS code
  8) return policy if the part does not match the nameplate

If a position is not available in the full quantity, please say so plainly and quote what you can ship — partial coverage is useful to us, an unconfirmed «in stock» is not. If you can offer a direct equivalent from the original component manufacturer, quote it as an alternative and name the part number.

Best regards,
",1,0,21,PEDROLLO HF 50В
sales@gsproducts.co.uk,,GS Products,GB,+44 121 601 0480; +44 7519 027536,en,Request for firm quotation — 1 line item,"Dear GS Products team,

We are a procurement company sourcing spare parts for gas turbine and gas engine power generation equipment. We found the positions below on your listings and ask you for a firm quotation.

1. P/N CT4017W/37_3 — 6 pcs; brand Siemens; ЗАПОРНЫЙ ПРОВОД - 16SWG INCALLOY DS  Сименс SGT-400 CT4017W/37_3
   your listing: https://www.gsproducts.co.uk/1-6mm-stainless-steel-locking-wire/
   price we see on the listing: 12.99 GBP

For each position, please confirm:
  1) confirmed quantity on hand today, as a number (not «in stock»)
  2) lead time for the FULL quantity we ask, and for the part of it you can ship now
  3) unit price and total price for the full quantity, net, in your currency
  4) how long the quote stays valid
  5) Incoterms and shipping point
  6) condition: new, factory-sealed, surplus or refurbished; warranty term
  7) country of origin and HS code
  8) return policy if the part does not match the nameplate

If a position is not available in the full quantity, please say so plainly and quote what you can ship — partial coverage is useful to us, an unconfirmed «in stock» is not. If you can offer a direct equivalent from the original component manufacturer, quote it as an alternative and name the part number.

Best regards,
",1,0,6,CT4017W/37_3
info@gaddisny.com,,Gaddis Corp,US,+1 516-759-3100,en,Request for firm quotation — 1 line item,"Dear Gaddis Corp team,

We are a procurement company sourcing spare parts for gas turbine and gas engine power generation equipment. We found the positions below on your listings and ask you for a firm quotation.

1. P/N 1017905 — 21 pcs; brand Solar; ПРОКЛАДКА, СПИРАЛЬНАЯ, 2.0, CL300, RF, 304 СОЛАР Taurus 70 и Taurus 70MD (унифицированнные) 1017905
   your listing: https://www.gaddisny.com/pack-of-3-flexitallic-spiral-wound-gasket-style-cgi-304-fg-cs-for-2-300-600-flanges
   price we see on the listing: 35.95 USD за 3 шт

For each position, please confirm:
  1) confirmed quantity on hand today, as a number (not «in stock»)
  2) lead time for the FULL quantity we ask, and for the part of it you can ship now
  3) unit price and total price for the full quantity, net, in your currency
  4) how long the quote stays valid
  5) Incoterms and shipping point
  6) condition: new, factory-sealed, surplus or refurbished; warranty term
  7) country of origin and HS code
  8) return policy if the part does not match the nameplate

If a position is not available in the full quantity, please say so plainly and quote what you can ship — partial coverage is useful to us, an unconfirmed «in stock» is not. If you can offer a direct equivalent from the original component manufacturer, quote it as an alternative and name the part number.

Best regards,
",1,0,21,1017905
sales@neobits.com,customercare@neobits.com,"Galco, Radwell, Neobits",США,+1 866 636 2487,en,Request for firm quotation — 1 line item,"Dear Galco, Radwell, Neobits team,

We are a procurement company sourcing spare parts for gas turbine and gas engine power generation equipment. We found the positions below on your listings and ask you for a firm quotation.

1. P/N KFD2-EB2 — 6 pcs; brand Solar; БЛОК РАЗВЯЗКИ, ФИДЕР ПИТАНИЯ Солар Taurus 70MD KFD2-EB2
   price we see on the listing: 34.0 USD
   stock shown: 3

For each position, please confirm:
  1) confirmed quantity on hand today, as a number (not «in stock»)
  2) lead time for the FULL quantity we ask, and for the part of it you can ship now
  3) unit price and total price for the full quantity, net, in your currency
  4) how long the quote stays valid
  5) Incoterms and shipping point
  6) condition: new, factory-sealed, surplus or refurbished; warranty term
  7) country of origin and HS code
  8) return policy if the part does not match the nameplate

If a position is not available in the full quantity, please say so plainly and quote what you can ship — partial coverage is useful to us, an unconfirmed «in stock» is not. If you can offer a direct equivalent from the original component manufacturer, quote it as an alternative and name the part number.

Best regards,
",1,0,6,KFD2-EB2
globoalloy@163.com,,Globo Alloy,Китай,+86 130 0320 5005,en,Request for firm quotation — 1 line item,"Dear Globo Alloy team,

We are a procurement company sourcing spare parts for gas turbine and gas engine power generation equipment. We found the positions below on your listings and ask you for a firm quotation.

1. P/N CT4017W/37_3 — 6 pcs; brand Siemens; ЗАПОРНЫЙ ПРОВОД - 16SWG INCALLOY DS  Сименс SGT-400 CT4017W/37_3
   price we see on the listing: 12.99 GBP

For each position, please confirm:
  1) confirmed quantity on hand today, as a number (not «in stock»)
  2) lead time for the FULL quantity we ask, and for the part of it you can ship now
  3) unit price and total price for the full quantity, net, in your currency
  4) how long the quote stays valid
  5) Incoterms and shipping point
  6) condition: new, factory-sealed, surplus or refurbished; warranty term
  7) country of origin and HS code
  8) return policy if the part does not match the nameplate

If a position is not available in the full quantity, please say so plainly and quote what you can ship — partial coverage is useful to us, an unconfirmed «in stock» is not. If you can offer a direct equivalent from the original component manufacturer, quote it as an alternative and name the part number.

Best regards,
",1,0,6,CT4017W/37_3
ac@heavydutykits.com,,HeavyDutyKits,US,+1 888-642-6460,en,Request for firm quotation — 1 line item,"Dear HeavyDutyKits team,

We are a procurement company sourcing spare parts for gas turbine and gas engine power generation equipment. We found the positions below on your listings and ask you for a firm quotation.

1. P/N 4012662 — 14 pcs; brand Cummins; Двигатель - набор прокладок ГБЦ
   your listing: https://www.heavydutykits.com/product/set-single-head-gasket-4012662-cummins-genuine-parts/

For each position, please confirm:
  1) confirmed quantity on hand today, as a number (not «in stock»)
  2) lead time for the FULL quantity we ask, and for the part of it you can ship now
  3) unit price and total price for the full quantity, net, in your currency
  4) how long the quote stays valid
  5) Incoterms and shipping point
  6) condition: new, factory-sealed, surplus or refurbished; warranty term
  7) country of origin and HS code
  8) return policy if the part does not match the nameplate

If a position is not available in the full quantity, please say so plainly and quote what you can ship — partial coverage is useful to us, an unconfirmed «in stock» is not. If you can offer a direct equivalent from the original component manufacturer, quote it as an alternative and name the part number.

Best regards,
",1,0,14,4012662
websales@ifp1.com,,IFP Automation,US,+1 317 852 5920; +1 260 489 4575,en,Request for firm quotation — 1 line item,"Dear IFP Automation team,

We are a procurement company sourcing spare parts for gas turbine and gas engine power generation equipment. We found the positions below on your listings and ask you for a firm quotation.

1. P/N 929081 — 6 pcs; brand NATIONAL OILWELL VARCO; Индикатор загрязнения Parker, 929081
   your listing: https://shop.ifp1.com/products/PARKER-929081
   price we see on the listing: 301.0 USD

For each position, please confirm:
  1) confirmed quantity on hand today, as a number (not «in stock»)
  2) lead time for the FULL quantity we ask, and for the part of it you can ship now
  3) unit price and total price for the full quantity, net, in your currency
  4) how long the quote stays valid
  5) Incoterms and shipping point
  6) condition: new, factory-sealed, surplus or refurbished; warranty term
  7) country of origin and HS code
  8) return policy if the part does not match the nameplate

If a position is not available in the full quantity, please say so plainly and quote what you can ship — partial coverage is useful to us, an unconfirmed «in stock» is not. If you can offer a direct equivalent from the original component manufacturer, quote it as an alternative and name the part number.

Best regards,
",1,0,6,929081
info@jmesales.com,international@jmesales.com; purchaseorder@jmesales.com,JME Sales,США,+1 800 333 3331; +1 414 354 1414,en,Request for firm quotation — 1 line item,"Dear JME Sales team,

We are a procurement company sourcing spare parts for gas turbine and gas engine power generation equipment. We found the positions below on your listings and ask you for a firm quotation.

1. P/N FS1000 — 7 pcs; brand Fleetguard; Фильтр топливный FS1000
   your listing: https://www.jmesales.com/fleetguard-fs1000-premium-fuel-water-separator-spin-on-filter-each/
   price we see on the listing: 26.28 USD

For each position, please confirm:
  1) confirmed quantity on hand today, as a number (not «in stock»)
  2) lead time for the FULL quantity we ask, and for the part of it you can ship now
  3) unit price and total price for the full quantity, net, in your currency
  4) how long the quote stays valid
  5) Incoterms and shipping point
  6) condition: new, factory-sealed, surplus or refurbished; warranty term
  7) country of origin and HS code
  8) return policy if the part does not match the nameplate

If a position is not available in the full quantity, please say so plainly and quote what you can ship — partial coverage is useful to us, an unconfirmed «in stock» is not. If you can offer a direct equivalent from the original component manufacturer, quote it as an alternative and name the part number.

Best regards,
",1,0,7,FS1000
info@kep.com,,KEP Sales,США,+1 732-649-7100; +1 800-631-2165,en,Request for firm quotation — 1 line item,"Dear KEP Sales team,

We are a procurement company sourcing spare parts for gas turbine and gas engine power generation equipment. We found the positions below on your listings and ask you for a firm quotation.

1. P/N KT973 — 8 pcs; brand Solar; Счетчик наработки/пусков двигателя Солар Taurus 60S KT973
   price we see on the listing: 176.69 USD за 3 шт
   stock shown: 1 лот (3 шт)

For each position, please confirm:
  1) confirmed quantity on hand today, as a number (not «in stock»)
  2) lead time for the FULL quantity we ask, and for the part of it you can ship now
  3) unit price and total price for the full quantity, net, in your currency
  4) how long the quote stays valid
  5) Incoterms and shipping point
  6) condition: new, factory-sealed, surplus or refurbished; warranty term
  7) country of origin and HS code
  8) return policy if the part does not match the nameplate

If a position is not available in the full quantity, please say so plainly and quote what you can ship — partial coverage is useful to us, an unconfirmed «in stock» is not. If you can offer a direct equivalent from the original component manufacturer, quote it as an alternative and name the part number.

Best regards,
",1,0,8,KT973
sales@kmpbrand.com,,KMP Brand,Великобритания,+44 1932 571991,en,Request for firm quotation — 1 line item,"Dear KMP Brand team,

We are a procurement company sourcing spare parts for gas turbine and gas engine power generation equipment. We found the positions below on your listings and ask you for a firm quotation.

1. P/N 4376121 — 3 pcs; brand Cummins; Насос охлаждающей жидкости ВТК (возможен аналог)
   your listing: https://storeuk.kmpbrand.com/products/water-pump-4376121-cummins.html
   price we see on the listing: 687.96 GBP

For each position, please confirm:
  1) confirmed quantity on hand today, as a number (not «in stock»)
  2) lead time for the FULL quantity we ask, and for the part of it you can ship now
  3) unit price and total price for the full quantity, net, in your currency
  4) how long the quote stays valid
  5) Incoterms and shipping point
  6) condition: new, factory-sealed, surplus or refurbished; warranty term
  7) country of origin and HS code
  8) return policy if the part does not match the nameplate

If a position is not available in the full quantity, please say so plainly and quote what you can ship — partial coverage is useful to us, an unconfirmed «in stock» is not. If you can offer a direct equivalent from the original component manufacturer, quote it as an alternative and name the part number.

Best regards,
",1,0,3,4376121
sales@mroelectric.com,,MRO Electric,US,+1 800 691 8511,en,Request for firm quotation — 1 line item,"Dear MRO Electric team,

We are a procurement company sourcing spare parts for gas turbine and gas engine power generation equipment. We found the positions below on your listings and ask you for a firm quotation.

1. P/N 6ES7321-1BL00-0AA0 — 11 pcs; brand Siemens; МОДУЛЬ ВВОДА ДИСКРЕТНЫХ СИГНАЛОВ 32 КАНАЛА СИМЕНС 6ES7321-1BL00-0AA0
   your listing: https://www.mroelectric.com/product/6ES7321-1BL00-0AA0
   price we see on the listing: 560.0 USD
   stock shown: Refurbished — 2 in stock; New — 1 in stock

For each position, please confirm:
  1) confirmed quantity on hand today, as a number (not «in stock»)
  2) lead time for the FULL quantity we ask, and for the part of it you can ship now
  3) unit price and total price for the full quantity, net, in your currency
  4) how long the quote stays valid
  5) Incoterms and shipping point
  6) condition: new, factory-sealed, surplus or refurbished; warranty term
  7) country of origin and HS code
  8) return policy if the part does not match the nameplate

If a position is not available in the full quantity, please say so plainly and quote what you can ship — partial coverage is useful to us, an unconfirmed «in stock» is not. If you can offer a direct equivalent from the original component manufacturer, quote it as an alternative and name the part number.

Best regards,
",1,0,11,6ES7321-1BL00-0AA0
commerce@nriparts.com,,NRI Parts,US,+1 888-995-9813,en,Request for firm quotation — 1 line item,"Dear NRI Parts team,

We are a procurement company sourcing spare parts for gas turbine and gas engine power generation equipment. We found the positions below on your listings and ask you for a firm quotation.

1. P/N 1701/10 — 35 pcs; brand Solar; BENTLY NEVADA блок питания Солар Taurus 60S 1701/10
   your listing: https://www.nriparts.com/brands/bently-nevada/234
   price we see on the listing: 1217.45 USD
   stock shown: 1 (""Only 1 Left"")

For each position, please confirm:
  1) confirmed quantity on hand today, as a number (not «in stock»)
  2) lead time for the FULL quantity we ask, and for the part of it you can ship now
  3) unit price and total price for the full quantity, net, in your currency
  4) how long the quote stays valid
  5) Incoterms and shipping point
  6) condition: new, factory-sealed, surplus or refurbished; warranty term
  7) country of origin and HS code
  8) return policy if the part does not match the nameplate

If a position is not available in the full quantity, please say so plainly and quote what you can ship — partial coverage is useful to us, an unconfirmed «in stock» is not. If you can offer a direct equivalent from the original component manufacturer, quote it as an alternative and name the part number.

Best regards,
",1,0,35,1701/10
newgenplc@camvect.com,,NewGen PLC,China (Xiamen),+86 180 3020 5725,en,Request for firm quotation — 1 line item,"Dear NewGen PLC team,

We are a procurement company sourcing spare parts for gas turbine and gas engine power generation equipment. We found the positions below on your listings and ask you for a firm quotation.

1. P/N 64/51031004/17 — 2 pcs; brand Siemens; МОДУЛЬ СВЯЗИ MODBUS  Сименс SGT-400 64/51031004/17
   your listing: https://www.newgenplc.com/products/3500-92-125736-01-bently-nevada-communication-gateway-i-o-module-in-stock

For each position, please confirm:
  1) confirmed quantity on hand today, as a number (not «in stock»)
  2) lead time for the FULL quantity we ask, and for the part of it you can ship now
  3) unit price and total price for the full quantity, net, in your currency
  4) how long the quote stays valid
  5) Incoterms and shipping point
  6) condition: new, factory-sealed, surplus or refurbished; warranty term
  7) country of origin and HS code
  8) return policy if the part does not match the nameplate

If a position is not available in the full quantity, please say so plainly and quote what you can ship — partial coverage is useful to us, an unconfirmed «in stock» is not. If you can offer a direct equivalent from the original component manufacturer, quote it as an alternative and name the part number.

Best regards,
",1,0,2,64/51031004/17
sales@osibatteries.com,orders@osibatteries.com,OSI Batteries,США,+1 952-294-0222; +1 800-626-4173,en,Request for firm quotation — 1 line item,"Dear OSI Batteries team,

We are a procurement company sourcing spare parts for gas turbine and gas engine power generation equipment. We found the positions below on your listings and ask you for a firm quotation.

1. P/N 64/09001231/091 — 38 pcs; brand Siemens; РЕЗЕРВНЫЙ АККУМУЛЯТОР 3,6 В / 2,3 А-Ч  Сименс SGT-400 64/09001231/091
   your listing: https://www.osibatteries.com/siemens-6es7971-0ba00-battery-3-6v-lithium-plc
   price we see on the listing: 7.65 USD
   stock shown: 1847

For each position, please confirm:
  1) confirmed quantity on hand today, as a number (not «in stock»)
  2) lead time for the FULL quantity we ask, and for the part of it you can ship now
  3) unit price and total price for the full quantity, net, in your currency
  4) how long the quote stays valid
  5) Incoterms and shipping point
  6) condition: new, factory-sealed, surplus or refurbished; warranty term
  7) country of origin and HS code
  8) return policy if the part does not match the nameplate

If a position is not available in the full quantity, please say so plainly and quote what you can ship — partial coverage is useful to us, an unconfirmed «in stock» is not. If you can offer a direct equivalent from the original component manufacturer, quote it as an alternative and name the part number.

Best regards,
",1,0,38,64/09001231/091
sales@plcbarn.com,,PLC Barn,US,866-PLC-BARN,en,Request for firm quotation — 1 line item,"Dear PLC Barn team,

We are a procurement company sourcing spare parts for gas turbine and gas engine power generation equipment. We found the positions below on your listings and ask you for a firm quotation.

1. P/N 1046415-30 — 25 pcs; brand Solar; КОННЕКТОР СОЛАР Taurus 70 и Taurus 70MD (унифицированнные) 1046415-30
   your listing: https://www.plcbarn.com/products/allen-bradley-1786-xt-a-controlnet-75-ohm-trunk-terminator
   price we see on the listing: 38.0 USD

For each position, please confirm:
  1) confirmed quantity on hand today, as a number (not «in stock»)
  2) lead time for the FULL quantity we ask, and for the part of it you can ship now
  3) unit price and total price for the full quantity, net, in your currency
  4) how long the quote stays valid
  5) Incoterms and shipping point
  6) condition: new, factory-sealed, surplus or refurbished; warranty term
  7) country of origin and HS code
  8) return policy if the part does not match the nameplate

If a position is not available in the full quantity, please say so plainly and quote what you can ship — partial coverage is useful to us, an unconfirmed «in stock» is not. If you can offer a direct equivalent from the original component manufacturer, quote it as an alternative and name the part number.

Best regards,
",1,0,25,1046415-30
info@automationparts.com,,PLC Group S.r.l,IT,,en,Request for firm quotation — 1 line item,"Dear PLC Group S.r.l team,

We are a procurement company sourcing spare parts for gas turbine and gas engine power generation equipment. We found the positions below on your listings and ask you for a firm quotation.

1. P/N 1TNA920611R0002 — 5 pcs; brand ABB; Контроллер ABB M102-M 1TNA920611R0002
   your listing: https://us.automationparts.com/abb/accessories-and-other-products/1tna920611r0002ipd
   price we see on the listing: 540.0 USD

For each position, please confirm:
  1) confirmed quantity on hand today, as a number (not «in stock»)
  2) lead time for the FULL quantity we ask, and for the part of it you can ship now
  3) unit price and total price for the full quantity, net, in your currency
  4) how long the quote stays valid
  5) Incoterms and shipping point
  6) condition: new, factory-sealed, surplus or refurbished; warranty term
  7) country of origin and HS code
  8) return policy if the part does not match the nameplate

If a position is not available in the full quantity, please say so plainly and quote what you can ship — partial coverage is useful to us, an unconfirmed «in stock» is not. If you can offer a direct equivalent from the original component manufacturer, quote it as an alternative and name the part number.

Best regards,
",1,0,5,1TNA920611R0002
plcmasters@5gplc.com,,PLC Masters,"Китай (отгрузка морпортом, оплата 100% T/T)",+86 180 6092 4132,en,Request for firm quotation — 1 line item,"Dear PLC Masters team,

We are a procurement company sourcing spare parts for gas turbine and gas engine power generation equipment. We found the positions below on your listings and ask you for a firm quotation.

1. P/N 1034549-80 — 1 pcs; brand Solar; МОДУЛЬ, ВИБРАЦИОННЫЙ, ВВ/ВЫВ, BENTLY-NEVADA 1701 СОЛАР Taurus 70 и Taurus 70MD (унифицированнные) 1034549-80
   your listing: https://www.plcmasters.com/products/bently-nevada-170180-01-05-external-transducer-i-o-module
   price we see on the listing: 261.0 USD

For each position, please confirm:
  1) confirmed quantity on hand today, as a number (not «in stock»)
  2) lead time for the FULL quantity we ask, and for the part of it you can ship now
  3) unit price and total price for the full quantity, net, in your currency
  4) how long the quote stays valid
  5) Incoterms and shipping point
  6) condition: new, factory-sealed, surplus or refurbished; warranty term
  7) country of origin and HS code
  8) return policy if the part does not match the nameplate

If a position is not available in the full quantity, please say so plainly and quote what you can ship — partial coverage is useful to us, an unconfirmed «in stock» is not. If you can offer a direct equivalent from the original component manufacturer, quote it as an alternative and name the part number.

Best regards,
",1,0,1,1034549-80
sales@plcworld.com.au,,PLC World Australia,AU,,en,Request for firm quotation — 1 line item,"Dear PLC World Australia team,

We are a procurement company sourcing spare parts for gas turbine and gas engine power generation equipment. We found the positions below on your listings and ask you for a firm quotation.

1. P/N 3AX1103-2E — 14 pcs; brand Siemens; Аксессуар для расцепителя 3AH, 3AK, 3AE, 3AX1103-2E DC 110B, включая варистор, 3AX1103-2E
   your listing: https://plcworld.com.au/product/3ax1103-2e-siemens/
   price we see on the listing: 3265.68 USD

For each position, please confirm:
  1) confirmed quantity on hand today, as a number (not «in stock»)
  2) lead time for the FULL quantity we ask, and for the part of it you can ship now
  3) unit price and total price for the full quantity, net, in your currency
  4) how long the quote stays valid
  5) Incoterms and shipping point
  6) condition: new, factory-sealed, surplus or refurbished; warranty term
  7) country of origin and HS code
  8) return policy if the part does not match the nameplate

If a position is not available in the full quantity, please say so plainly and quote what you can ship — partial coverage is useful to us, an unconfirmed «in stock» is not. If you can offer a direct equivalent from the original component manufacturer, quote it as an alternative and name the part number.

Best regards,
",1,0,14,3AX1103-2E
info@plc2day.com,,PLC2Day.com B.V,NL,+31-165201180,en,Request for firm quotation — 1 line item,"Dear PLC2Day.com B.V team,

We are a procurement company sourcing spare parts for gas turbine and gas engine power generation equipment. We found the positions below on your listings and ask you for a firm quotation.

1. P/N 6ES7197-1LB00-0XA0 — 5 pcs; brand Siemens; Y-CUPLER модуль Profibus SIEMENS SGT400 6ES7197-1LB00-0XA0
   your listing: https://www.plc2day.com/buy-siemens-6es7197-1lb00-0xa0-2401020021

For each position, please confirm:
  1) confirmed quantity on hand today, as a number (not «in stock»)
  2) lead time for the FULL quantity we ask, and for the part of it you can ship now
  3) unit price and total price for the full quantity, net, in your currency
  4) how long the quote stays valid
  5) Incoterms and shipping point
  6) condition: new, factory-sealed, surplus or refurbished; warranty term
  7) country of origin and HS code
  8) return policy if the part does not match the nameplate

If a position is not available in the full quantity, please say so plainly and quote what you can ship — partial coverage is useful to us, an unconfirmed «in stock» is not. If you can offer a direct equivalent from the original component manufacturer, quote it as an alternative and name the part number.

Best regards,
",1,0,5,6ES7197-1LB00-0XA0
sales@plccable.com,,PLCCable,US,+1 864-445-2851,en,Request for firm quotation — 1 line item,"Dear PLCCable team,

We are a procurement company sourcing spare parts for gas turbine and gas engine power generation equipment. We found the positions below on your listings and ask you for a firm quotation.

1. P/N 1756-L63 ControlLogix 5563 — 7 pcs; brand Solar; Контроллер Солар Taurus 60S 1756-L63 ControlLogix 5563
   your listing: https://www.plccable.com/allen-bradley-1756-l63-controllogix-logix5563-processor-ser-b/
   price we see on the listing: 699.99 USD
   stock shown: 2

For each position, please confirm:
  1) confirmed quantity on hand today, as a number (not «in stock»)
  2) lead time for the FULL quantity we ask, and for the part of it you can ship now
  3) unit price and total price for the full quantity, net, in your currency
  4) how long the quote stays valid
  5) Incoterms and shipping point
  6) condition: new, factory-sealed, surplus or refurbished; warranty term
  7) country of origin and HS code
  8) return policy if the part does not match the nameplate

If a position is not available in the full quantity, please say so plainly and quote what you can ship — partial coverage is useful to us, an unconfirmed «in stock» is not. If you can offer a direct equivalent from the original component manufacturer, quote it as an alternative and name the part number.

Best regards,
",1,0,7,1756-L63 ControlLogix 5563
sales@polymax.co.uk,,Polymax UK,United Kingdom,+44 1420 474123; +44 1420 472000,en,Request for firm quotation — 1 line item,"Dear Polymax UK team,

We are a procurement company sourcing spare parts for gas turbine and gas engine power generation equipment. We found the positions below on your listings and ask you for a firm quotation.

1. P/N 036625/000 — 2 pcs; brand Siemens; СОЕДИНИТЕЛЬНОЕ УПЛОТНЕНИЕ - 1.1 / 2 BSP  Сименс SGT-400 036625/000
   your listing: https://www.polymax.co.uk/o-rings/bonded-seals/
   price we see on the listing: 1.86 GBP

For each position, please confirm:
  1) confirmed quantity on hand today, as a number (not «in stock»)
  2) lead time for the FULL quantity we ask, and for the part of it you can ship now
  3) unit price and total price for the full quantity, net, in your currency
  4) how long the quote stays valid
  5) Incoterms and shipping point
  6) condition: new, factory-sealed, surplus or refurbished; warranty term
  7) country of origin and HS code
  8) return policy if the part does not match the nameplate

If a position is not available in the full quantity, please say so plainly and quote what you can ship — partial coverage is useful to us, an unconfirmed «in stock» is not. If you can offer a direct equivalent from the original component manufacturer, quote it as an alternative and name the part number.

Best regards,
",1,0,2,036625/000
pambo@5gplc.com,,PowerDCS,CN,+86 13306036024,en,Request for firm quotation — 1 line item,"Dear PowerDCS team,

We are a procurement company sourcing spare parts for gas turbine and gas engine power generation equipment. We found the positions below on your listings and ask you for a firm quotation.

1. P/N 1701/15 — 98 pcs; brand Solar; BENTLY NEVADA Блок контроля Солар Taurus 60S 1701/15
   your listing: https://www.powerdcs.com/products/bently-nevada-141379-01-1701-15-proximitor-input-monitor
   stock shown: 15 in stock

For each position, please confirm:
  1) confirmed quantity on hand today, as a number (not «in stock»)
  2) lead time for the FULL quantity we ask, and for the part of it you can ship now
  3) unit price and total price for the full quantity, net, in your currency
  4) how long the quote stays valid
  5) Incoterms and shipping point
  6) condition: new, factory-sealed, surplus or refurbished; warranty term
  7) country of origin and HS code
  8) return policy if the part does not match the nameplate

If a position is not available in the full quantity, please say so plainly and quote what you can ship — partial coverage is useful to us, an unconfirmed «in stock» is not. If you can offer a direct equivalent from the original component manufacturer, quote it as an alternative and name the part number.

Best regards,
",1,0,98,1701/15
sales@premiumrigparts.com,,"Qingdao National Premium Oilwell Machinery Co., Ltd",CN,,en,Request for firm quotation — 1 line item,"Dear Qingdao National Premium Oilwell Machinery Co., Ltd team,

We are a procurement company sourcing spare parts for gas turbine and gas engine power generation equipment. We found the positions below on your listings and ask you for a firm quotation.

1. P/N 01917447 — 18 pcs; brand Drillmec S.p.A.; Втулка 6.1/4"" Drillmec 01917447
   your listing: https://www.premiummudpump.com/sale-12015032-drillmec-12t1600-mud-pump-zirconia-liners-drillmec-14t-2200-mud-pump-ceramic-liner-drillmec-9t-1000-.html
   stock shown: «some in stock» без числа

For each position, please confirm:
  1) confirmed quantity on hand today, as a number (not «in stock»)
  2) lead time for the FULL quantity we ask, and for the part of it you can ship now
  3) unit price and total price for the full quantity, net, in your currency
  4) how long the quote stays valid
  5) Incoterms and shipping point
  6) condition: new, factory-sealed, surplus or refurbished; warranty term
  7) country of origin and HS code
  8) return policy if the part does not match the nameplate

If a position is not available in the full quantity, please say so plainly and quote what you can ship — partial coverage is useful to us, an unconfirmed «in stock» is not. If you can offer a direct equivalent from the original component manufacturer, quote it as an alternative and name the part number.

Best regards,
",1,0,18,01917447
sales@sbis.com,,SB Industrial Supply,США,+1 855-705-0565; +1 810-387-0909,en,Request for firm quotation — 1 line item,"Dear SB Industrial Supply team,

We are a procurement company sourcing spare parts for gas turbine and gas engine power generation equipment. We found the positions below on your listings and ask you for a firm quotation.

1. P/N 1701/10 — 35 pcs; brand Solar; BENTLY NEVADA блок питания Солар Taurus 60S 1701/10
   your listing: https://sbindustrialsupply.com/shop/new-bently-nevada-1701-10-field-monitor-power-supply-170110/
   price we see on the listing: 1217.45 USD
   stock shown: 1 (""Only 1 Left"")

For each position, please confirm:
  1) confirmed quantity on hand today, as a number (not «in stock»)
  2) lead time for the FULL quantity we ask, and for the part of it you can ship now
  3) unit price and total price for the full quantity, net, in your currency
  4) how long the quote stays valid
  5) Incoterms and shipping point
  6) condition: new, factory-sealed, surplus or refurbished; warranty term
  7) country of origin and HS code
  8) return policy if the part does not match the nameplate

If a position is not available in the full quantity, please say so plainly and quote what you can ship — partial coverage is useful to us, an unconfirmed «in stock» is not. If you can offer a direct equivalent from the original component manufacturer, quote it as an alternative and name the part number.

Best regards,
",1,0,35,1701/10
ecommerceorders@smcelectric.com,,SMC Electric,США,,en,Request for firm quotation — 1 line item,"Dear SMC Electric team,

We are a procurement company sourcing spare parts for gas turbine and gas engine power generation equipment. We found the positions below on your listings and ask you for a firm quotation.

1. P/N MVI56-MCM — 7 pcs; brand Solar; Интерфейсная карта MODBUS Солар Taurus 60S MVI56-MCM
   your listing: https://www.smcelectric.com/products/prosoft-technology-promvi56emcm/
   price we see on the listing: 780.89 USD
   stock shown: не раскрыт (позиция помечена ""New Arrived"")

For each position, please confirm:
  1) confirmed quantity on hand today, as a number (not «in stock»)
  2) lead time for the FULL quantity we ask, and for the part of it you can ship now
  3) unit price and total price for the full quantity, net, in your currency
  4) how long the quote stays valid
  5) Incoterms and shipping point
  6) condition: new, factory-sealed, surplus or refurbished; warranty term
  7) country of origin and HS code
  8) return policy if the part does not match the nameplate

If a position is not available in the full quantity, please say so plainly and quote what you can ship — partial coverage is useful to us, an unconfirmed «in stock» is not. If you can offer a direct equivalent from the original component manufacturer, quote it as an alternative and name the part number.

Best regards,
",1,0,7,MVI56-MCM
zz@zzexport.com,zzexportco@gmail.com,"Shanghai ZZ Import And Export Co., Ltd",CN,+86 17022331234,en,Request for firm quotation — 1 line item,"Dear Shanghai ZZ Import And Export Co., Ltd team,

We are a procurement company sourcing spare parts for gas turbine and gas engine power generation equipment. We found the positions below on your listings and ask you for a firm quotation.

1. P/N 6ES7197-1LA04-0XA0 — 8 pcs; brand Siemens; Интерфейсный модуль Profibus ET200M/LINK SIEMENS SGT400 6ES7197-1LA04-0XA0
   your listing: https://zzexport.com/product/6es7197-1la04-0xa0-siemens-simatic-s7-400h-y-link-for-connecting-single-channel-dp-slaves-to-s7-400h-based-on-im153-ba02-not-fit-for-pcs7-v6-1/

For each position, please confirm:
  1) confirmed quantity on hand today, as a number (not «in stock»)
  2) lead time for the FULL quantity we ask, and for the part of it you can ship now
  3) unit price and total price for the full quantity, net, in your currency
  4) how long the quote stays valid
  5) Incoterms and shipping point
  6) condition: new, factory-sealed, surplus or refurbished; warranty term
  7) country of origin and HS code
  8) return policy if the part does not match the nameplate

If a position is not available in the full quantity, please say so plainly and quote what you can ship — partial coverage is useful to us, an unconfirmed «in stock» is not. If you can offer a direct equivalent from the original component manufacturer, quote it as an alternative and name the part number.

Best regards,
",1,0,8,6ES7197-1LA04-0XA0
info@todaycomponents.com,,Today Components,США,+1 877 978 6329,en,Request for firm quotation — 1 line item,"Dear Today Components team,

We are a procurement company sourcing spare parts for gas turbine and gas engine power generation equipment. We found the positions below on your listings and ask you for a firm quotation.

1. P/N KFD2-SR2-Ex2.W — 7 pcs; brand Solar; Барьер искробезопасности Солар Taurus 60S KFD2-SR2-Ex2.W

For each position, please confirm:
  1) confirmed quantity on hand today, as a number (not «in stock»)
  2) lead time for the FULL quantity we ask, and for the part of it you can ship now
  3) unit price and total price for the full quantity, net, in your currency
  4) how long the quote stays valid
  5) Incoterms and shipping point
  6) condition: new, factory-sealed, surplus or refurbished; warranty term
  7) country of origin and HS code
  8) return policy if the part does not match the nameplate

If a position is not available in the full quantity, please say so plainly and quote what you can ship — partial coverage is useful to us, an unconfirmed «in stock» is not. If you can offer a direct equivalent from the original component manufacturer, quote it as an alternative and name the part number.

Best regards,
",1,0,7,KFD2-SR2-Ex2.W
consultas@todo-control.com,,Todo-Control,ES,+34 93 454 2006,en,Request for firm quotation — 1 line item,"Dear Todo-Control team,

We are a procurement company sourcing spare parts for gas turbine and gas engine power generation equipment. We found the positions below on your listings and ask you for a firm quotation.

1. P/N BPZ:SKC62 — 21 pcs; brand Siemens; ПРИВОД ЭЛЕКТРОГИДРАВЛИЧЕСКИЙ, SIEMENS SKC62, 2800 N, 40мм, AC 24 В, DC 0..10 В 4...20 MA артикул BPZ:SKC62
   your listing: https://www.todo-control.com/actuator-skc62-siemens
   price we see on the listing: 1173.5 EUR
   stock shown: Stock: 1 units

For each position, please confirm:
  1) confirmed quantity on hand today, as a number (not «in stock»)
  2) lead time for the FULL quantity we ask, and for the part of it you can ship now
  3) unit price and total price for the full quantity, net, in your currency
  4) how long the quote stays valid
  5) Incoterms and shipping point
  6) condition: new, factory-sealed, surplus or refurbished; warranty term
  7) country of origin and HS code
  8) return policy if the part does not match the nameplate

If a position is not available in the full quantity, please say so plainly and quote what you can ship — partial coverage is useful to us, an unconfirmed «in stock» is not. If you can offer a direct equivalent from the original component manufacturer, quote it as an alternative and name the part number.

Best regards,
",1,0,21,BPZ:SKC62
info@toosglobal.com,sales@toosglobal.com,Toos Global,IN,+91 81409 03903,en,Request for firm quotation — 1 line item,"Dear Toos Global team,

We are a procurement company sourcing spare parts for gas turbine and gas engine power generation equipment. We found the positions below on your listings and ask you for a firm quotation.

1. P/N HDIBATTE260DOTAA — 10 pcs; brand HDI; Батарея акк. HDI HDIBATTE260DOTAA
   your listing: https://toosglobal.com/products/hdi-hdibatt-e260-dot-aa-battery-power-pack-new
   stock shown: 3 units available (на той же странице стоит статус Sold out — противоречие)

For each position, please confirm:
  1) confirmed quantity on hand today, as a number (not «in stock»)
  2) lead time for the FULL quantity we ask, and for the part of it you can ship now
  3) unit price and total price for the full quantity, net, in your currency
  4) how long the quote stays valid
  5) Incoterms and shipping point
  6) condition: new, factory-sealed, surplus or refurbished; warranty term
  7) country of origin and HS code
  8) return policy if the part does not match the nameplate

If a position is not available in the full quantity, please say so plainly and quote what you can ship — partial coverage is useful to us, an unconfirmed «in stock» is not. If you can offer a direct equivalent from the original component manufacturer, quote it as an alternative and name the part number.

Best regards,
",1,0,10,HDIBATTE260DOTAA
sales.uk@trumeter.com,sales.usa@trumeter.com,Trumeter,"Малайзия (завод), Великобритания и США (продажи)",+44 161 674 0960; +1 954 725 6699,en,Request for firm quotation — 1 line item,"Dear Trumeter team,

We are a procurement company sourcing spare parts for gas turbine and gas engine power generation equipment. We found the positions below on your listings and ask you for a firm quotation.

1. P/N KT973 — 8 pcs; brand Solar; Счетчик наработки/пусков двигателя Солар Taurus 60S KT973
   price we see on the listing: 176.69 USD за 3 шт
   stock shown: 1 лот (3 шт)

For each position, please confirm:
  1) confirmed quantity on hand today, as a number (not «in stock»)
  2) lead time for the FULL quantity we ask, and for the part of it you can ship now
  3) unit price and total price for the full quantity, net, in your currency
  4) how long the quote stays valid
  5) Incoterms and shipping point
  6) condition: new, factory-sealed, surplus or refurbished; warranty term
  7) country of origin and HS code
  8) return policy if the part does not match the nameplate

If a position is not available in the full quantity, please say so plainly and quote what you can ship — partial coverage is useful to us, an unconfirmed «in stock» is not. If you can offer a direct equivalent from the original component manufacturer, quote it as an alternative and name the part number.

Best regards,
",1,0,8,KT973
info@vbindustrialsupply.com,,VB Industrial Supply,США,+1 805 620 0948,en,Request for firm quotation — 1 line item,"Dear VB Industrial Supply team,

We are a procurement company sourcing spare parts for gas turbine and gas engine power generation equipment. We found the positions below on your listings and ask you for a firm quotation.

1. P/N p/n Solar: 186533-1 — 4 pcs; brand Solar; Вольтметр 0-15кV, WESCHLER INSTRUMRNTS  Солар Taurus 60S p/n Solar: 186533-1
   price we see on the listing: 581.39 USD
   stock shown: 2

For each position, please confirm:
  1) confirmed quantity on hand today, as a number (not «in stock»)
  2) lead time for the FULL quantity we ask, and for the part of it you can ship now
  3) unit price and total price for the full quantity, net, in your currency
  4) how long the quote stays valid
  5) Incoterms and shipping point
  6) condition: new, factory-sealed, surplus or refurbished; warranty term
  7) country of origin and HS code
  8) return policy if the part does not match the nameplate

If a position is not available in the full quantity, please say so plainly and quote what you can ship — partial coverage is useful to us, an unconfirmed «in stock» is not. If you can offer a direct equivalent from the original component manufacturer, quote it as an alternative and name the part number.

Best regards,
",1,0,4,p/n Solar: 186533-1
enquiries@waltherstrongandco.com,,Walther Strong,GB,+44 1780 437222,en,Request for firm quotation — 1 line item,"Dear Walther Strong team,

We are a procurement company sourcing spare parts for gas turbine and gas engine power generation equipment. We found the positions below on your listings and ask you for a firm quotation.

1. P/N JP4316 — 18 pcs; brand Siemens; ЛЕНТА МАСКИРОВОЧНАЯ - РУЛОН 50 ММ x 50 МЕТРОВ  Сименс SGT-400 JP4316
   your listing: https://waltherstrong.com/product/premium-masking-tape-1-x-roll-of-50mmx50m/
   price we see on the listing: 5.3 GBP
   stock shown: 1468

For each position, please confirm:
  1) confirmed quantity on hand today, as a number (not «in stock»)
  2) lead time for the FULL quantity we ask, and for the part of it you can ship now
  3) unit price and total price for the full quantity, net, in your currency
  4) how long the quote stays valid
  5) Incoterms and shipping point
  6) condition: new, factory-sealed, surplus or refurbished; warranty term
  7) country of origin and HS code
  8) return policy if the part does not match the nameplate

If a position is not available in the full quantity, please say so plainly and quote what you can ship — partial coverage is useful to us, an unconfirmed «in stock» is not. If you can offer a direct equivalent from the original component manufacturer, quote it as an alternative and name the part number.

Best regards,
",1,0,18,JP4316
info@werkzeugstore24.de,,Werkzeugstore24,DE,+49 6145 9545250,en,Request for firm quotation — 1 line item,"Dear Werkzeugstore24 team,

We are a procurement company sourcing spare parts for gas turbine and gas engine power generation equipment. We found the positions below on your listings and ask you for a firm quotation.

1. P/N 107745 — 16 pcs; brand Geze; Доводчик Geze TS 4000 S 107745
   your listing: https://werkzeugstore24.de/geze-scherentuerschliesser-ts-4000-s-silber-en-1-6-schliessverz-o-gestaenge-107745

For each position, please confirm:
  1) confirmed quantity on hand today, as a number (not «in stock»)
  2) lead time for the FULL quantity we ask, and for the part of it you can ship now
  3) unit price and total price for the full quantity, net, in your currency
  4) how long the quote stays valid
  5) Incoterms and shipping point
  6) condition: new, factory-sealed, surplus or refurbished; warranty term
  7) country of origin and HS code
  8) return policy if the part does not match the nameplate

If a position is not available in the full quantity, please say so plainly and quote what you can ship — partial coverage is useful to us, an unconfirmed «in stock» is not. If you can offer a direct equivalent from the original component manufacturer, quote it as an alternative and name the part number.

Best regards,
",1,0,16,107745
enquiries@williamhayes.co.uk,,William Hayes,Великобритания,+44 1422 833855,en,Request for firm quotation — 1 line item,"Dear William Hayes team,

We are a procurement company sourcing spare parts for gas turbine and gas engine power generation equipment. We found the positions below on your listings and ask you for a firm quotation.

1. P/N JP5037 — 12 pcs; brand Siemens; ALUMINIUM TAPE - 50MM x 55 METRE ROLL  Сименс SGT-400 JP5037
   price we see on the listing: 105.49 USD
   stock shown: 135

For each position, please confirm:
  1) confirmed quantity on hand today, as a number (not «in stock»)
  2) lead time for the FULL quantity we ask, and for the part of it you can ship now
  3) unit price and total price for the full quantity, net, in your currency
  4) how long the quote stays valid
  5) Incoterms and shipping point
  6) condition: new, factory-sealed, surplus or refurbished; warranty term
  7) country of origin and HS code
  8) return policy if the part does not match the nameplate

If a position is not available in the full quantity, please say so plainly and quote what you can ship — partial coverage is useful to us, an unconfirmed «in stock» is not. If you can offer a direct equivalent from the original component manufacturer, quote it as an alternative and name the part number.

Best regards,
",1,0,12,JP5037
sales@williamsautomation.com,,Williams Automation Inc,US,(803) 761-7027,en,Request for firm quotation — 1 line item,"Dear Williams Automation Inc team,

We are a procurement company sourcing spare parts for gas turbine and gas engine power generation equipment. We found the positions below on your listings and ask you for a firm quotation.

1. P/N 1794-OB8EPXT — 24 pcs; brand Solar; Блок ввода/вывода Flex 8 дискретных выводов Солар Taurus 70MD 1794-OB8EPXT
   your listing: https://williamsautomation.com/products/allen-bradley-1794-ob8epxt
   price we see on the listing: 515.57 USD
   stock shown: 3 In stock

For each position, please confirm:
  1) confirmed quantity on hand today, as a number (not «in stock»)
  2) lead time for the FULL quantity we ask, and for the part of it you can ship now
  3) unit price and total price for the full quantity, net, in your currency
  4) how long the quote stays valid
  5) Incoterms and shipping point
  6) condition: new, factory-sealed, surplus or refurbished; warranty term
  7) country of origin and HS code
  8) return policy if the part does not match the nameplate

If a position is not available in the full quantity, please say so plainly and quote what you can ship — partial coverage is useful to us, an unconfirmed «in stock» is not. If you can offer a direct equivalent from the original component manufacturer, quote it as an alternative and name the part number.

Best regards,
",1,0,24,1794-OB8EPXT
weidmueller@weidmueller.de,,eShop Weidmüller,Германия,+49 5231 14-0,en,Request for firm quotation — 1 line item,"Dear eShop Weidmüller team,

We are a procurement company sourcing spare parts for gas turbine and gas engine power generation equipment. We found the positions below on your listings and ask you for a firm quotation.

1. P/N CT94851/10 — 32 pcs; brand Siemens; THRU TERM BLK-4MM-4 ПРОВОДНИК.  Сименс SGT-400 CT94851/10
   price we see on the listing: 4.7 AUD

For each position, please confirm:
  1) confirmed quantity on hand today, as a number (not «in stock»)
  2) lead time for the FULL quantity we ask, and for the part of it you can ship now
  3) unit price and total price for the full quantity, net, in your currency
  4) how long the quote stays valid
  5) Incoterms and shipping point
  6) condition: new, factory-sealed, surplus or refurbished; warranty term
  7) country of origin and HS code
  8) return policy if the part does not match the nameplate

If a position is not available in the full quantity, please say so plainly and quote what you can ship — partial coverage is useful to us, an unconfirmed «in stock» is not. If you can offer a direct equivalent from the original component manufacturer, quote it as an alternative and name the part number.

Best regards,
",1,0,32,CT94851/10
sales@qualitrol.com,,qualitrol.com,США,+1 704-702-6380; +1 704 702 6380,en,Request for firm quotation — 1 line item,"Dear qualitrol.com team,

We are a procurement company sourcing spare parts for gas turbine and gas engine power generation equipment. We found the positions below on your listings and ask you for a firm quotation.

1. P/N 1756-ENBT — 7 pcs; brand Solar; Интерфейсная карта EtherNet Солар Taurus 60S 1756-ENBT
   stock shown: не указан

For each position, please confirm:
  1) confirmed quantity on hand today, as a number (not «in stock»)
  2) lead time for the FULL quantity we ask, and for the part of it you can ship now
  3) unit price and total price for the full quantity, net, in your currency
  4) how long the quote stays valid
  5) Incoterms and shipping point
  6) condition: new, factory-sealed, surplus or refurbished; warranty term
  7) country of origin and HS code
  8) return policy if the part does not match the nameplate

If a position is not available in the full quantity, please say so plainly and quote what you can ship — partial coverage is useful to us, an unconfirmed «in stock» is not. If you can offer a direct equivalent from the original component manufacturer, quote it as an alternative and name the part number.

Best regards,
",1,0,7,1756-ENBT
