ISO-10303-21;
HEADER;
FILE_DESCRIPTION(('ViewDefinition [ReferenceView]'),'2;1');
FILE_NAME('ove75-equip-lib.ifc','2026-08-28T03:10:55',('\X2\041E041E041E\X0\ \X2\00AB041A04120410041D042200BB\X0\'),('\X2\041E041E041E\X0\ \X2\00AB041A04120410041D042200BB\X0\'),'IfcOpenShell 0.8.5-1c5b825','ove/tools/equip2ifc.py (IfcOpenShell)','\X2\043F0440043E0435043A0442\X0\ \X2\041E0412042D\X0\-75, \X2\04410442043004340438044F\X0\ \X2\04110418\X0\');
FILE_SCHEMA(('IFC4'));
ENDSEC;
DATA;
#1=IFCSIUNIT(*,.LENGTHUNIT.,.MILLI.,.METRE.);
#2=IFCSIUNIT(*,.AREAUNIT.,$,.SQUARE_METRE.);
#3=IFCSIUNIT(*,.VOLUMEUNIT.,$,.CUBIC_METRE.);
#4=IFCUNITASSIGNMENT((#1,#2,#3));
#5=IFCCARTESIANPOINT((0.,0.,0.));
#6=IFCAXIS2PLACEMENT3D(#5,$,$);
#7=IFCGEOMETRICREPRESENTATIONCONTEXT($,'Model',3,1.0000000000000001E-05,#6,$);
#8=IFCPROJECT('2wDxi3O1Lv78Z7jjBex8SO',$,'\X2\041E0412042D\X0\-75 \X2\00B7\X0\ \X2\041104380431043B0438043E04420435043A0430\X0\ \X2\043E0431043E044004430434043E04320430043D0438044F\X0\','\X2\041104380431043B0438043E04420435043A0430\X0\ \X2\04420438043F043E0432\X0\ \X2\043E0431043E044004430434043E04320430043D0438044F\X0\ \X2\043F043E\X0\ ove/data/equipment.json (\X2\04410442043004340438044F\X0\ \X2\04110418\X0\)',$,$,$,(#7),#4);
#9=IFCPROPERTYSINGLEVALUE('\X2\041D04300438043C0435043D043E04320430043D04380435\X0\',$,IFCTEXT('\X2\041B0435043D0442043E0447043D044B0435\X0\ \X2\044204400430043D0441043F043E0440044204510440044B\X0\ (\X2\0432\X0\ \X2\0442\X0\.\X2\0447\X0\. \X2\04400435043204350440044104380432043D044B0435\X0\)'),$);
#10=IFCPROPERTYSINGLEVALUE('\X2\041B043E0442\X0\',$,IFCINTEGER(1),$);
#11=IFCPROPERTYSINGLEVALUE('\X2\041C043E0449043D043E04410442044C\X0\_\X2\043A04120442\X0\',$,IFCTEXT('3,4\X2\2013\X0\30 \X2\043A04120442\X0\'),$);
#12=IFCPROPERTYSINGLEVALUE('\X2\041C043004420435044004380430043B\X0\',$,IFCTEXT('\X2\04230433043B04350440043E04340438044104420430044F\X0\ \X2\044104420430043B044C\X0\, \X2\0440043504370438043D0430\X0\'),$);
#13=IFCPROPERTYSINGLEVALUE('\X2\041A043E043B043804470435044104420432043E\X0\',$,IFCTEXT('\X2\04230442043E0447043D044F043504420441044F\X0\ \X2\043D0430\X0\ \X2\044104420430043404380438\X0\ \X2\041E04220420\X0\; 5 \X2\04400435043204350440044104380432043D044B0445\X0\ \X2\043D0430\X0\ \X2\043704300433044004430437043A0443\X0\ \X2\04310443043D043A04350440043E0432\X0\ \X2\0448043804450442044B\X0\ \X2\0438\X0\ \X2\043F043504470438\X0\ \X2\041A0421\X0\'),$);
#14=IFCPROPERTYSET('0VczYLtJwlNJjYgRZQGDg5',$,'Pset_KVANT_LOI',$,(#9,#10,#11,#12,#13));
#15=IFCCARTESIANPOINT((0.,0.));
#16=IFCAXIS2PLACEMENT2D(#15,$);
#17=IFCRECTANGLEPROFILEDEF(.AREA.,$,#16,3000.,400.);
#18=IFCCARTESIANPOINT((0.,0.,0.));
#19=IFCAXIS2PLACEMENT3D(#18,$,$);
#20=IFCDIRECTION((0.,0.,1.));
#21=IFCEXTRUDEDAREASOLID(#17,#19,#20,100.);
#22=IFCSHAPEREPRESENTATION(#7,'Body','SweptSolid',(#21));
#23=IFCCARTESIANPOINT((0.,0.,0.));
#24=IFCAXIS2PLACEMENT3D(#23,$,$);
#25=IFCREPRESENTATIONMAP(#24,#22);
#26=IFCTRANSPORTELEMENTTYPE('1Aae7CqaxD7DimiMAxzpRw',$,'\X2\041B0435043D0442043E0447043D044B0435\X0\ \X2\044204400430043D0441043F043E0440044204510440044B\X0\ (\X2\0432\X0\ \X2\0442\X0\.\X2\0447\X0\. \X2\04400435043204350440044104380432043D044B0435\X0\)','\X2\042204400430043D0441043F043E0440044204380440043E0432043A0430\X0\ \X2\043C04350434043D043E0433043E\X0\ \X2\043A043E043D04460435043D04420440043004420430\X0\, \X2\043A0435043A0430\X0\ NNH, \X2\043E0431043E0440043E0442043D044B0445\X0\ \X2\043C043004420435044004380430043B043E0432\X0\ \X2\0438\X0\ \X2\043F0440043E04340443043A0442043E0432\X0\ \X2\043E04310436043804330430\X0\',$,(#14),(#25),'\X2\041E0412042D\X0\75-\X2\041B\X0\1-01','\X2\0423041A0412\X0\-320-\X2\0426\X0\-60 / \X2\0423041A0412\X0\-200-\X2\0426\X0\-60 / \X2\0423041A0412\X0\-200-\X2\0426\X0\-37,5 / \X2\0423041A0412\X0\-320-\X2\0426\X0\-95',.USERDEFINED.);
#27=IFCPROPERTYSINGLEVALUE('\X2\041D04300438043C0435043D043E04320430043D04380435\X0\',$,IFCTEXT('\X2\041B0435043D0442043E0447043D044B0435\X0\ \X2\044204400430043D0441043F043E0440044204510440044B\X0\ \X2\0434043B044F\X0\ \X2\04460435043C0435043D0442043D043E0439\X0\ \X2\043C043504340438\X0\'),$);
#28=IFCPROPERTYSINGLEVALUE('\X2\041B043E0442\X0\',$,IFCINTEGER(1),$);
#29=IFCPROPERTYSINGLEVALUE('\X2\041C043004420435044004380430043B\X0\',$,IFCTEXT('\X2\041D043504400436043004320435044E04490430044F\X0\ \X2\044104420430043B044C\X0\, \X2\043A04380441043B043E0442043E0443043F043E0440043D0430044F\X0\ \X2\0440043504370438043D0430\X0\'),$);
#30=IFCPROPERTYSINGLEVALUE('\X2\041A043E043B043804470435044104420432043E\X0\',$,IFCTEXT('\X2\04230442043E0447043D044F043504420441044F\X0\ \X2\043D0430\X0\ \X2\044104420430043404380438\X0\ \X2\041E04220420\X0\'),$);
#31=IFCPROPERTYSET('0leT74hU4u8UlWPQ$gsWHo',$,'Pset_KVANT_LOI',$,(#27,#28,#29,#30));
#32=IFCTRANSPORTELEMENTTYPE('0yuNqZRWGfYC1eXPZDBQUb',$,'\X2\041B0435043D0442043E0447043D044B0435\X0\ \X2\044204400430043D0441043F043E0440044204510440044B\X0\ \X2\0434043B044F\X0\ \X2\04460435043C0435043D0442043D043E0439\X0\ \X2\043C043504340438\X0\','\X2\042204400430043D0441043F043E0440044204380440043E0432043A0430\X0\ \X2\04460435043C0435043D0442043D043E0439\X0\ \X2\043C043504340438\X0\',$,(#31),$,'\X2\041E0412042D\X0\75-\X2\041B\X0\1-02','\X2\0428043804450442043E043F043E04340433043E0442043E0432043A0430\X0\',.USERDEFINED.);
#33=IFCPROPERTYSINGLEVALUE('\X2\041D04300438043C0435043D043E04320430043D04380435\X0\',$,IFCTEXT('\X2\0428043D0435043A043E0432044B0435\X0\ \X2\044204400430043D0441043F043E0440044204510440044B\X0\'),$);
#34=IFCPROPERTYSINGLEVALUE('\X2\041B043E0442\X0\',$,IFCINTEGER(1),$);
#35=IFCPROPERTYSINGLEVALUE('\X2\041C043004420435044004380430043B\X0\',$,IFCTEXT('\X2\04230433043B04350440043E04340438044104420430044F\X0\ \X2\044104420430043B044C\X0\'),$);
#36=IFCPROPERTYSINGLEVALUE('\X2\041A043E043B043804470435044104420432043E\X0\',$,IFCTEXT('2 \X2\043D0430\X0\ \X2\043F043E0434043004470443\X0\ \X2\0448043804450442044B\X0\; \X2\043E044204340435043B044C043D044B0435\X0\ \X2\043F043E0434\X0\ \X2\043F044B043B044C\X0\ \X2\041A0423\X0\ / \X2\04460438043A043B043E043D0430\X0\ / \X2\044D043B0435043A04420440043E04440438043B044C044204400430\X0\'),$);
#37=IFCPROPERTYSET('18jIQniIAoo595Eu427IkH',$,'Pset_KVANT_LOI',$,(#33,#34,#35,#36));
#38=IFCCARTESIANPOINT((0.,0.));
#39=IFCAXIS2PLACEMENT2D(#38,$);
#40=IFCRECTANGLEPROFILEDEF(.AREA.,$,#39,10000.,360.);
#41=IFCCARTESIANPOINT((0.,0.,0.));
#42=IFCAXIS2PLACEMENT3D(#41,$,$);
#43=IFCDIRECTION((0.,0.,1.));
#44=IFCEXTRUDEDAREASOLID(#40,#42,#43,360.);
#45=IFCSHAPEREPRESENTATION(#7,'Body','SweptSolid',(#44));
#46=IFCCARTESIANPOINT((0.,0.,0.));
#47=IFCAXIS2PLACEMENT3D(#46,$,$);
#48=IFCREPRESENTATIONMAP(#47,#45);
#49=IFCTRANSPORTELEMENTTYPE('1_Ov6slrKJgcl_iRClwJGJ',$,'\X2\0428043D0435043A043E0432044B0435\X0\ \X2\044204400430043D0441043F043E0440044204510440044B\X0\','\X2\042204400430043D0441043F043E0440044204380440043E0432043A0430\X0\ \X2\043F044B043B044F044904380445\X0\ \X2\0432044B0441043E043A043E04420435043C043F043504400430044204430440043D044B0445\X0\ \X2\043A043E043C043F043E043D0435043D0442043E0432\X0\ \X2\0448043804450442044B\X0\ (\X2\043A0440043E043C0435\X0\ \X2\04460435043C0435043D0442043D043E0439\X0\ \X2\043C043504340438\X0\) \X2\0438\X0\ \X2\043F0440043E04340443043A0442043E0432\X0\ \X2\043E04310436043804330430\X0\',$,(#37),(#48),'\X2\041E0412042D\X0\75-\X2\041B\X0\1-03','\X2\0428043804450442043E043F043E04340433043E0442043E0432043A0430\X0\',.USERDEFINED.);
#50=IFCPROPERTYSINGLEVALUE('\X2\041D04300438043C0435043D043E04320430043D04380435\X0\',$,IFCTEXT('\X2\0428043D0435043A043E0432044B0435\X0\ \X2\044204400430043D0441043F043E0440044204510440044B\X0\ \X2\0434043B044F\X0\ \X2\04460435043C0435043D0442043D043E0439\X0\ \X2\043C043504340438\X0\'),$);
#51=IFCPROPERTYSINGLEVALUE('\X2\041B043E0442\X0\',$,IFCINTEGER(1),$);
#52=IFCPROPERTYSINGLEVALUE('\X2\041C043004420435044004380430043B\X0\',$,IFCTEXT('\X2\041D043504400436043004320435044E04490430044F\X0\ \X2\044104420430043B044C\X0\'),$);
#53=IFCPROPERTYSINGLEVALUE('\X2\041A043E043B043804470435044104420432043E\X0\',$,IFCTEXT('\X2\04230442043E0447043D044F043504420441044F\X0\'),$);
#54=IFCPROPERTYSET('0Ou2Zd0Mm_NANwMj2AoUJf',$,'Pset_KVANT_LOI',$,(#50,#51,#52,#53));
#55=IFCTRANSPORTELEMENTTYPE('1rwM1GBq8AKKzzCytnh8Ja',$,'\X2\0428043D0435043A043E0432044B0435\X0\ \X2\044204400430043D0441043F043E0440044204510440044B\X0\ \X2\0434043B044F\X0\ \X2\04460435043C0435043D0442043D043E0439\X0\ \X2\043C043504340438\X0\','\X2\042204400430043D0441043F043E0440044204380440043E0432043A0430\X0\ \X2\04460435043C0435043D0442043D043E0439\X0\ \X2\043C043504340438\X0\ \X2\0438\X0\ \X2\0448043804450442044B\X0\, \X2\04350451\X0\ \X2\0441043E04340435044004360430044904350439\X0\',$,(#54),$,'\X2\041E0412042D\X0\75-\X2\041B\X0\1-04','\X2\0428043804450442043E043F043E04340433043E0442043E0432043A0430\X0\',.USERDEFINED.);
#56=IFCPROPERTYSINGLEVALUE('\X2\041D04300438043C0435043D043E04320430043D04380435\X0\',$,IFCTEXT('\X2\041F044004380451043C043D044B0435\X0\ \X2\04310443043D043A043504400430\X0\'),$);
#57=IFCPROPERTYSINGLEVALUE('\X2\041B043E0442\X0\',$,IFCINTEGER(1),$);
#58=IFCPROPERTYSINGLEVALUE('\X2\041C043004420435044004380430043B\X0\',$,IFCTEXT('\X2\04230433043B04350440043E04340438044104420430044F\X0\ \X2\044104420430043B044C\X0\, \X2\04440443044204350440043E0432043A0430\X0\ \X2\043F043E043B0438044D04420438043B0435043D043E043C\X0\ \X2\04200415\X0\500'),$);
#59=IFCPROPERTYSINGLEVALUE('\X2\041A043E043B043804470435044104420432043E\X0\',$,IFCTEXT('\X2\041A043E043D04460435043D0442044004300442\X0\ 60 \X2\043C00B3\X0\, \X2\043A0435043A\X0\ 20 \X2\043C00B3\X0\, \X2\04460435043C0435043D0442043D0430044F\X0\ \X2\043C04350434044C\X0\ 10 \X2\043C00B3\X0\, \X2\043E0431043E0440043E0442043D044B0435\X0\ \X2\043C043004420435044004380430043B044B\X0\ 50 \X2\043C00B3\X0\'),$);
#60=IFCPROPERTYSET('3o_C4OHq6esSKdSdgw$jg5',$,'Pset_KVANT_LOI',$,(#56,#57,#58,#59));
#61=IFCTANKTYPE('3_Nv3qspTCIvX8jMdJiTKR',$,'\X2\041F044004380451043C043D044B0435\X0\ \X2\04310443043D043A043504400430\X0\','\X2\042504400430043D0435043D04380435\X0\ \X2\0441043C0435043D043D043E0433043E\X0\ \X2\04370430043F043004410430\X0\ \X2\043C04350434043D043E0433043E\X0\ \X2\043A043E043D04460435043D04420440043004420430\X0\, \X2\043A0435043A0430\X0\ NNH, \X2\04460435043C0435043D0442043D043E0439\X0\ \X2\043C043504340438\X0\, \X2\043E043304300440043A0430\X0\ \X2\0434043B044F\X0\ \X2\04370430043F04430441043A0430\X0\ \X2\043F043504470438\X0\ \X2\041A0421\X0\, \X2\0432043E04370432044004300442\X0\ \X2\043F044B043B0438\X0\ \X2\044D043B0435043A04420440043E04440438043B044C044204400430\X0\',$,(#60),$,'\X2\041E0412042D\X0\75-\X2\041B\X0\1-05','\X2\04260438043B0438043D043404400438044704350441043A04380435\X0\',.USERDEFINED.);
#62=IFCPROPERTYSINGLEVALUE('\X2\041D04300438043C0435043D043E04320430043D04380435\X0\',$,IFCTEXT('\X2\0420043004410445043E0434043D044B0435\X0\ \X2\04310443043D043A043504400430\X0\ \X2\0448043804450442044B\X0\'),$);
#63=IFCPROPERTYSINGLEVALUE('\X2\041B043E0442\X0\',$,IFCINTEGER(1),$);
#64=IFCPROPERTYSINGLEVALUE('\X2\041C043004420435044004380430043B\X0\',$,IFCTEXT('\X2\04230433043B04350440043E04340438044104420430044F\X0\ \X2\044104420430043B044C\X0\, \X2\04440443044204350440043E0432043A0430\X0\ \X2\043F043E043B0438044D04420438043B0435043D043E043C\X0\ \X2\04200415\X0\500'),$);
#65=IFCPROPERTYSINGLEVALUE('\X2\041A043E043B043804470435044104420432043E\X0\',$,IFCINTEGER(2),$);
#66=IFCPROPERTYSET('1Qv3vWHQR8Y2rJ$9wVMqVZ',$,'Pset_KVANT_LOI',$,(#62,#63,#64,#65));
#67=IFCTANKTYPE('245jRgR_Zy7oiQVpNmT5Rn',$,'\X2\0420043004410445043E0434043D044B0435\X0\ \X2\04310443043D043A043504400430\X0\ \X2\0448043804450442044B\X0\','\X2\041104350441043F0435044004350431043E0439043D043E0435\X0\ \X2\043F043804420430043D04380435\X0\ \X2\043F043504470438\X0\ \X2\041A0421\X0\ \X2\0448043804450442043E0439\X0\ \X2\043F043E04410442043E044F043D043D043E0433043E\X0\ \X2\0441043E04410442043004320430\X0\',$,(#66),$,'\X2\041E0412042D\X0\75-\X2\041B\X0\1-06','\X2\04260438043B0438043D043404400438044704350441043A04380435\X0\',.USERDEFINED.);
#68=IFCPROPERTYSINGLEVALUE('\X2\041D04300438043C0435043D043E04320430043D04380435\X0\',$,IFCTEXT('\X2\041404380441043A043E0432044B0439\X0\ (\X2\0442043004400435043B044C044704300442044B0439\X0\) \X2\043F04380442043004420435043B044C\X0\'),$);
#69=IFCPROPERTYSINGLEVALUE('\X2\041B043E0442\X0\',$,IFCINTEGER(1),$);
#70=IFCPROPERTYSINGLEVALUE('\X2\041C043E0449043D043E04410442044C\X0\_\X2\043A04120442\X0\',$,IFCTEXT('0,75\X2\2013\X0\3 \X2\043A04120442\X0\'),$);
#71=IFCPROPERTYSINGLEVALUE('\X2\041C043004420435044004380430043B\X0\',$,IFCTEXT('ZC-300 (\X2\04460435043C0435043D0442043D0430044F\X0\ \X2\043C04350434044C\X0\) \X2\0438\X0\ ZC-1500 (\X2\04480438044504420430\X0\) \X2\2014\X0\ \X2\043D043504400436043004320435044E04490430044F\X0\ \X2\044104420430043B044C\X0\; \X2\043E044104420430043B044C043D044B0435\X0\ \X2\2014\X0\ \X2\04430433043B04350440043E04340438044104420430044F\X0\'),$);
#72=IFCPROPERTYSINGLEVALUE('\X2\041A043E043B043804470435044104420432043E\X0\',$,IFCTEXT('2\X2\00D7\X0\ZC-300, 1\X2\00D7\X0\ZC-800, 1\X2\00D7\X0\ZC-1200, 2\X2\00D7\X0\ZC-1500'),$);
#73=IFCPROPERTYSET('1fEq04RDIjocufXwzjIHi6',$,'Pset_KVANT_LOI',$,(#68,#69,#70,#71,#72));
#74=IFCCARTESIANPOINT((0.,0.));
#75=IFCAXIS2PLACEMENT2D(#74,$);
#76=IFCRECTANGLEPROFILEDEF(.AREA.,$,#75,1200.,1200.);
#77=IFCCARTESIANPOINT((0.,0.,0.));
#78=IFCAXIS2PLACEMENT3D(#77,$,$);
#79=IFCDIRECTION((0.,0.,1.));
#80=IFCEXTRUDEDAREASOLID(#76,#78,#79,100.);
#81=IFCSHAPEREPRESENTATION(#7,'Body','SweptSolid',(#80));
#82=IFCCARTESIANPOINT((0.,0.,0.));
#83=IFCAXIS2PLACEMENT3D(#82,$,$);
#84=IFCREPRESENTATIONMAP(#83,#81);
#85=IFCBUILDINGELEMENTPROXYTYPE('3sYB4pIj3buQXjYfRDKRCA',$,'\X2\041404380441043A043E0432044B0439\X0\ (\X2\0442043004400435043B044C044704300442044B0439\X0\) \X2\043F04380442043004420435043B044C\X0\','\X2\0414043E043704380440043E04320430043D043D0430044F\X0\ \X2\043F043E0434043004470430\X0\ \X2\043A043E043C043F043E043D0435043D0442043E0432\X0\ \X2\0448043804450442044B\X0\ \X2\043D0430\X0\ \X2\0441043C043504480435043D04380435\X0\ \X2\0438\X0\ \X2\043F043E0434043004470430\X0\ \X2\0448043804450442044B\X0\ \X2\0432\X0\ \X2\043F04350447044C\X0\ \X2\041A0421\X0\',$,(#73),(#84),'\X2\041E0412042D\X0\75-\X2\041B\X0\1-07','ZC-300 / ZC-800 / ZC-1200 / ZC-1500',.USERDEFINED.);
#86=IFCPROPERTYSINGLEVALUE('\X2\041D04300438043C0435043D043E04320430043D04380435\X0\',$,IFCTEXT('\X2\0414043E043704300442043E0440\X0\ \X2\043B0435043D0442043E0447043D044B0439\X0\'),$);
#87=IFCPROPERTYSINGLEVALUE('\X2\041B043E0442\X0\',$,IFCINTEGER(1),$);
#88=IFCPROPERTYSINGLEVALUE('\X2\041C043E0449043D043E04410442044C\X0\_\X2\043A04120442\X0\',$,IFCTEXT('0,55\X2\2013\X0\1,5 \X2\043A04120442\X0\'),$);
#89=IFCPROPERTYSINGLEVALUE('\X2\041C043004420435044004380430043B\X0\',$,IFCTEXT('X=3,2 \X2\0438\X0\ 25 \X2\2014\X0\ \X2\043D043504400436043004320435044E04490430044F\X0\ \X2\044104420430043B044C\X0\ \X2\0438\X0\ \X2\043A04380441043B043E0442043E0443043F043E0440043D0430044F\X0\ \X2\0440043504370438043D0430\X0\; \X2\043E044104420430043B044C043D044B0435\X0\ \X2\2014\X0\ \X2\04430433043B04350440043E04340438044104420430044F\X0\ \X2\044104420430043B044C\X0\ \X2\0438\X0\ \X2\043E0431044B0447043D0430044F\X0\ \X2\0440043504370438043D0430\X0\'),$);
#90=IFCPROPERTYSINGLEVALUE('\X2\041A043E043B043804470435044104420432043E\X0\',$,IFCTEXT('\X2\043F043E\X0\ 1 \X2\04480442\X0\. \X2\043D0430\X0\ X=3,2; 4; 5; 16 \X2\0438\X0\ 2 \X2\04480442\X0\. \X2\043D0430\X0\ X=25'),$);
#91=IFCPROPERTYSET('3BnR2LGhU0ofKWcfzTsmsO',$,'Pset_KVANT_LOI',$,(#86,#87,#88,#89,#90));
#92=IFCBUILDINGELEMENTPROXYTYPE('2bxUNxu0IIE10TIpsSMtOm',$,'\X2\0414043E043704300442043E0440\X0\ \X2\043B0435043D0442043E0447043D044B0439\X0\','\X2\0420043504330443043B04380440043E0432043A0430\X0\ \X2\043F043E0434043004470438\X0\ \X2\043A043E043C043F043E043D0435043D0442043E0432\X0\ \X2\0448043804450442044B\X0\ \X2\043D0430\X0\ \X2\0441043C043504480435043D04380435\X0\ \X2\0438\X0\ \X2\043F043E0434043004470438\X0\ \X2\0448043804450442044B\X0\ \X2\0432\X0\ \X2\043F04350447044C\X0\ \X2\041A0421\X0\',$,(#91),$,'\X2\041E0412042D\X0\75-\X2\041B\X0\1-08','4488 \X2\0414041D\X0\-\X2\0423\X0\-1-X-40-1800-0-0.X (X = 3,2; 4; 5; 16; 25)',.USERDEFINED.);
#93=IFCPROPERTYSINGLEVALUE('\X2\041D04300438043C0435043D043E04320430043D04380435\X0\',$,IFCTEXT('\X2\0428043D0435043A043E0432044B0439\X0\ \X2\0441043C04350441043804420435043B044C\X0\'),$);
#94=IFCPROPERTYSINGLEVALUE('\X2\041B043E0442\X0\',$,IFCINTEGER(1),$);
#95=IFCPROPERTYSINGLEVALUE('\X2\041C043E0449043D043E04410442044C\X0\_\X2\043A04120442\X0\',$,IFCREAL(37.),$);
#96=IFCPROPERTYSINGLEVALUE('\X2\041C043004420435044004380430043B\X0\',$,IFCTEXT('\X2\041D043504400436043004320435044E04490430044F\X0\ \X2\044104420430043B044C\X0\'),$);
#97=IFCPROPERTYSINGLEVALUE('\X2\041A043E043B043804470435044104420432043E\X0\',$,IFCINTEGER(1),$);
#98=IFCPROPERTYSET('2Kdh$Yl2kQLtS0DqAcoHPW',$,'Pset_KVANT_LOI',$,(#93,#94,#95,#96,#97));
#99=IFCCARTESIANPOINT((0.,0.));
#100=IFCAXIS2PLACEMENT2D(#99,$);
#101=IFCRECTANGLEPROFILEDEF(.AREA.,$,#100,1560.4907507078847,1560.4907507078847);
#102=IFCCARTESIANPOINT((0.,0.,0.));
#103=IFCAXIS2PLACEMENT3D(#102,$,$);
#104=IFCDIRECTION((0.,0.,1.));
#105=IFCEXTRUDEDAREASOLID(#101,#103,#104,1560.4907507078847);
#106=IFCSHAPEREPRESENTATION(#7,'Body','SweptSolid',(#105));
#107=IFCCARTESIANPOINT((0.,0.,0.));
#108=IFCAXIS2PLACEMENT3D(#107,$,$);
#109=IFCREPRESENTATIONMAP(#108,#106);
#110=IFCBUILDINGELEMENTPROXYTYPE('0dLorXEairNUAtyo_0kV8M',$,'\X2\0428043D0435043A043E0432044B0439\X0\ \X2\0441043C04350441043804420435043B044C\X0\','\X2\041F044004380433043E0442043E0432043B0435043D04380435\X0\ \X2\0448043804450442044B\X0\ \X2\0434043B044F\X0\ \X2\043E04310436043804330430\X0\ \X2\0432\X0\ \X2\043F043504470438\X0\ \X2\041A0421\X0\',$,(#98),(#109),'\X2\041E0412042D\X0\75-\X2\041B\X0\1-09','\X2\04210428\X0\-25',.USERDEFINED.);
#111=IFCPROPERTYSINGLEVALUE('\X2\041D04300438043C0435043D043E04320430043D04380435\X0\',$,IFCTEXT('\X2\0428043D0435043A043E0432044B0439\X0\ \X2\043704300431044004300441044B0432043004420435043B044C\X0\ \X2\0448043804450442044B\X0\'),$);
#112=IFCPROPERTYSINGLEVALUE('\X2\041B043E0442\X0\',$,IFCINTEGER(1),$);
#113=IFCPROPERTYSINGLEVALUE('\X2\041C043E0449043D043E04410442044C\X0\_\X2\043A04120442\X0\',$,IFCREAL(3.5),$);
#114=IFCPROPERTYSINGLEVALUE('\X2\041C043004420435044004380430043B\X0\',$,IFCTEXT('\X2\041D043504400436043004320435044E04490430044F\X0\ \X2\043604300440043E043F0440043E0447043D0430044F\X0\ \X2\044104420430043B044C\X0\'),$);
#115=IFCPROPERTYSINGLEVALUE('\X2\041A043E043B043804470435044104420432043E\X0\',$,IFCINTEGER(1),$);
#116=IFCPROPERTYSET('0Ji1T6zwyhBPdae9tBIPze',$,'Pset_KVANT_LOI',$,(#111,#112,#113,#114,#115));
#117=IFCCARTESIANPOINT((0.,0.));
#118=IFCAXIS2PLACEMENT2D(#117,$);
#119=IFCRECTANGLEPROFILEDEF(.AREA.,$,#118,1500.,150.);
#120=IFCCARTESIANPOINT((0.,0.,0.));
#121=IFCAXIS2PLACEMENT3D(#120,$,$);
#122=IFCDIRECTION((0.,0.,1.));
#123=IFCEXTRUDEDAREASOLID(#119,#121,#122,150.);
#124=IFCSHAPEREPRESENTATION(#7,'Body','SweptSolid',(#123));
#125=IFCCARTESIANPOINT((0.,0.,0.));
#126=IFCAXIS2PLACEMENT3D(#125,$,$);
#127=IFCREPRESENTATIONMAP(#126,#124);
#128=IFCBUILDINGELEMENTPROXYTYPE('1REz4wkZbqr3xT5tJHzZWc',$,'\X2\0428043D0435043A043E0432044B0439\X0\ \X2\043704300431044004300441044B0432043004420435043B044C\X0\ \X2\0448043804450442044B\X0\','\X2\041F043E0434043004470430\X0\ \X2\0448043804450442044B\X0\ \X2\0432\X0\ \X2\043F04350447044C\X0\ \X2\041A0421\X0\',$,(#116),(#127),'\X2\041E0412042D\X0\75-\X2\041B\X0\1-10','\X2\041E0431043604380433\X0\',.USERDEFINED.);
#129=IFCPROPERTYSINGLEVALUE('\X2\041D04300438043C0435043D043E04320430043D04380435\X0\',$,IFCTEXT('\X2\041C0430043704430442043D0430044F\X0\ \X2\0433043E04400435043B043A0430\X0\ (\X2\043F043E0434043E0433044004350432\X0\ \X2\043404430442044C044F\X0\)'),$);
#130=IFCPROPERTYSINGLEVALUE('\X2\041B043E0442\X0\',$,IFCINTEGER(1),$);
#131=IFCPROPERTYSINGLEVALUE('\X2\041C043004420435044004380430043B\X0\',$,IFCTEXT('\X2\04230433043B04350440043E04340438044104420430044F\X0\ \X2\044104420430043B044C\X0\'),$);
#132=IFCPROPERTYSINGLEVALUE('\X2\041A043E043B043804470435044104420432043E\X0\',$,IFCINTEGER(1),$);
#133=IFCPROPERTYSET('3xh1c7wctos0uvj$w62VCE',$,'Pset_KVANT_LOI',$,(#129,#130,#131,#132));
#134=IFCBURNERTYPE('02BB5HyOwaEkAEQ9b$cqkS',$,'\X2\041C0430043704430442043D0430044F\X0\ \X2\0433043E04400435043B043A0430\X0\ (\X2\043F043E0434043E0433044004350432\X0\ \X2\043404430442044C044F\X0\)','\X2\041F043E0434043E0433044004350432\X0\ \X2\043404430442044C044F\X0\ \X2\043F0435044004350434\X0\ \X2\043F043E04340430044704350439\X0\ \X2\0432\X0\ \X2\043F04350447044C\X0\ \X2\041A0421\X0\ (\X2\04320441043F043E043C043E0433043004420435043B044C043D044B0439\X0\ \X2\04320430044004380430043D0442\X0\)',$,(#133),$,'\X2\041E0412042D\X0\75-\X2\041B\X0\1-11','\X2\0413041C\X0\-4,5',.USERDEFINED.);
#135=IFCPROPERTYSINGLEVALUE('\X2\041D04300438043C0435043D043E04320430043D04380435\X0\',$,IFCTEXT('\X2\041C0430043704430442043D0430044F\X0\ \X2\0433043E04400435043B043A0430\X0\ (\X2\044004300437043E0433044004350432\X0\ \X2\043F043504470438\X0\)'),$);
#136=IFCPROPERTYSINGLEVALUE('\X2\041B043E0442\X0\',$,IFCINTEGER(1),$);
#137=IFCPROPERTYSINGLEVALUE('\X2\041C043004420435044004380430043B\X0\',$,IFCTEXT('\X2\04230433043B04350440043E04340438044104420430044F\X0\ \X2\044104420430043B044C\X0\'),$);
#138=IFCPROPERTYSINGLEVALUE('\X2\041A043E043B043804470435044104420432043E\X0\',$,IFCINTEGER(3),$);
#139=IFCPROPERTYSET('1GPeMa2kzCc7Oai8q4Oa3a',$,'Pset_KVANT_LOI',$,(#135,#136,#137,#138));
#140=IFCBURNERTYPE('0FKYEuiTRNuegnFziMe0pH',$,'\X2\041C0430043704430442043D0430044F\X0\ \X2\0433043E04400435043B043A0430\X0\ (\X2\044004300437043E0433044004350432\X0\ \X2\043F043504470438\X0\)','\X2\041F043E0434043E0433044004350432\X0\ \X2\043E043304300440043A0430\X0\ \X2\0432\X0\ \X2\043F043504470438\X0\ \X2\041A0421\X0\ \X2\043F043E0441043B0435\X0\ \X2\043F0440043E0434043E043B0436043804420435043B044C043D043E0439\X0\ \X2\043E044104420430043D043E0432043A0438\X0\ \X2\043D0430\X0\ \X2\04400435043C043E043D0442\X0\',$,(#139),$,'\X2\041E0412042D\X0\75-\X2\041B\X0\1-12','\X2\041C0413041C0413\X0\-10',.USERDEFINED.);
#141=IFCPROPERTYSINGLEVALUE('\X2\041D04300438043C0435043D043E04320430043D04380435\X0\',$,IFCTEXT('\X2\041F04350447044C\X0\ \X2\043A0438043F044F044904350433043E\X0\ \X2\0441043B043E044F\X0\ (\X2\041A0421\X0\)'),$);
#142=IFCPROPERTYSINGLEVALUE('\X2\041B043E0442\X0\',$,IFCINTEGER(1),$);
#143=IFCPROPERTYSINGLEVALUE('\X2\041C043004420435044004380430043B\X0\',$,IFCTEXT('\X2\041A043E0440043F04430441\X0\ \X2\2014\X0\ \X2\04430433043B04350440043E04340438044104420430044F\X0\ \X2\044104420430043B044C\X0\, \X2\043B043804410442043E0432043E0439\X0\ \X2\043004410431043504410442\X0\, \X2\04480430043C043E0442043D044B0439\X0\ \X2\043A04380440043F04380447\X0\; \X2\043F043E04340438043D0430\X0\ \X2\2014\X0\ \X2\043604300440043E043F0440043E0447043D0430044F\X0\ \X2\044104420430043B044C\X0\ \X2\0438\X0\ \X2\043104350442043E043D\X0\'),$);
#144=IFCPROPERTYSINGLEVALUE('\X2\041A043E043B043804470435044104420432043E\X0\',$,IFCINTEGER(1),$);
#145=IFCPROPERTYSET('2JWGSr_kanPheJgYLaJCK8',$,'Pset_KVANT_LOI',$,(#141,#142,#143,#144));
#146=IFCBUILDINGELEMENTPROXYTYPE('3h3bxURLOvAwnHiZK2b4rm',$,'\X2\041F04350447044C\X0\ \X2\043A0438043F044F044904350433043E\X0\ \X2\0441043B043E044F\X0\ (\X2\041A0421\X0\)','\X2\041E043A04380441043B043804420435043B044C043D044B0439\X0\ \X2\043E0431043604380433\X0\ \X2\0448043804450442044B\X0\ \X2\043D0430\X0\ \X2\043E0441043D043E04320435\X0\ \X2\043C04350434043D043E0433043E\X0\ \X2\043A043E043D04460435043D04420440043004420430\X0\ \X2\041E04200424\X0\',$,(#145),$,'\X2\041E0412042D\X0\75-\X2\041B\X0\1-13','\X2\0425043004400430043A0442043504400438044104420438043A0438\X0\ \X2\043F043E\X0\ \X2\04180414\X0\ \X2\0447\X0\.1 \X2\044204300431043B\X0\. 23',.USERDEFINED.);
#147=IFCPROPERTYSINGLEVALUE('\X2\041D04300438043C0435043D043E04320430043D04380435\X0\',$,IFCTEXT('\X2\0412043E0437043404430445043E043404430432043A0430\X0\ \X2\043404430442044C043504320430044F\X0\'),$);
#148=IFCPROPERTYSINGLEVALUE('\X2\041B043E0442\X0\',$,IFCINTEGER(1),$);
#149=IFCPROPERTYSINGLEVALUE('\X2\041A043E043B043804470435044104420432043E\X0\',$,IFCTEXT('\X2\043F043E\X0\ \X2\04220417\X0\ \X2\043D0430\X0\ \X2\04110418\X0\, \X2\043F\X0\. 3.4'),$);
#150=IFCPROPERTYSET('316gCPP9bWTJRaGuYsGWqt',$,'Pset_KVANT_LOI',$,(#147,#148,#149));
#151=IFCFANTYPE('3rm$zvqGzQrFo_5Cvz4wJq',$,'\X2\0412043E0437043404430445043E043404430432043A0430\X0\ \X2\043404430442044C043504320430044F\X0\','\X2\0421043E043704340430043D04380435\X0\ \X2\043F0441043504320434043E043E0436043804360435043D043D043E0433043E\X0\ \X2\0441043B043E044F\X0\ \X2\0432\X0\ \X2\043F043504470438\X0\ \X2\041A0421\X0\',$,(#150),$,'\X2\041E0412042D\X0\75-\X2\041B\X0\1-14','\X2\041E0431043604380433\X0\',.USERDEFINED.);
#152=IFCPROPERTYSINGLEVALUE('\X2\041D04300438043C0435043D043E04320430043D04380435\X0\',$,IFCTEXT('\X2\04140440043E044104410435043B044C043D044B0439\X0\ \X2\0437043004420432043E0440\X0\'),$);
#153=IFCPROPERTYSINGLEVALUE('\X2\041B043E0442\X0\',$,IFCINTEGER(1),$);
#154=IFCPROPERTYSINGLEVALUE('\X2\041C043E0449043D043E04410442044C\X0\_\X2\043A04120442\X0\',$,IFCREAL(1.),$);
#155=IFCPROPERTYSINGLEVALUE('\X2\041A043E043B043804470435044104420432043E\X0\',$,IFCINTEGER(1),$);
#156=IFCPROPERTYSET('3rItLHwWJHX5fEfJbc4ceP',$,'Pset_KVANT_LOI',$,(#152,#153,#154,#155));
#157=IFCDAMPERTYPE('0qzi_qEgQUF0JlPcQGm5RM',$,'\X2\04140440043E044104410435043B044C043D044B0439\X0\ \X2\0437043004420432043E0440\X0\','\X2\0420043504330443043B04380440043E04320430043D04380435\X0\ \X2\043304300437043E0432043E0433043E\X0\ \X2\044204400430043A04420430\X0\ \X2\043F043504470438\X0\ \X2\041A0421\X0\',$,(#156),$,'\X2\041E0412042D\X0\75-\X2\041B\X0\1-15','\X2\041E0431043604380433\X0\',.USERDEFINED.);
#158=IFCPROPERTYSINGLEVALUE('\X2\041D04300438043C0435043D043E04320430043D04380435\X0\',$,IFCTEXT('\X2\041A043E04420451043B\X0\-\X2\044304420438043B0438043704300442043E0440\X0\'),$);
#159=IFCPROPERTYSINGLEVALUE('\X2\041B043E0442\X0\',$,IFCINTEGER(1),$);
#160=IFCPROPERTYSINGLEVALUE('\X2\041C043004420435044004380430043B\X0\',$,IFCTEXT('\X2\04230433043B04350440043E04340438044104420430044F\X0\ \X2\044104420430043B044C\X0\'),$);
#161=IFCPROPERTYSINGLEVALUE('\X2\041A043E043B043804470435044104420432043E\X0\',$,IFCINTEGER(1),$);
#162=IFCPROPERTYSET('1NMSAjtwu2aTodjgi7vtDP',$,'Pset_KVANT_LOI',$,(#158,#159,#160,#161));
#163=IFCCARTESIANPOINT((0.,0.));
#164=IFCAXIS2PLACEMENT2D(#163,$);
#165=IFCRECTANGLEPROFILEDEF(.AREA.,$,#164,2466.2120743304699,2466.2120743304699);
#166=IFCCARTESIANPOINT((0.,0.,0.));
#167=IFCAXIS2PLACEMENT3D(#166,$,$);
#168=IFCDIRECTION((0.,0.,1.));
#169=IFCEXTRUDEDAREASOLID(#165,#167,#168,2466.2120743304699);
#170=IFCSHAPEREPRESENTATION(#7,'Body','SweptSolid',(#169));
#171=IFCCARTESIANPOINT((0.,0.,0.));
#172=IFCAXIS2PLACEMENT3D(#171,$,$);
#173=IFCREPRESENTATIONMAP(#172,#170);
#174=IFCBOILERTYPE('3S1fxU8I1RaKOlivZhfRUX',$,'\X2\041A043E04420451043B\X0\-\X2\044304420438043B0438043704300442043E0440\X0\','\X2\041E0445043B0430043604340435043D04380435\X0\ \X2\0438\X0\ \X2\04400435043A0443043F04350440043004460438044F\X0\ \X2\04420435043F043B0430\X0\ \X2\043E04420445043E0434044F044904350433043E\X0\ \X2\0433043004370430\X0\, \X2\0443043B04300432043B043804320430043D04380435\X0\ \X2\00AB0433044004430431043E043900BB\X0\ \X2\043F044B043B0438\X0\',$,(#162),(#173),'\X2\041E0412042D\X0\75-\X2\041B\X0\1-16','\X2\041304300437043E043E0447043804410442043A0430\X0\',.USERDEFINED.);
#175=IFCPROPERTYSINGLEVALUE('\X2\041D04300438043C0435043D043E04320430043D04380435\X0\',$,IFCTEXT('\X2\041E04340438043D043E0447043D044B0439\X0\ \X2\04460438043A043B043E043D\X0\'),$);
#176=IFCPROPERTYSINGLEVALUE('\X2\041B043E0442\X0\',$,IFCINTEGER(1),$);
#177=IFCPROPERTYSINGLEVALUE('\X2\041C043004420435044004380430043B\X0\',$,IFCTEXT('\X2\042104420430043B044C\X0\ 12\X2\0425\X0\18\X2\041D\X0\10\X2\0422\X0\'),$);
#178=IFCPROPERTYSINGLEVALUE('\X2\041A043E043B043804470435044104420432043E\X0\',$,IFCINTEGER(1),$);
#179=IFCPROPERTYSET('02BAnS2OATR5qkUE0jWvma',$,'Pset_KVANT_LOI',$,(#175,#176,#177,#178));
#180=IFCCARTESIANPOINT((0.,0.));
#181=IFCAXIS2PLACEMENT2D(#180,$);
#182=IFCRECTANGLEPROFILEDEF(.AREA.,$,#181,2040.827550958674,2040.827550958674);
#183=IFCCARTESIANPOINT((0.,0.,0.));
#184=IFCAXIS2PLACEMENT3D(#183,$,$);
#185=IFCDIRECTION((0.,0.,1.));
#186=IFCEXTRUDEDAREASOLID(#182,#184,#185,2040.827550958674);
#187=IFCSHAPEREPRESENTATION(#7,'Body','SweptSolid',(#186));
#188=IFCCARTESIANPOINT((0.,0.,0.));
#189=IFCAXIS2PLACEMENT3D(#188,$,$);
#190=IFCREPRESENTATIONMAP(#189,#187);
#191=IFCFILTERTYPE('2d1KDNxxMEXunYNLqfbklX',$,'\X2\041E04340438043D043E0447043D044B0439\X0\ \X2\04460438043A043B043E043D\X0\','\X2\041E0447043804410442043A0430\X0\ \X2\0433043004370430\X0\ \X2\043E0442\X0\ \X2\043F044B043B0438\X0\',$,(#179),(#190),'\X2\041E0412042D\X0\75-\X2\041B\X0\1-17','\X2\04210426041D\X0\-50-1800\X2\00D7\X0\1\X2\0423041F\X0\',.USERDEFINED.);
#192=IFCPROPERTYSINGLEVALUE('\X2\041D04300438043C0435043D043E04320430043D04380435\X0\',$,IFCTEXT('\X2\042104430445043E0439\X0\ \X2\044D043B0435043A04420440043E04440438043B044C04420440\X0\'),$);
#193=IFCPROPERTYSINGLEVALUE('\X2\041B043E0442\X0\',$,IFCINTEGER(1),$);
#194=IFCPROPERTYSINGLEVALUE('\X2\041C043E0449043D043E04410442044C\X0\_\X2\043A04120442\X0\',$,IFCTEXT('0,4\X2\00D7\X0\80 \X2\043A0412\X0\'),$);
#195=IFCPROPERTYSINGLEVALUE('\X2\041C043004420435044004380430043B\X0\',$,IFCTEXT('\X2\042104420430043B044C\X0\ 12\X2\0425\X0\18\X2\041D\X0\10\X2\0422\X0\'),$);
#196=IFCPROPERTYSINGLEVALUE('\X2\041A043E043B043804470435044104420432043E\X0\',$,IFCINTEGER(2),$);
#197=IFCPROPERTYSET('2c_I8g2xSEMTsmb2xp_H$p',$,'Pset_KVANT_LOI',$,(#192,#193,#194,#195,#196));
#198=IFCCARTESIANPOINT((0.,0.));
#199=IFCAXIS2PLACEMENT2D(#198,$);
#200=IFCRECTANGLEPROFILEDEF(.AREA.,$,#199,2154.4346900318837,2154.4346900318837);
#201=IFCCARTESIANPOINT((0.,0.,0.));
#202=IFCAXIS2PLACEMENT3D(#201,$,$);
#203=IFCDIRECTION((0.,0.,1.));
#204=IFCEXTRUDEDAREASOLID(#200,#202,#203,2154.4346900318837);
#205=IFCSHAPEREPRESENTATION(#7,'Body','SweptSolid',(#204));
#206=IFCCARTESIANPOINT((0.,0.,0.));
#207=IFCAXIS2PLACEMENT3D(#206,$,$);
#208=IFCREPRESENTATIONMAP(#207,#205);
#209=IFCFILTERTYPE('3fE7k3hP7oc6pAZUvHV8Mi',$,'\X2\042104430445043E0439\X0\ \X2\044D043B0435043A04420440043E04440438043B044C04420440\X0\','\X2\041E0447043804410442043A0430\X0\ \X2\0433043004370430\X0\ \X2\043E0442\X0\ \X2\043F044B043B0438\X0\',$,(#197),(#208),'\X2\041E0412042D\X0\75-\X2\041B\X0\1-18','\X2\042304130422\X0\1-20-4',.USERDEFINED.);
#210=IFCPROPERTYSINGLEVALUE('\X2\041D04300438043C0435043D043E04320430043D04380435\X0\',$,IFCTEXT('\X2\0414044B043C043E0441043E0441\X0\'),$);
#211=IFCPROPERTYSINGLEVALUE('\X2\041B043E0442\X0\',$,IFCINTEGER(1),$);
#212=IFCPROPERTYSINGLEVALUE('\X2\041C043E0449043D043E04410442044C\X0\_\X2\043A04120442\X0\',$,IFCTEXT('400 \X2\043A04120442\X0\, 6000 \X2\0412\X0\'),$);
#213=IFCPROPERTYSINGLEVALUE('\X2\041C043004420435044004380430043B\X0\',$,IFCTEXT('\X2\042104420430043B044C\X0\ 12\X2\0425\X0\18\X2\041D\X0\10\X2\0422\X0\'),$);
#214=IFCPROPERTYSINGLEVALUE('\X2\041A043E043B043804470435044104420432043E\X0\',$,IFCINTEGER(2),$);
#215=IFCPROPERTYSET('2V3ZNP5BujuNG$MSHcUIrl',$,'Pset_KVANT_LOI',$,(#210,#211,#212,#213,#214));
#216=IFCFANTYPE('1enssckXlLahytaz9SeFBu',$,'\X2\0414044B043C043E0441043E0441\X0\','\X2\041F043504400435043C043504490435043D04380435\X0\ \X2\0433043004370430\X0\ \X2\043F043E\X0\ \X2\043304300437043E0432043E043C0443\X0\ \X2\044204400430043A04420443\X0\, \X2\043F043E0434043004470430\X0\ \X2\043E0447043804490435043D043D043E0433043E\X0\ \X2\0433043004370430\X0\ \X2\0432\X0\ \X2\0421041A0426\X0\',$,(#215),$,'\X2\041E0412042D\X0\75-\X2\041B\X0\1-19','\X2\0414041D\X0\-15\X2\0411041D0416\X0\',.USERDEFINED.);
#217=IFCPROPERTYSINGLEVALUE('\X2\041D04300438043C0435043D043E04320430043D04380435\X0\',$,IFCTEXT('\X2\0428043D0435043A043E0432044B0439\X0\ \X2\0445043E043B043E04340438043B044C043D0438043A\X0\ \X2\043E043304300440043A0430\X0\ \X2\0438\X0\ \X2\0433044004430431043E0439\X0\ \X2\043F044B043B0438\X0\'),$);
#218=IFCPROPERTYSINGLEVALUE('\X2\041B043E0442\X0\',$,IFCINTEGER(1),$);
#219=IFCPROPERTYSINGLEVALUE('\X2\041C043E0449043D043E04410442044C\X0\_\X2\043A04120442\X0\',$,IFCREAL(15.),$);
#220=IFCPROPERTYSINGLEVALUE('\X2\041C043004420435044004380430043B\X0\',$,IFCTEXT('\X2\042104420430043B044C\X0\ 316'),$);
#221=IFCPROPERTYSINGLEVALUE('\X2\041A043E043B043804470435044104420432043E\X0\',$,IFCINTEGER(1),$);
#222=IFCPROPERTYSET('0$aV_GxSrzuIBfi04txPet',$,'Pset_KVANT_LOI',$,(#217,#218,#219,#220,#221));
#223=IFCCARTESIANPOINT((0.,0.));
#224=IFCAXIS2PLACEMENT2D(#223,$);
#225=IFCRECTANGLEPROFILEDEF(.AREA.,$,#224,7315.,610.);
#226=IFCCARTESIANPOINT((0.,0.,0.));
#227=IFCAXIS2PLACEMENT3D(#226,$,$);
#228=IFCDIRECTION((0.,0.,1.));
#229=IFCEXTRUDEDAREASOLID(#225,#227,#228,610.);
#230=IFCSHAPEREPRESENTATION(#7,'Body','SweptSolid',(#229));
#231=IFCCARTESIANPOINT((0.,0.,0.));
#232=IFCAXIS2PLACEMENT3D(#231,$,$);
#233=IFCREPRESENTATIONMAP(#232,#230);
#234=IFCHEATEXCHANGERTYPE('0kdPSyr7qf7fTVE9o9aaIE',$,'\X2\0428043D0435043A043E0432044B0439\X0\ \X2\0445043E043B043E04340438043B044C043D0438043A\X0\ \X2\043E043304300440043A0430\X0\ \X2\0438\X0\ \X2\0433044004430431043E0439\X0\ \X2\043F044B043B0438\X0\','\X2\041E0445043B0430043604340435043D04380435\X0\ \X2\043E043304300440043A0430\X0\ \X2\0438\X0\ \X2\043F044B043B0438\X0\ \X2\041A0423\X0\ \X2\0438\X0\ \X2\043E04340438043D043E0447043D043E0433043E\X0\ \X2\04460438043A043B043E043D0430\X0\ \X2\0434043E\X0\ 70 \X2\00B00421\X0\',$,(#222),(#233),'\X2\041E0412042D\X0\75-\X2\041B\X0\1-20','D2424-6',.USERDEFINED.);
#235=IFCPROPERTYSINGLEVALUE('\X2\041D04300438043C0435043D043E04320430043D04380435\X0\',$,IFCTEXT('\X2\0428043D0435043A043E0432044B0439\X0\ \X2\0445043E043B043E04340438043B044C043D0438043A\X0\ \X2\0442043E043D043A043E0439\X0\ \X2\043F044B043B0438\X0\'),$);
#236=IFCPROPERTYSINGLEVALUE('\X2\041B043E0442\X0\',$,IFCINTEGER(1),$);
#237=IFCPROPERTYSINGLEVALUE('\X2\041C043004420435044004380430043B\X0\',$,IFCTEXT('\X2\042104420430043B044C\X0\ 316'),$);
#238=IFCPROPERTYSINGLEVALUE('\X2\041A043E043B043804470435044104420432043E\X0\',$,IFCINTEGER(1),$);
#239=IFCPROPERTYSET('3dRUYUinnStWHRlAQGpj$Q',$,'Pset_KVANT_LOI',$,(#235,#236,#237,#238));
#240=IFCCARTESIANPOINT((0.,0.));
#241=IFCAXIS2PLACEMENT2D(#240,$);
#242=IFCRECTANGLEPROFILEDEF(.AREA.,$,#241,3048.,187.);
#243=IFCCARTESIANPOINT((0.,0.,0.));
#244=IFCAXIS2PLACEMENT3D(#243,$,$);
#245=IFCDIRECTION((0.,0.,1.));
#246=IFCEXTRUDEDAREASOLID(#242,#244,#245,187.);
#247=IFCSHAPEREPRESENTATION(#7,'Body','SweptSolid',(#246));
#248=IFCCARTESIANPOINT((0.,0.,0.));
#249=IFCAXIS2PLACEMENT3D(#248,$,$);
#250=IFCREPRESENTATIONMAP(#249,#247);
#251=IFCHEATEXCHANGERTYPE('0IBwvaMpMFL27LTlR3n2bn',$,'\X2\0428043D0435043A043E0432044B0439\X0\ \X2\0445043E043B043E04340438043B044C043D0438043A\X0\ \X2\0442043E043D043A043E0439\X0\ \X2\043F044B043B0438\X0\','\X2\041E0445043B0430043604340435043D04380435\X0\ \X2\043F044B043B0438\X0\ \X2\044D043B0435043A04420440043E04440438043B044C044204400430\X0\ \X2\0434043E\X0\ 70 \X2\00B00421\X0\',$,(#239),(#250),'\X2\041E0412042D\X0\75-\X2\041B\X0\1-21','S710-4',.USERDEFINED.);
#252=IFCPROPERTYSINGLEVALUE('\X2\041D04300438043C0435043D043E04320430043D04380435\X0\',$,IFCTEXT('\X2\041F044004380451043C043D044B0439\X0\ \X2\04310443043D043A04350440\X0\ \X2\043E0445043B0430043604340451043D043D043E0433043E\X0\ \X2\043E043304300440043A0430\X0\ \X2\0438\X0\ \X2\0433044004430431043E0439\X0\ \X2\043F044B043B0438\X0\'),$);
#253=IFCPROPERTYSINGLEVALUE('\X2\041B043E0442\X0\',$,IFCINTEGER(1),$);
#254=IFCPROPERTYSINGLEVALUE('\X2\041C043004420435044004380430043B\X0\',$,IFCTEXT('\X2\04230433043B04350440043E04340438044104420430044F\X0\ \X2\044104420430043B044C\X0\, \X2\04440443044204350440043E0432043A0430\X0\ \X2\043F043E043B0438044D04420438043B0435043D043E043C\X0\ \X2\04200415\X0\500'),$);
#255=IFCPROPERTYSINGLEVALUE('\X2\041A043E043B043804470435044104420432043E\X0\',$,IFCINTEGER(1),$);
#256=IFCPROPERTYSET('2lugNLNRnGtp3CLMPwcOWL',$,'Pset_KVANT_LOI',$,(#252,#253,#254,#255));
#257=IFCTANKTYPE('0xtbpn0PWQtNA$PuAU3DcV',$,'\X2\041F044004380451043C043D044B0439\X0\ \X2\04310443043D043A04350440\X0\ \X2\043E0445043B0430043604340451043D043D043E0433043E\X0\ \X2\043E043304300440043A0430\X0\ \X2\0438\X0\ \X2\0433044004430431043E0439\X0\ \X2\043F044B043B0438\X0\','\X2\041104350441043F0435044004350431043E0439043D043E0435\X0\ \X2\043F043804420430043D04380435\X0\ \X2\0430043F043F0430044004300442043E0432\X0\ \X2\0413041C0423\X0\; \X2\043E04420433044004430437043A0430\X0\ \X2\0432\X0\ \X2\043004320442043E04460435043C0435043D0442043E0432043E0437044B\X0\',$,(#256),$,'\X2\041E0412042D\X0\75-\X2\041B\X0\1-22','\X2\04220438043F0430\X0\ \X2\04410438043B043E0441043D043E0439\X0\ \X2\043104300448043D0438\X0\',.USERDEFINED.);
#258=IFCPROPERTYSINGLEVALUE('\X2\041D04300438043C0435043D043E04320430043D04380435\X0\',$,IFCTEXT('\X2\041F044004380451043C043D044B0439\X0\ \X2\04310443043D043A04350440\X0\ \X2\043E0445043B0430043604340451043D043D043E0439\X0\ \X2\0442043E043D043A043E0439\X0\ \X2\043F044B043B0438\X0\'),$);
#259=IFCPROPERTYSINGLEVALUE('\X2\041B043E0442\X0\',$,IFCINTEGER(1),$);
#260=IFCPROPERTYSINGLEVALUE('\X2\041C043004420435044004380430043B\X0\',$,IFCTEXT('\X2\04230433043B04350440043E04340438044104420430044F\X0\ \X2\044104420430043B044C\X0\, \X2\04440443044204350440043E0432043A0430\X0\ \X2\043F043E043B0438044D04420438043B0435043D043E043C\X0\ \X2\04200415\X0\500'),$);
#261=IFCPROPERTYSINGLEVALUE('\X2\041A043E043B043804470435044104420432043E\X0\',$,IFCINTEGER(1),$);
#262=IFCPROPERTYSET('1nGjGuHa6S1FggNuOfuN_C',$,'Pset_KVANT_LOI',$,(#258,#259,#260,#261));
#263=IFCTANKTYPE('3tnjamRPoqbHUAp9cw1Lm9',$,'\X2\041F044004380451043C043D044B0439\X0\ \X2\04310443043D043A04350440\X0\ \X2\043E0445043B0430043604340451043D043D043E0439\X0\ \X2\0442043E043D043A043E0439\X0\ \X2\043F044B043B0438\X0\','\X2\041104350441043F0435044004350431043E0439043D043E0435\X0\ \X2\043F043804420430043D04380435\X0\ \X2\0430043F043F0430044004300442043E0432\X0\ \X2\0413041C0423\X0\; \X2\043E04420433044004430437043A0430\X0\ \X2\0432\X0\ \X2\043004320442043E04460435043C0435043D0442043E0432043E0437044B\X0\',$,(#262),$,'\X2\041E0412042D\X0\75-\X2\041B\X0\1-23','\X2\04220438043F0430\X0\ \X2\04410438043B043E0441043D043E0439\X0\ \X2\043104300448043D0438\X0\',.USERDEFINED.);
#264=IFCPROPERTYSINGLEVALUE('\X2\041D04300438043C0435043D043E04320430043D04380435\X0\',$,IFCTEXT('\X2\041104300440043004310430043D043D044B0435\X0\ \X2\04320430043A04430443043C\X0\-\X2\04440438043B044C04420440044B\X0\ \X2\0434043B044F\X0\ \X2\043F0443043B044C043F044B\X0\ \X2\043C04350434043D043E0433043E\X0\ \X2\043A043E043D04460435043D04420440043004420430\X0\'),$);
#265=IFCPROPERTYSINGLEVALUE('\X2\041B043E0442\X0\',$,IFCINTEGER(1),$);
#266=IFCPROPERTYSINGLEVALUE('\X2\041A043E043B043804470435044104420432043E\X0\',$,IFCTEXT('\X2\04230442043E0447043D044F043504420441044F\X0\ \X2\0432\X0\ \X2\04110418\X0\'),$);
#267=IFCPROPERTYSET('0Orr2vM3twa6WytHiiGJ45',$,'Pset_KVANT_LOI',$,(#264,#265,#266));
#268=IFCFILTERTYPE('1J4Jem5BciziKOhxZw$78p',$,'\X2\041104300440043004310430043D043D044B0435\X0\ \X2\04320430043A04430443043C\X0\-\X2\04440438043B044C04420440044B\X0\ \X2\0434043B044F\X0\ \X2\043F0443043B044C043F044B\X0\ \X2\043C04350434043D043E0433043E\X0\ \X2\043A043E043D04460435043D04420440043004420430\X0\','\X2\041E0431043504370432043E0436043804320430043D04380435\X0\ \X2\043F0443043B044C043F044B\X0\ \X2\04410433044304490451043D043D043E0433043E\X0\ \X2\043C04350434043D043E0433043E\X0\ \X2\043A043E043D04460435043D04420440043004420430\X0\ \X2\041E04200424\X0\ (\X2\0432043B04300436043D043E04410442044C\X0\ \X2\043A0435043A0430\X0\ 10 %) \X2\0441\X0\ \X2\04410438044104420435043C043E0439\X0\ \X2\04320430043A04430443043C04380440043E04320430043D0438044F\X0\, \X2\043E04420432043E04340430\X0\ \X2\04440438043B044C04420440043004420430\X0\ \X2\0438\X0\ \X2\0432044B0433044004430437043A0438\X0\ \X2\043A0435043A0430\X0\ \X2\0432\X0\ \X2\0448043D0435043A043E0432044B0439\X0\ \X2\0441043C04350441043804420435043B044C\X0\',$,(#267),$,'\X2\041E0412042D\X0\75-\X2\041B\X0\1-24','\X2\04240438043B044C04420440043004460438044F\X0\ \X2\043A043E043D04460435043D04420440043004420430\X0\',.USERDEFINED.);
#269=IFCPROPERTYSINGLEVALUE('\X2\041D04300438043C0435043D043E04320430043D04380435\X0\',$,IFCTEXT('\X2\0401043C043A043E04410442044C\X0\ \X2\043F044004380451043C0430\X0\ \X2\04440438043B044C04420440043004420430\X0\ \X2\043F043E0441043B0435\X0\ \X2\04320430043A04430443043C\X0\-\X2\04440438043B044C044204400430\X0\ \X2\0441\X0\ \X2\043D04300441043E0441043D044B043C\X0\ \X2\043E0431043E044004430434043E04320430043D04380435043C\X0\'),$);
#270=IFCPROPERTYSINGLEVALUE('\X2\041B043E0442\X0\',$,IFCINTEGER(1),$);
#271=IFCPROPERTYSINGLEVALUE('\X2\041A043E043B043804470435044104420432043E\X0\',$,IFCTEXT('\X2\041A043E043C043F043B0435043A0442\X0\'),$);
#272=IFCPROPERTYSET('039yc_jjkM8I2FROsAL3sm',$,'Pset_KVANT_LOI',$,(#269,#270,#271));
#273=IFCTANKTYPE('1fU5U_r9rRqSoDznM27Y6D',$,'\X2\0401043C043A043E04410442044C\X0\ \X2\043F044004380451043C0430\X0\ \X2\04440438043B044C04420440043004420430\X0\ \X2\043F043E0441043B0435\X0\ \X2\04320430043A04430443043C\X0\-\X2\04440438043B044C044204400430\X0\ \X2\0441\X0\ \X2\043D04300441043E0441043D044B043C\X0\ \X2\043E0431043E044004430434043E04320430043D04380435043C\X0\','\X2\041F044004380451043C\X0\ \X2\0438\X0\ \X2\043E0442043A04300447043A0430\X0\ \X2\04440438043B044C04420440043004420430\X0\',$,(#272),$,'\X2\041E0412042D\X0\75-\X2\041B\X0\1-25','\X2\04240438043B044C04420440043004460438044F\X0\ \X2\043A043E043D04460435043D04420440043004420430\X0\',.USERDEFINED.);
#274=IFCPROPERTYSINGLEVALUE('\X2\041D04300438043C0435043D043E04320430043D04380435\X0\',$,IFCTEXT('\X2\04200443043A04300432043D044B0439\X0\ \X2\04440438043B044C04420440\X0\(\X2\044B\X0\) \X2\04300441043F043804400430044604380438\X0\'),$);
#275=IFCPROPERTYSINGLEVALUE('\X2\041B043E0442\X0\',$,IFCINTEGER(1),$);
#276=IFCPROPERTYSINGLEVALUE('\X2\041A043E043B043804470435044104420432043E\X0\',$,IFCTEXT('\X2\04230442043E0447043D044F043504420441044F\X0\ \X2\0432\X0\ \X2\04110418\X0\'),$);
#277=IFCPROPERTYSET('1OJg9CYpFN3qOJpxn_VF3A',$,'Pset_KVANT_LOI',$,(#274,#275,#276));
#278=IFCFILTERTYPE('0YQRdjg87QlqjOXo5XkXEi',$,'\X2\04200443043A04300432043D044B0439\X0\ \X2\04440438043B044C04420440\X0\(\X2\044B\X0\) \X2\04300441043F043804400430044604380438\X0\','\X2\041E0447043804410442043A0430\X0\ \X2\04300441043F04380440043004460438043E043D043D044B0445\X0\ \X2\043304300437043E0432\X0\ \X2\043E0442\X0\ \X2\043E0431043E044004430434043E04320430043D0438044F\X0\',$,(#277),$,'\X2\041E0412042D\X0\75-\X2\041B\X0\1-26','\X2\04100441043F04380440043004460438044F\X0\',.USERDEFINED.);
#279=IFCPROPERTYSINGLEVALUE('\X2\041D04300438043C0435043D043E04320430043D04380435\X0\',$,IFCTEXT('\X2\0414044B043C043E0441043E0441\X0\(\X2\044B\X0\) \X2\04300441043F043804400430044604380438\X0\'),$);
#280=IFCPROPERTYSINGLEVALUE('\X2\041B043E0442\X0\',$,IFCINTEGER(1),$);
#281=IFCPROPERTYSINGLEVALUE('\X2\041A043E043B043804470435044104420432043E\X0\',$,IFCTEXT('\X2\04230442043E0447043D044F043504420441044F\X0\ \X2\0432\X0\ \X2\04110418\X0\'),$);
#282=IFCPROPERTYSET('2te5abp5XT4OSgTRB9Qi73',$,'Pset_KVANT_LOI',$,(#279,#280,#281));
#283=IFCFANTYPE('2nWw2tiMg76VUffQ1Z4Od_',$,'\X2\0414044B043C043E0441043E0441\X0\(\X2\044B\X0\) \X2\04300441043F043804400430044604380438\X0\','\X2\042D04320430043A0443043004460438044F\X0\ \X2\04300441043F04380440043004460438043E043D043D044B0445\X0\ \X2\043304300437043E0432\X0\ \X2\0438\X0\ \X2\044104310440043E0441\X0\ \X2\043E0447043804490435043D043D043E0433043E\X0\ \X2\0433043004370430\X0\ \X2\043D0430\X0\ \X2\04410432043504470443\X0\',$,(#282),$,'\X2\041E0412042D\X0\75-\X2\041B\X0\1-27','\X2\04100441043F04380440043004460438044F\X0\',.USERDEFINED.);
#284=IFCPROPERTYSINGLEVALUE('\X2\041F043E0437043804460438044F\X0\',$,IFCIDENTIFIER('4.1.1'),$);
#285=IFCPROPERTYSINGLEVALUE('\X2\041D04300438043C0435043D043E04320430043D04380435\X0\',$,IFCTEXT('\X2\04180441043F04300440043804420435043B044C\X0\ I \X2\044104420443043F0435043D0438\X0\ (\X2\0432044B043F04300440043D043E0439\X0\ \X2\0430043F043F0430044004300442\X0\)'),$);
#286=IFCPROPERTYSINGLEVALUE('\X2\041B043E0442\X0\',$,IFCINTEGER(2),$);
#287=IFCPROPERTYSINGLEVALUE('\X2\041C043004420435044004380430043B\X0\',$,IFCTEXT('\X2\042104420430043B044C\X0\ 904L \X2\0438043B0438\X0\ \X2\0430043D0430043B043E0433\X0\'),$);
#288=IFCPROPERTYSINGLEVALUE('\X2\041A043E043B043804470435044104420432043E\X0\',$,IFCTEXT('1 (1 \X2\043D04380442043A0430\X0\)'),$);
#289=IFCPROPERTYSET('13_r49qrGEQwINwRUqWQ_b',$,'Pset_KVANT_LOI',$,(#284,#285,#286,#287,#288));
#290=IFCCARTESIANPOINT((0.,0.));
#291=IFCAXIS2PLACEMENT2D(#290,$);
#292=IFCRECTANGLEPROFILEDEF(.AREA.,$,#291,2000.,2000.);
#293=IFCCARTESIANPOINT((0.,0.,0.));
#294=IFCAXIS2PLACEMENT3D(#293,$,$);
#295=IFCDIRECTION((0.,0.,1.));
#296=IFCEXTRUDEDAREASOLID(#292,#294,#295,2000.);
#297=IFCSHAPEREPRESENTATION(#7,'Body','SweptSolid',(#296));
#298=IFCCARTESIANPOINT((0.,0.,0.));
#299=IFCAXIS2PLACEMENT3D(#298,$,$);
#300=IFCREPRESENTATIONMAP(#299,#297);
#301=IFCEVAPORATORTYPE('1kmsCmhzOgoMd1C_81PcEr',$,'\X2\04180441043F04300440043804420435043B044C\X0\ I \X2\044104420443043F0435043D0438\X0\ (\X2\0432044B043F04300440043D043E0439\X0\ \X2\0430043F043F0430044004300442\X0\)','\X2\04120430043A04430443043C043D0430044F\X0\ \X2\043A04400438044104420430043B043B04380437043004460438044F\X0\ \X2\043E0431043E0440043E0442043D043E0433043E\X0\ \X2\043C04350434043D043E0433043E\X0\ \X2\043A0443043F043E0440043E04410430\X0\, I \X2\044104420443043F0435043D044C\X0\',$,(#289),(#300),'\X2\041E0412042D\X0\75-\X2\041B\X0\2-28','\X2\0423042304210421\X0\: \X2\04380441043F04300440043804420435043B044C\X0\ EV-2 \X2\0441\X0\ \X2\0432044B043D043E0441043D044B043C\X0\ \X2\043D04300433044004350432043004420435043B0435043C\X0\',.USERDEFINED.);
#302=IFCPROPERTYSINGLEVALUE('\X2\041F043E0437043804460438044F\X0\',$,IFCIDENTIFIER('4.1.2'),$);
#303=IFCPROPERTYSINGLEVALUE('\X2\041D04300438043C0435043D043E04320430043D04380435\X0\',$,IFCTEXT('\X2\04180441043F04300440043804420435043B044C\X0\ II \X2\044104420443043F0435043D0438\X0\ (\X2\0432044B043F04300440043D043E0439\X0\ \X2\0430043F043F0430044004300442\X0\)'),$);
#304=IFCPROPERTYSINGLEVALUE('\X2\041B043E0442\X0\',$,IFCINTEGER(2),$);
#305=IFCPROPERTYSINGLEVALUE('\X2\041C043004420435044004380430043B\X0\',$,IFCTEXT('\X2\042104420430043B044C\X0\ 904L \X2\0438043B0438\X0\ \X2\0430043D0430043B043E0433\X0\'),$);
#306=IFCPROPERTYSINGLEVALUE('\X2\041A043E043B043804470435044104420432043E\X0\',$,IFCINTEGER(1),$);
#307=IFCPROPERTYSET('12zPsZRIlT62luhhWnNNiV',$,'Pset_KVANT_LOI',$,(#302,#303,#304,#305,#306));
#308=IFCCARTESIANPOINT((0.,0.));
#309=IFCAXIS2PLACEMENT2D(#308,$);
#310=IFCRECTANGLEPROFILEDEF(.AREA.,$,#309,2000.,2000.);
#311=IFCCARTESIANPOINT((0.,0.,0.));
#312=IFCAXIS2PLACEMENT3D(#311,$,$);
#313=IFCDIRECTION((0.,0.,1.));
#314=IFCEXTRUDEDAREASOLID(#310,#312,#313,2000.);
#315=IFCSHAPEREPRESENTATION(#7,'Body','SweptSolid',(#314));
#316=IFCCARTESIANPOINT((0.,0.,0.));
#317=IFCAXIS2PLACEMENT3D(#316,$,$);
#318=IFCREPRESENTATIONMAP(#317,#315);
#319=IFCEVAPORATORTYPE('2EFCp0wjs7oB6ZhJFtpq$a',$,'\X2\04180441043F04300440043804420435043B044C\X0\ II \X2\044104420443043F0435043D0438\X0\ (\X2\0432044B043F04300440043D043E0439\X0\ \X2\0430043F043F0430044004300442\X0\)','\X2\04120430043A04430443043C043D0430044F\X0\ \X2\043A04400438044104420430043B043B04380437043004460438044F\X0\ \X2\043C04350434043D043E0433043E\X0\ \X2\043A0443043F043E0440043E04410430\X0\, II \X2\044104420443043F0435043D044C\X0\',$,(#307),(#318),'\X2\041E0412042D\X0\75-\X2\041B\X0\2-29','\X2\0423042304210421\X0\: \X2\04380441043F04300440043804420435043B044C\X0\ EV-2 \X2\0441\X0\ \X2\043F04400438043D04430434043804420435043B044C043D043E0439\X0\ \X2\044604380440043A0443043B044F0446043804350439\X0\, \X2\043F043E0434\X0\ \X2\0434043E043F\X0\. \X2\0440043004370440043504360435043D04380435043C\X0\',.USERDEFINED.);
#320=IFCPROPERTYSINGLEVALUE('\X2\041F043E0437043804460438044F\X0\',$,IFCIDENTIFIER('4.1.2'),$);
#321=IFCPROPERTYSINGLEVALUE('\X2\041D04300438043C0435043D043E04320430043D04380435\X0\',$,IFCTEXT('\X2\041F04300440043E0432043E0439\X0\ \X2\044D04360435043A0442043E0440\X0\'),$);
#322=IFCPROPERTYSINGLEVALUE('\X2\041B043E0442\X0\',$,IFCINTEGER(2),$);
#323=IFCPROPERTYSINGLEVALUE('\X2\041C043004420435044004380430043B\X0\',$,IFCTEXT('\X2\042104420430043B044C\X0\ 904L \X2\0438043B0438\X0\ \X2\0430043D0430043B043E0433\X0\'),$);
#324=IFCPROPERTYSINGLEVALUE('\X2\041A043E043B043804470435044104420432043E\X0\',$,IFCINTEGER(1),$);
#325=IFCPROPERTYSET('28taaa_FdKwQLVYyw7G_tC',$,'Pset_KVANT_LOI',$,(#320,#321,#322,#323,#324));
#326=IFCPUMPTYPE('3Uwv6cw6rr6agZn_g1E_Zw',$,'\X2\041F04300440043E0432043E0439\X0\ \X2\044D04360435043A0442043E0440\X0\','\X2\0421043E043704340430043D04380435\X0\ \X2\0433043B04430431043E043A043E0433043E\X0\ \X2\0440043004370440043504360435043D0438044F\X0\ \X2\043D0430\X0\ II \X2\044104420443043F0435043D0438\X0\',$,(#325),$,'\X2\041E0412042D\X0\75-\X2\041B\X0\2-30','\X2\041A04400438044104420430043B043B04380437043004460438044F\X0\ \X2\043C04350434043D043E0433043E\X0\ \X2\043A0443043F043E0440043E04410430\X0\',.USERDEFINED.);
#327=IFCPROPERTYSINGLEVALUE('\X2\041F043E0437043804460438044F\X0\',$,IFCIDENTIFIER('4.1.3'),$);
#328=IFCPROPERTYSINGLEVALUE('\X2\041D04300438043C0435043D043E04320430043D04380435\X0\',$,IFCTEXT('\X2\041104300440043E043C0435044204400438044704350441043A04380439\X0\ \X2\043A043E043D04340435043D044104300442043E0440\X0\'),$);
#329=IFCPROPERTYSINGLEVALUE('\X2\041B043E0442\X0\',$,IFCINTEGER(2),$);
#330=IFCPROPERTYSINGLEVALUE('\X2\041A043E043B043804470435044104420432043E\X0\',$,IFCINTEGER(1),$);
#331=IFCPROPERTYSET('02Ulg6_BriLoSDGsojAoPd',$,'Pset_KVANT_LOI',$,(#327,#328,#329,#330));
#332=IFCCONDENSERTYPE('1GqiJtlCMtEbaxhUSHzGib',$,'\X2\041104300440043E043C0435044204400438044704350441043A04380439\X0\ \X2\043A043E043D04340435043D044104300442043E0440\X0\','\X2\041A043E043D04340435043D0441043004460438044F\X0\ \X2\0441043E043A043E0432043E0433043E\X0\ \X2\043F043004400430\X0\ \X2\04380441043F04300440043804420435043B04350439\X0\ \X2\0438\X0\ \X2\043F043004400430\X0\ \X2\044D04360435043A0442043E04400430\X0\, \X2\043E0440043E04480435043D04380435\X0\ \X2\0445043E043B043E0434043D043E0439\X0\ \X2\043E0431043E0440043E0442043D043E0439\X0\ \X2\0432043E0434043E0439\X0\',$,(#331),$,'\X2\041E0412042D\X0\75-\X2\041B\X0\2-31','\X2\041A04400438044104420430043B043B04380437043004460438044F\X0\ \X2\043C04350434043D043E0433043E\X0\ \X2\043A0443043F043E0440043E04410430\X0\',.USERDEFINED.);
#333=IFCPROPERTYSINGLEVALUE('\X2\041F043E0437043804460438044F\X0\',$,IFCIDENTIFIER('4.1.4'),$);
#334=IFCPROPERTYSINGLEVALUE('\X2\041D04300438043C0435043D043E04320430043D04380435\X0\',$,IFCTEXT('\X2\04200435043F0443043B044C043F04300442043E0440\X0\ (\X2\044004350430043A0442043E0440\X0\ \X2\0441\X0\ \X2\043C043504480430043B043A043E0439\X0\)'),$);
#335=IFCPROPERTYSINGLEVALUE('\X2\041B043E0442\X0\',$,IFCINTEGER(2),$);
#336=IFCPROPERTYSINGLEVALUE('\X2\041C043004420435044004380430043B\X0\',$,IFCTEXT('\X2\042104420430043B044C\X0\ 904L \X2\0438043B0438\X0\ \X2\0430043D0430043B043E0433\X0\'),$);
#337=IFCPROPERTYSINGLEVALUE('\X2\041A043E043B043804470435044104420432043E\X0\',$,IFCINTEGER(1),$);
#338=IFCPROPERTYSET('3wAYEn9Pb35c$5DhN029VC',$,'Pset_KVANT_LOI',$,(#333,#334,#335,#336,#337));
#339=IFCCARTESIANPOINT((0.,0.));
#340=IFCAXIS2PLACEMENT2D(#339,$);
#341=IFCRECTANGLEPROFILEDEF(.AREA.,$,#340,1357.2088082974531,1357.2088082974531);
#342=IFCCARTESIANPOINT((0.,0.,0.));
#343=IFCAXIS2PLACEMENT3D(#342,$,$);
#344=IFCDIRECTION((0.,0.,1.));
#345=IFCEXTRUDEDAREASOLID(#341,#343,#344,1357.2088082974531);
#346=IFCSHAPEREPRESENTATION(#7,'Body','SweptSolid',(#345));
#347=IFCCARTESIANPOINT((0.,0.,0.));
#348=IFCAXIS2PLACEMENT3D(#347,$,$);
#349=IFCREPRESENTATIONMAP(#348,#346);
#350=IFCTANKTYPE('38vHVD8qIqIHFgbjCQbtwZ',$,'\X2\04200435043F0443043B044C043F04300442043E0440\X0\ (\X2\044004350430043A0442043E0440\X0\ \X2\0441\X0\ \X2\043C043504480430043B043A043E0439\X0\)','\X2\042504400430043D0435043D04380435\X0\ \X2\043F0443043B044C043F044B\X0\ \X2\043C04350434043D043E0433043E\X0\ \X2\043A0443043F043E0440043E04410430\X0\ \X2\043F0435044004350434\X0\ \X2\04460435043D044204400438044404430433043E0439\X0\',$,(#338),(#349),'\X2\041E0412042D\X0\75-\X2\041B\X0\2-32','\X2\041A04400438044104420430043B043B04380437043004460438044F\X0\ \X2\043C04350434043D043E0433043E\X0\ \X2\043A0443043F043E0440043E04410430\X0\',.USERDEFINED.);
#351=IFCPROPERTYSINGLEVALUE('\X2\041F043E0437043804460438044F\X0\',$,IFCIDENTIFIER('4.1.5'),$);
#352=IFCPROPERTYSINGLEVALUE('\X2\041D04300438043C0435043D043E04320430043D04380435\X0\',$,IFCTEXT('\X2\04110430043A\X0\ \X2\043C04300442043E0447043D0438043A0430\X0\'),$);
#353=IFCPROPERTYSINGLEVALUE('\X2\041B043E0442\X0\',$,IFCINTEGER(2),$);
#354=IFCPROPERTYSINGLEVALUE('\X2\041C043004420435044004380430043B\X0\',$,IFCTEXT('\X2\042104420430043B044C\X0\ 904L \X2\0438043B0438\X0\ \X2\0430043D0430043B043E0433\X0\'),$);
#355=IFCPROPERTYSINGLEVALUE('\X2\041A043E043B043804470435044104420432043E\X0\',$,IFCINTEGER(1),$);
#356=IFCPROPERTYSET('2mKVXE54J$XT85m5V8HX_p',$,'Pset_KVANT_LOI',$,(#351,#352,#353,#354,#355));
#357=IFCCARTESIANPOINT((0.,0.));
#358=IFCAXIS2PLACEMENT2D(#357,$);
#359=IFCRECTANGLEPROFILEDEF(.AREA.,$,#358,1062.6585691826112,1062.6585691826112);
#360=IFCCARTESIANPOINT((0.,0.,0.));
#361=IFCAXIS2PLACEMENT3D(#360,$,$);
#362=IFCDIRECTION((0.,0.,1.));
#363=IFCEXTRUDEDAREASOLID(#359,#361,#362,1062.6585691826112);
#364=IFCSHAPEREPRESENTATION(#7,'Body','SweptSolid',(#363));
#365=IFCCARTESIANPOINT((0.,0.,0.));
#366=IFCAXIS2PLACEMENT3D(#365,$,$);
#367=IFCREPRESENTATIONMAP(#366,#364);
#368=IFCTANKTYPE('36rH38Wz9HqZX4F600p3Ke',$,'\X2\04110430043A\X0\ \X2\043C04300442043E0447043D0438043A0430\X0\','\X2\042504400430043D0435043D04380435\X0\ \X2\043C04300442043E0447043D0438043A0430\X0\; \X2\043E0431043E04330440043504320430043504420441044F\X0\',$,(#356),(#367),'\X2\041E0412042D\X0\75-\X2\041B\X0\2-33','\X2\041A04400438044104420430043B043B04380437043004460438044F\X0\ \X2\043C04350434043D043E0433043E\X0\ \X2\043A0443043F043E0440043E04410430\X0\',.USERDEFINED.);
#369=IFCPROPERTYSINGLEVALUE('\X2\041F043E0437043804460438044F\X0\',$,IFCIDENTIFIER('4.1.6'),$);
#370=IFCPROPERTYSINGLEVALUE('\X2\041D04300438043C0435043D043E04320430043D04380435\X0\',$,IFCTEXT('\X2\041F0443043B044C0441043804400443044E04490430044F\X0\ (\X2\04440438043B044C044204400443044E04490430044F\X0\) \X2\04460435043D0442044004380444044304330430\X0\'),$);
#371=IFCPROPERTYSINGLEVALUE('\X2\041B043E0442\X0\',$,IFCINTEGER(2),$);
#372=IFCPROPERTYSINGLEVALUE('\X2\041C043004420435044004380430043B\X0\',$,IFCTEXT('\X2\042104420430043B044C\X0\ 904L \X2\0438043B0438\X0\ \X2\0430043D0430043B043E0433\X0\'),$);
#373=IFCPROPERTYSINGLEVALUE('\X2\041A043E043B043804470435044104420432043E\X0\',$,IFCINTEGER(2),$);
#374=IFCPROPERTYSET('3uBH4JjN4P_SQdpbcuUK1Z',$,'Pset_KVANT_LOI',$,(#369,#370,#371,#372,#373));
#375=IFCBUILDINGELEMENTPROXYTYPE('2x9nQgGR8RgzdMnZqMsD$d',$,'\X2\041F0443043B044C0441043804400443044E04490430044F\X0\ (\X2\04440438043B044C044204400443044E04490430044F\X0\) \X2\04460435043D0442044004380444044304330430\X0\','\X2\041E0431043504370432043E0436043804320430043D04380435\X0\ \X2\043A04400438044104420430043B043B043E0432\X0\ \X2\043C04350434043D043E0433043E\X0\ \X2\043A0443043F043E0440043E04410430\X0\, I \X2\04410442043004340438044F\X0\',$,(#374),$,'\X2\041E0412042D\X0\75-\X2\041B\X0\2-34','\X2\04240438043B044C044204400443044E04490430044F\X0\ \X2\04460435043D0442044004380444044304330430\X0\ \X2\0441\X0\ \X2\043F0443043B044C0441043804400443044E044904350439\X0\ \X2\0432044B0433044004430437043A043E0439\X0\',.USERDEFINED.);
#376=IFCPROPERTYSINGLEVALUE('\X2\041F043E0437043804460438044F\X0\',$,IFCIDENTIFIER('4.1.7'),$);
#377=IFCPROPERTYSINGLEVALUE('\X2\041D04300438043C0435043D043E04320430043D04380435\X0\',$,IFCTEXT('\X2\04200435043F0443043B044C043F04300442043E0440\X0\ \X2\04400430044104420432043E04400435043D0438044F\X0\ \X2\043A0443043F043E0440043E04410430\X0\'),$);
#378=IFCPROPERTYSINGLEVALUE('\X2\041B043E0442\X0\',$,IFCINTEGER(2),$);
#379=IFCPROPERTYSINGLEVALUE('\X2\041C043004420435044004380430043B\X0\',$,IFCTEXT('\X2\042104420430043B044C\X0\ 316L / \X2\043F043E043B0438043C04350440\X0\'),$);
#380=IFCPROPERTYSINGLEVALUE('\X2\041A043E043B043804470435044104420432043E\X0\',$,IFCINTEGER(2),$);
#381=IFCPROPERTYSET('0_5onBOyDhCP25j0dpClAD',$,'Pset_KVANT_LOI',$,(#376,#377,#378,#379,#380));
#382=IFCCARTESIANPOINT((0.,0.));
#383=IFCAXIS2PLACEMENT2D(#382,$);
#384=IFCRECTANGLEPROFILEDEF(.AREA.,$,#383,1709.9759466766968,1709.9759466766968);
#385=IFCCARTESIANPOINT((0.,0.,0.));
#386=IFCAXIS2PLACEMENT3D(#385,$,$);
#387=IFCDIRECTION((0.,0.,1.));
#388=IFCEXTRUDEDAREASOLID(#384,#386,#387,1709.9759466766968);
#389=IFCSHAPEREPRESENTATION(#7,'Body','SweptSolid',(#388));
#390=IFCCARTESIANPOINT((0.,0.,0.));
#391=IFCAXIS2PLACEMENT3D(#390,$,$);
#392=IFCREPRESENTATIONMAP(#391,#389);
#393=IFCTANKTYPE('2JAv2YizDNZ3Ed1VUoD0O5',$,'\X2\04200435043F0443043B044C043F04300442043E0440\X0\ \X2\04400430044104420432043E04400435043D0438044F\X0\ \X2\043A0443043F043E0440043E04410430\X0\','\X2\04200430044104420432043E04400435043D04380435\X0\ \X2\043C04350434043D043E0433043E\X0\ \X2\043A0443043F043E0440043E04410430\X0\ \X2\0432\X0\ \X2\04400430044104420432043E04400435\X0\ \X2\043E0442\X0\ \X2\044D043B0435043A04420440043E044D043A0441044204400430043A044604380438\X0\',$,(#381),(#392),'\X2\041E0412042D\X0\75-\X2\041B\X0\2-35','\X2\041404320430\X0\ \X2\043F043E0441043B04350434043E0432043004420435043B044C043D044B0445\X0\ \X2\0430043F043F04300440043004420430\X0\',.USERDEFINED.);
#394=IFCPROPERTYSINGLEVALUE('\X2\041F043E0437043804460438044F\X0\',$,IFCIDENTIFIER('4.1.23'),$);
#395=IFCPROPERTYSINGLEVALUE('\X2\041D04300438043C0435043D043E04320430043D04380435\X0\',$,IFCTEXT('\X2\04180441043F04300440043804420435043B044C\X0\ I \X2\044104420443043F0435043D0438\X0\'),$);
#396=IFCPROPERTYSINGLEVALUE('\X2\041B043E0442\X0\',$,IFCINTEGER(2),$);
#397=IFCPROPERTYSINGLEVALUE('\X2\041C043004420435044004380430043B\X0\',$,IFCTEXT('\X2\042104420430043B044C\X0\ 904L \X2\0438043B0438\X0\ \X2\0430043D0430043B043E0433\X0\'),$);
#398=IFCPROPERTYSINGLEVALUE('\X2\041A043E043B043804470435044104420432043E\X0\',$,IFCINTEGER(1),$);
#399=IFCPROPERTYSET('1k0it2o3Utqj4aq1vat_XN',$,'Pset_KVANT_LOI',$,(#394,#395,#396,#397,#398));
#400=IFCCARTESIANPOINT((0.,0.));
#401=IFCAXIS2PLACEMENT2D(#400,$);
#402=IFCRECTANGLEPROFILEDEF(.AREA.,$,#401,1300.,1300.);
#403=IFCCARTESIANPOINT((0.,0.,0.));
#404=IFCAXIS2PLACEMENT3D(#403,$,$);
#405=IFCDIRECTION((0.,0.,1.));
#406=IFCEXTRUDEDAREASOLID(#402,#404,#405,1300.);
#407=IFCSHAPEREPRESENTATION(#7,'Body','SweptSolid',(#406));
#408=IFCCARTESIANPOINT((0.,0.,0.));
#409=IFCAXIS2PLACEMENT3D(#408,$,$);
#410=IFCREPRESENTATIONMAP(#409,#407);
#411=IFCEVAPORATORTYPE('1xqfclJys9TEQMnEGDnSr_',$,'\X2\04180441043F04300440043804420435043B044C\X0\ I \X2\044104420443043F0435043D0438\X0\','\X2\04120430043A04430443043C043D0430044F\X0\ \X2\043A04400438044104420430043B043B04380437043004460438044F\X0\ \X2\0441043C043504480430043D043D043E0433043E\X0\ \X2\043C04350434043D043E\X0\-\X2\043D0438043A0435043B04350432043E0433043E\X0\ \X2\043A0443043F043E0440043E04410430\X0\, I \X2\044104420443043F0435043D044C\X0\, t = 40 \X2\00B00421\X0\',$,(#399),(#410),'\X2\041E0412042D\X0\75-\X2\041B\X0\2-36','\X2\041A04400438044104420430043B043B04380437043004460438044F\X0\ \X2\0441043C043504480430043D043D043E0433043E\X0\ \X2\043A0443043F043E0440043E04410430\X0\',.USERDEFINED.);
#412=IFCPROPERTYSINGLEVALUE('\X2\041F043E0437043804460438044F\X0\',$,IFCIDENTIFIER('4.1.24'),$);
#413=IFCPROPERTYSINGLEVALUE('\X2\041D04300438043C0435043D043E04320430043D04380435\X0\',$,IFCTEXT('\X2\04180441043F04300440043804420435043B044C\X0\ II \X2\044104420443043F0435043D0438\X0\'),$);
#414=IFCPROPERTYSINGLEVALUE('\X2\041B043E0442\X0\',$,IFCINTEGER(2),$);
#415=IFCPROPERTYSINGLEVALUE('\X2\041C043004420435044004380430043B\X0\',$,IFCTEXT('\X2\042104420430043B044C\X0\ 904L \X2\0438043B0438\X0\ \X2\0430043D0430043B043E0433\X0\'),$);
#416=IFCPROPERTYSINGLEVALUE('\X2\041A043E043B043804470435044104420432043E\X0\',$,IFCINTEGER(1),$);
#417=IFCPROPERTYSET('3OQI31KqgUnOU$y2xrJ4c2',$,'Pset_KVANT_LOI',$,(#412,#413,#414,#415,#416));
#418=IFCCARTESIANPOINT((0.,0.));
#419=IFCAXIS2PLACEMENT2D(#418,$);
#420=IFCRECTANGLEPROFILEDEF(.AREA.,$,#419,1300.,1300.);
#421=IFCCARTESIANPOINT((0.,0.,0.));
#422=IFCAXIS2PLACEMENT3D(#421,$,$);
#423=IFCDIRECTION((0.,0.,1.));
#424=IFCEXTRUDEDAREASOLID(#420,#422,#423,1300.);
#425=IFCSHAPEREPRESENTATION(#7,'Body','SweptSolid',(#424));
#426=IFCCARTESIANPOINT((0.,0.,0.));
#427=IFCAXIS2PLACEMENT3D(#426,$,$);
#428=IFCREPRESENTATIONMAP(#427,#425);
#429=IFCEVAPORATORTYPE('2sh$WEt7rk6BxWwsW2pKY9',$,'\X2\04180441043F04300440043804420435043B044C\X0\ II \X2\044104420443043F0435043D0438\X0\','\X2\04120430043A04430443043C043D0430044F\X0\ \X2\043A04400438044104420430043B043B04380437043004460438044F\X0\ \X2\0441043C043504480430043D043D043E0433043E\X0\ \X2\043A0443043F043E0440043E04410430\X0\, II \X2\044104420443043F0435043D044C\X0\, t = 20 \X2\00B00421\X0\',$,(#417),(#428),'\X2\041E0412042D\X0\75-\X2\041B\X0\2-37','\X2\041A04400438044104420430043B043B04380437043004460438044F\X0\ \X2\0441043C043504480430043D043D043E0433043E\X0\ \X2\043A0443043F043E0440043E04410430\X0\',.USERDEFINED.);
#430=IFCPROPERTYSINGLEVALUE('\X2\041F043E0437043804460438044F\X0\',$,IFCIDENTIFIER('4.1.24'),$);
#431=IFCPROPERTYSINGLEVALUE('\X2\041D04300438043C0435043D043E04320430043D04380435\X0\',$,IFCTEXT('\X2\041F04300440043E0432043E0439\X0\ \X2\044D04360435043A0442043E0440\X0\'),$);
#432=IFCPROPERTYSINGLEVALUE('\X2\041B043E0442\X0\',$,IFCINTEGER(2),$);
#433=IFCPROPERTYSINGLEVALUE('\X2\041A043E043B043804470435044104420432043E\X0\',$,IFCINTEGER(1),$);
#434=IFCPROPERTYSET('2_gnhL4FY4TD6Rm2LQprqz',$,'Pset_KVANT_LOI',$,(#430,#431,#432,#433));
#435=IFCPUMPTYPE('3$E$we_iTDn$GBbUwhZOri',$,'\X2\041F04300440043E0432043E0439\X0\ \X2\044D04360435043A0442043E0440\X0\','\X2\0421043E043704340430043D04380435\X0\ \X2\0440043004370440043504360435043D0438044F\X0\ \X2\043D0430\X0\ II \X2\044104420443043F0435043D0438\X0\',$,(#434),$,'\X2\041E0412042D\X0\75-\X2\041B\X0\2-38','\X2\041A04400438044104420430043B043B04380437043004460438044F\X0\ \X2\0441043C043504480430043D043D043E0433043E\X0\ \X2\043A0443043F043E0440043E04410430\X0\',.USERDEFINED.);
#436=IFCPROPERTYSINGLEVALUE('\X2\041F043E0437043804460438044F\X0\',$,IFCIDENTIFIER('4.1.25'),$);
#437=IFCPROPERTYSINGLEVALUE('\X2\041D04300438043C0435043D043E04320430043D04380435\X0\',$,IFCTEXT('\X2\041104300440043E043C0435044204400438044704350441043A04380439\X0\ \X2\043A043E043D04340435043D044104300442043E0440\X0\'),$);
#438=IFCPROPERTYSINGLEVALUE('\X2\041B043E0442\X0\',$,IFCINTEGER(2),$);
#439=IFCPROPERTYSINGLEVALUE('\X2\041A043E043B043804470435044104420432043E\X0\',$,IFCINTEGER(1),$);
#440=IFCPROPERTYSET('3NJFE1gPa3jtaswMYqYMyB',$,'Pset_KVANT_LOI',$,(#436,#437,#438,#439));
#441=IFCCONDENSERTYPE('3zFhGmsSF5YWJYjDd_8iri',$,'\X2\041104300440043E043C0435044204400438044704350441043A04380439\X0\ \X2\043A043E043D04340435043D044104300442043E0440\X0\','\X2\041A043E043D04340435043D0441043004460438044F\X0\ \X2\0441043E043A043E0432043E0433043E\X0\ \X2\043F043004400430\X0\, \X2\043E0440043E04480435043D04380435\X0\ \X2\0445043E043B043E0434043D043E0439\X0\ \X2\043E0431043E0440043E0442043D043E0439\X0\ \X2\0432043E0434043E0439\X0\',$,(#440),$,'\X2\041E0412042D\X0\75-\X2\041B\X0\2-39','\X2\041A04400438044104420430043B043B04380437043004460438044F\X0\ \X2\0441043C043504480430043D043D043E0433043E\X0\ \X2\043A0443043F043E0440043E04410430\X0\',.USERDEFINED.);
#442=IFCPROPERTYSINGLEVALUE('\X2\041F043E0437043804460438044F\X0\',$,IFCIDENTIFIER('4.1.26'),$);
#443=IFCPROPERTYSINGLEVALUE('\X2\041D04300438043C0435043D043E04320430043D04380435\X0\',$,IFCTEXT('\X2\04110430043A\X0\ \X2\043C04300442043E0447043D0438043A0430\X0\ 2'),$);
#444=IFCPROPERTYSINGLEVALUE('\X2\041B043E0442\X0\',$,IFCINTEGER(2),$);
#445=IFCPROPERTYSINGLEVALUE('\X2\041C043004420435044004380430043B\X0\',$,IFCTEXT('\X2\042104420430043B044C\X0\ 904L \X2\0438043B0438\X0\ \X2\0430043D0430043B043E0433\X0\'),$);
#446=IFCPROPERTYSINGLEVALUE('\X2\041A043E043B043804470435044104420432043E\X0\',$,IFCINTEGER(1),$);
#447=IFCPROPERTYSET('218uSwWdF3xD1Y8epoikRA',$,'Pset_KVANT_LOI',$,(#442,#443,#444,#445,#446));
#448=IFCCARTESIANPOINT((0.,0.));
#449=IFCAXIS2PLACEMENT2D(#448,$);
#450=IFCRECTANGLEPROFILEDEF(.AREA.,$,#449,2519.8420997897465,2519.8420997897465);
#451=IFCCARTESIANPOINT((0.,0.,0.));
#452=IFCAXIS2PLACEMENT3D(#451,$,$);
#453=IFCDIRECTION((0.,0.,1.));
#454=IFCEXTRUDEDAREASOLID(#450,#452,#453,2519.8420997897465);
#455=IFCSHAPEREPRESENTATION(#7,'Body','SweptSolid',(#454));
#456=IFCCARTESIANPOINT((0.,0.,0.));
#457=IFCAXIS2PLACEMENT3D(#456,$,$);
#458=IFCREPRESENTATIONMAP(#457,#455);
#459=IFCTANKTYPE('0nanbQOQf_hnrQz18I1s_s',$,'\X2\04110430043A\X0\ \X2\043C04300442043E0447043D0438043A0430\X0\ 2','\X2\042504400430043D0435043D04380435\X0\ \X2\043C04300442043E0447043D0438043A0430\X0\; \X2\043E0431043E0433044004350432\X0\ \X2\043E044104420440044B043C\X0\ \X2\043F04300440043E043C\X0\. \X2\041C04300442043E0447043D0438043A\X0\ \X2\043D0430043F044004300432043B044F043504420441044F\X0\ \X2\0432\X0\ \X2\0426042D041D\X0\ \X2\2014\X0\ \X2\043F04400438\X0\ \X2\044204400430043D0441043F043E0440044204380440043E0432043A0435\X0\ \X2\043E043104350441043F0435044704380442044C\X0\ t \X2\2265\X0\ 30\X2\2013\X0\40 \X2\00B00421\X0\ \X2\043B04380431043E\X0\ \X2\04400430043704310430043204380442044C\X0\ \X2\0432043E0434043E0439\X0\ \X2\043D0430\X0\ 15\X2\2013\X0\20 %',$,(#447),(#458),'\X2\041E0412042D\X0\75-\X2\041B\X0\2-40','\X2\041A04400438044104420430043B043B04380437043004460438044F\X0\ \X2\0441043C043504480430043D043D043E0433043E\X0\ \X2\043A0443043F043E0440043E04410430\X0\',.USERDEFINED.);
#460=IFCPROPERTYSINGLEVALUE('\X2\041F043E0437043804460438044F\X0\',$,IFCIDENTIFIER('4.1.27'),$);
#461=IFCPROPERTYSINGLEVALUE('\X2\041D04300438043C0435043D043E04320430043D04380435\X0\',$,IFCTEXT('\X2\04200435043F0443043B044C043F04300442043E0440\X0\'),$);
#462=IFCPROPERTYSINGLEVALUE('\X2\041B043E0442\X0\',$,IFCINTEGER(2),$);
#463=IFCPROPERTYSINGLEVALUE('\X2\041C043004420435044004380430043B\X0\',$,IFCTEXT('\X2\042104420430043B044C\X0\ 904L \X2\0438043B0438\X0\ \X2\0430043D0430043B043E0433\X0\'),$);
#464=IFCPROPERTYSINGLEVALUE('\X2\041A043E043B043804470435044104420432043E\X0\',$,IFCINTEGER(1),$);
#465=IFCPROPERTYSET('1yk5wRGj8U$cARrHliZMPH',$,'Pset_KVANT_LOI',$,(#460,#461,#462,#463,#464));
#466=IFCCARTESIANPOINT((0.,0.));
#467=IFCAXIS2PLACEMENT2D(#466,$);
#468=IFCRECTANGLEPROFILEDEF(.AREA.,$,#467,1062.6585691826112,1062.6585691826112);
#469=IFCCARTESIANPOINT((0.,0.,0.));
#470=IFCAXIS2PLACEMENT3D(#469,$,$);
#471=IFCDIRECTION((0.,0.,1.));
#472=IFCEXTRUDEDAREASOLID(#468,#470,#471,1062.6585691826112);
#473=IFCSHAPEREPRESENTATION(#7,'Body','SweptSolid',(#472));
#474=IFCCARTESIANPOINT((0.,0.,0.));
#475=IFCAXIS2PLACEMENT3D(#474,$,$);
#476=IFCREPRESENTATIONMAP(#475,#473);
#477=IFCTANKTYPE('1jbBlD8xiO_Ts$saSiKwQ7',$,'\X2\04200435043F0443043B044C043F04300442043E0440\X0\','\X2\042504400430043D0435043D04380435\X0\ \X2\043F0443043B044C043F044B\X0\ \X2\0441043C043504480430043D043D043E0433043E\X0\ \X2\043A0443043F043E0440043E04410430\X0\',$,(#465),(#476),'\X2\041E0412042D\X0\75-\X2\041B\X0\2-41','\X2\041A04400438044104420430043B043B04380437043004460438044F\X0\ \X2\0441043C043504480430043D043D043E0433043E\X0\ \X2\043A0443043F043E0440043E04410430\X0\',.USERDEFINED.);
#478=IFCPROPERTYSINGLEVALUE('\X2\041F043E0437043804460438044F\X0\',$,IFCIDENTIFIER('4.1.28'),$);
#479=IFCPROPERTYSINGLEVALUE('\X2\041D04300438043C0435043D043E04320430043D04380435\X0\',$,IFCTEXT('\X2\041F0443043B044C0441043804400443044E04490430044F\X0\ (\X2\04440438043B044C044204400443044E04490430044F\X0\) \X2\04460435043D0442044004380444044304330430\X0\'),$);
#480=IFCPROPERTYSINGLEVALUE('\X2\041B043E0442\X0\',$,IFCINTEGER(2),$);
#481=IFCPROPERTYSINGLEVALUE('\X2\041C043004420435044004380430043B\X0\',$,IFCTEXT('\X2\042104420430043B044C\X0\ 904L \X2\0438043B0438\X0\ \X2\0430043D0430043B043E0433\X0\'),$);
#482=IFCPROPERTYSINGLEVALUE('\X2\041A043E043B043804470435044104420432043E\X0\',$,IFCINTEGER(2),$);
#483=IFCPROPERTYSET('0tGjdg5R6s_g$GkH8GQrZ6',$,'Pset_KVANT_LOI',$,(#478,#479,#480,#481,#482));
#484=IFCBUILDINGELEMENTPROXYTYPE('1z6EhFXopP1MJyyAz$xrDa',$,'\X2\041F0443043B044C0441043804400443044E04490430044F\X0\ (\X2\04440438043B044C044204400443044E04490430044F\X0\) \X2\04460435043D0442044004380444044304330430\X0\','\X2\041E0431043504370432043E0436043804320430043D04380435\X0\ \X2\0438\X0\ \X2\043F0440043E043C044B0432043A0430\X0\ \X2\043A04400438044104420430043B043B043E0432\X0\ \X2\0441043C043504480430043D043D043E0433043E\X0\ \X2\043A0443043F043E0440043E04410430\X0\, II \X2\04410442043004340438044F\X0\',$,(#483),$,'\X2\041E0412042D\X0\75-\X2\041B\X0\2-42','\X2\04240438043B044C044204400443044E04490430044F\X0\ \X2\04460435043D0442044004380444044304330430\X0\ \X2\0441\X0\ \X2\043F0443043B044C0441043804400443044E044904350439\X0\ \X2\0432044B0433044004430437043A043E0439\X0\',.USERDEFINED.);
#485=IFCPROPERTYSINGLEVALUE('\X2\041F043E0437043804460438044F\X0\',$,IFCIDENTIFIER('\X2\043F043E0437\X0\. 6 \X2\044004380441\X0\. 4.4/4.5'),$);
#486=IFCPROPERTYSINGLEVALUE('\X2\041D04300438043C0435043D043E04320430043D04380435\X0\',$,IFCTEXT('\X2\041F04300440043E044D04360435043A0442043E0440043D044B0439\X0\ \X2\0431043B043E043A\X0\ (\X2\041F042D0411\X0\)'),$);
#487=IFCPROPERTYSINGLEVALUE('\X2\041B043E0442\X0\',$,IFCINTEGER(2),$);
#488=IFCPROPERTYSINGLEVALUE('\X2\041A043E043B043804470435044104420432043E\X0\',$,IFCTEXT('\X2\043F043E\X0\ 1 \X2\043D0430\X0\ \X2\043D04380442043A0443\X0\'),$);
#489=IFCPROPERTYSET('24LfB4c0uXVxNlA6fPAIhI',$,'Pset_KVANT_LOI',$,(#485,#486,#487,#488));
#490=IFCPUMPTYPE('3FGNOi9dCx__OtdLeifiPx',$,'\X2\041F04300440043E044D04360435043A0442043E0440043D044B0439\X0\ \X2\0431043B043E043A\X0\ (\X2\041F042D0411\X0\)','\X2\041E043104350441043F043504470435043D04380435\X0\ \X2\04320430043A04430443043C0430\X0\ \X2\0432\X0\ \X2\043A043E043D04340435043D044104300442043E04400435\X0\',$,(#489),$,'\X2\041E0412042D\X0\75-\X2\041B\X0\2-43','\X2\042D04360435043A0442043E0440\X0\ + \X2\043A043E043D04340435043D044104300442043E0440\X0\ \X2\041F042D0411\X0\ + \X2\04320430043A04430443043C\X0\-\X2\043D04300441043E0441\X0\',.USERDEFINED.);
#491=IFCPROPERTYSINGLEVALUE('\X2\041D04300438043C0435043D043E04320430043D04380435\X0\',$,IFCTEXT('\X2\041E0431043E044004430434043E04320430043D04380435\X0\ \X2\044404300441043E0432043A0438\X0\, \X2\043F0440043E0431043E043E04420431043E04400430\X0\ \X2\0438\X0\ \X2\043A043E043C043C04350440044704350441043A043E0433043E\X0\ \X2\04430447045104420430\X0\ \X2\043C04350434043D043E\X0\-\X2\043D0438043A0435043B04350432043E0433043E\X0\ \X2\043A0443043F043E0440043E04410430\X0\'),$);
#492=IFCPROPERTYSINGLEVALUE('\X2\041B043E0442\X0\',$,IFCINTEGER(2),$);
#493=IFCPROPERTYSINGLEVALUE('\X2\041A043E043B043804470435044104420432043E\X0\',$,IFCTEXT('\X2\041A043E043C043F043B0435043A0442\X0\'),$);
#494=IFCPROPERTYSET('0ocuj$FN86RmU4SOGo3U6G',$,'Pset_KVANT_LOI',$,(#491,#492,#493));
#495=IFCBUILDINGELEMENTPROXYTYPE('1Ll0Au$w4zf2_mu2ZfHgJ8',$,'\X2\041E0431043E044004430434043E04320430043D04380435\X0\ \X2\044404300441043E0432043A0438\X0\, \X2\043F0440043E0431043E043E04420431043E04400430\X0\ \X2\0438\X0\ \X2\043A043E043C043C04350440044704350441043A043E0433043E\X0\ \X2\04430447045104420430\X0\ \X2\043C04350434043D043E\X0\-\X2\043D0438043A0435043B04350432043E0433043E\X0\ \X2\043A0443043F043E0440043E04410430\X0\','\X2\042404300441043E0432043A0430\X0\ \X2\0432\X0\ \X2\043104380433\X0\-\X2\0431043504330438\X0\ \X2\0441\X0\ \X2\041F042D\X0\-\X2\0432043A043B04300434044B04480435043C\X0\, \X2\043F0440043E0431043E043E04420431043E0440\X0\, \X2\043204350441043E0432043E0439\X0\ \X2\0443044704510442\X0\',$,(#494),$,'\X2\041E0412042D\X0\75-\X2\041B\X0\2-44','\X2\042404300441043E0432043A0430\X0\',.USERDEFINED.);
#496=IFCPROPERTYSINGLEVALUE('\X2\041F043E0437043804460438044F\X0\',$,IFCIDENTIFIER('4.2.1'),$);
#497=IFCPROPERTYSINGLEVALUE('\X2\041D04300438043C0435043D043E04320430043D04380435\X0\',$,IFCTEXT('\X2\042604380440043A0443043B044F04460438043E043D043D044B0439\X0\ \X2\04310430043A\X0\ (\X2\04310430043A\X0\ \X2\043F043804420430043D0438044F\X0\ \X2\04320430043D043D\X0\)'),$);
#498=IFCPROPERTYSINGLEVALUE('\X2\041B043E0442\X0\',$,IFCINTEGER(3),$);
#499=IFCPROPERTYSINGLEVALUE('\X2\041C043004420435044004380430043B\X0\',$,IFCTEXT('\X2\041A043E043D0441044204400443043A04460438043E043D043D0430044F\X0\ \X2\044104420430043B044C\X0\ \X2\0438043B0438\X0\ \X2\04300440043C04380440043E04320430043D043D044B0439\X0\ \X2\043104350442043E043D\X0\ \X2\0441\X0\ \X2\043A04380441043B043E0442043E0443043F043E0440043D043E0439\X0\ \X2\04440443044204350440043E0432043A043E0439\X0\; \X2\0434043E043F04430441043A0430043504420441044F\X0\ \X2\043804370433043E0442043E0432043B0435043D04380435\X0\ \X2\043F043E\X0\ \X2\043C0435044104420443\X0\'),$);
#500=IFCPROPERTYSINGLEVALUE('\X2\041A043E043B043804470435044104420432043E\X0\',$,IFCTEXT('2 (\X2\043F043E\X0\ \X2\044704380441043B0443\X0\ \X2\04410435044004380439\X0\)'),$);
#501=IFCPROPERTYSET('3fkVxI5dGNbOHy_QMT1CxL',$,'Pset_KVANT_LOI',$,(#496,#497,#498,#499,#500));
#502=IFCCARTESIANPOINT((0.,0.));
#503=IFCAXIS2PLACEMENT2D(#502,$);
#504=IFCRECTANGLEPROFILEDEF(.AREA.,$,#503,6694.3295008216937,6694.3295008216937);
#505=IFCCARTESIANPOINT((0.,0.,0.));
#506=IFCAXIS2PLACEMENT3D(#505,$,$);
#507=IFCDIRECTION((0.,0.,1.));
#508=IFCEXTRUDEDAREASOLID(#504,#506,#507,6694.3295008216937);
#509=IFCSHAPEREPRESENTATION(#7,'Body','SweptSolid',(#508));
#510=IFCCARTESIANPOINT((0.,0.,0.));
#511=IFCAXIS2PLACEMENT3D(#510,$,$);
#512=IFCREPRESENTATIONMAP(#511,#509);
#513=IFCTANKTYPE('0AZkjulYlloNUH1hTxXy1R',$,'\X2\042604380440043A0443043B044F04460438043E043D043D044B0439\X0\ \X2\04310430043A\X0\ (\X2\04310430043A\X0\ \X2\043F043804420430043D0438044F\X0\ \X2\04320430043D043D\X0\)','\X2\0421043C043504480435043D04380435\X0\ \X2\0431043E043304300442043E0433043E\X0\ \X2\04400430044104420432043E04400430\X0\ \X2\0432044B04490435043B04300447043804320430043D0438044F\X0\ \X2\0441\X0\ \X2\043104350434043D044B043C\X0\ \X2\044D043B0435043A04420440043E043B04380442043E043C\X0\ \X2\04380437\X0\ \X2\04320430043D043D\X0\, \X2\043F044004380451043C\X0\ \X2\04400430044104420432043E0440043E0432\X0\ \X2\043F0440043E043C044B0432043A0438\X0\ \X2\043A04300442043E0434043E0432\X0\ \X2\0438\X0\ \X2\04410438044104420435043C044B\X0\ \X2\04300441043F043804400430044604380438\X0\, \X2\0434043E043704380440043E04320430043D04380435\X0\ \X2\043A043E043B043B043E04380434043D043E0439\X0\/\X2\0430043D044204380430044D0440043E0437043E043B044C043D043E0439\X0\ \X2\0434043E043104300432043A0438\X0\ \X2\0438\X0\ \X2\043A04380441043B043E0442044B\X0\',$,(#501),(#512),'\X2\041E0412042D\X0\75-\X2\041B\X0\3-45','\X2\04110430043A\X0\ \X2\0441\X0\ \X2\043F0435044004350433043E0440043E0434043A043E0439\X0\',.USERDEFINED.);
#514=IFCPROPERTYSINGLEVALUE('\X2\041F043E0437043804460438044F\X0\',$,IFCIDENTIFIER('4.2.2'),$);
#515=IFCPROPERTYSINGLEVALUE('\X2\041D04300438043C0435043D043E04320430043D04380435\X0\',$,IFCTEXT('\X2\0425043E043B043E04340438043B044C043D0438043A\X0\ \X2\044D043B0435043A04420440043E043B043804420430\X0\ \X2\043F043B0430044104420438043D044704300442044B0439\X0\'),$);
#516=IFCPROPERTYSINGLEVALUE('\X2\041B043E0442\X0\',$,IFCINTEGER(3),$);
#517=IFCPROPERTYSINGLEVALUE('\X2\041C043004420435044004380430043B\X0\',$,IFCTEXT('\X2\042104420430043B044C\X0\ 316L \X2\0438043B0438\X0\ \X2\0430043D0430043B043E0433\X0\'),$);
#518=IFCPROPERTYSINGLEVALUE('\X2\041A043E043B043804470435044104420432043E\X0\',$,IFCTEXT('2 (\X2\043F043E\X0\ \X2\044704380441043B0443\X0\ \X2\04410435044004380439\X0\)'),$);
#519=IFCPROPERTYSET('0ETKwKQ$Al5TqcMjwbjkv4',$,'Pset_KVANT_LOI',$,(#514,#515,#516,#517,#518));
#520=IFCHEATEXCHANGERTYPE('31ZfsYjMeWWLhMndkmTQxa',$,'\X2\0425043E043B043E04340438043B044C043D0438043A\X0\ \X2\044D043B0435043A04420440043E043B043804420430\X0\ \X2\043F043B0430044104420438043D044704300442044B0439\X0\','\X2\041E0445043B0430043604340435043D04380435\X0\ \X2\0431043E043304300442043E0433043E\X0\ \X2\04400430044104420432043E04400430\X0\ \X2\043F0435044004350434\X0\ \X2\043F043E04340430044704350439\X0\ \X2\0432\X0\ \X2\04320430043D043D044B\X0\',$,(#519),$,'\X2\041E0412042D\X0\75-\X2\041B\X0\3-46','\X2\041F043B0430044104420438043D044704300442044B0439\X0\ \X2\04420435043F043B043E043E0431043C0435043D043D0438043A\X0\, \X2\043E0445043B0430043604340435043D04380435\X0\ \X2\0432043E0434043E0439\X0\',.USERDEFINED.);
#521=IFCPROPERTYSINGLEVALUE('\X2\041F043E0437043804460438044F\X0\',$,IFCIDENTIFIER('4.2.3'),$);
#522=IFCPROPERTYSINGLEVALUE('\X2\041D04300438043C0435043D043E04320430043D04380435\X0\',$,IFCTEXT('\X2\042D043B0435043A04420440043E043B04380437043D0430044F\X0\ \X2\04320430043D043D0430\X0\'),$);
#523=IFCPROPERTYSINGLEVALUE('\X2\041B043E0442\X0\',$,IFCINTEGER(3),$);
#524=IFCPROPERTYSINGLEVALUE('\X2\041C043004420435044004380430043B\X0\',$,IFCTEXT('\X2\041F043E043B0438043C04350440043104350442043E043D\X0\ (\X2\043C043E043D043E043B04380442043D044B0439\X0\ \X2\04320438043D0438043B044D044404380440043D044B0439\X0\ \X2\043A043E043C043F043E043704380442\X0\)'),$);
#525=IFCPROPERTYSINGLEVALUE('\X2\041A043E043B043804470435044104420432043E\X0\',$,IFCTEXT('180 (2 \X2\04410435044004380438\X0\ \X2\00D7\X0\ 90); \X2\044004300441044704510442043D043E\X0\ 163 \X2\04480442\X0\., \X2\043A043E044D04440444\X0\. \X2\04370430043F043004410430\X0\ 1,104'),$);
#526=IFCPROPERTYSET('3W63RNcdnkyLWYg54lX_mt',$,'Pset_KVANT_LOI',$,(#521,#522,#523,#524,#525));
#527=IFCCARTESIANPOINT((0.,0.));
#528=IFCAXIS2PLACEMENT2D(#527,$);
#529=IFCRECTANGLEPROFILEDEF(.AREA.,$,#528,8485.,1155.);
#530=IFCCARTESIANPOINT((0.,0.,0.));
#531=IFCAXIS2PLACEMENT3D(#530,$,$);
#532=IFCDIRECTION((0.,0.,1.));
#533=IFCEXTRUDEDAREASOLID(#529,#531,#532,1650.);
#534=IFCSHAPEREPRESENTATION(#7,'Body','SweptSolid',(#533));
#535=IFCCARTESIANPOINT((0.,0.,0.));
#536=IFCAXIS2PLACEMENT3D(#535,$,$);
#537=IFCREPRESENTATIONMAP(#536,#534);
#538=IFCTANKTYPE('3FPx3pA9$6VXqU8hHnl4nH',$,'\X2\042D043B0435043A04420440043E043B04380437043D0430044F\X0\ \X2\04320430043D043D0430\X0\','\X2\042D043B0435043A04420440043E044D043A0441044204400430043A04460438044F\X0\ \X2\043C043504340438\X0\ \X2\04380437\X0\ \X2\04400430044104420432043E0440043E0432\X0\',$,(#526),(#537),'\X2\041E0412042D\X0\75-\X2\041B\X0\3-47','\X2\041F043E043B0438043C04350440043104350442043E043D043D044B0435\X0\ \X2\04320430043D043D044B\X0\ Unicell \X2\0438043B0438\X0\ \X2\0430043D0430043B043E04330438\X0\; \X2\0445043004400430043A0442043504400438044104420438043A0438\X0\ \X2\043F043E\X0\ \X2\043F0440043E0435043A04420443\X0\ \X2\04140415041B042C04220410\X0\ (\X2\04180414\X0\ \X2\0447\X0\.2, \X2\043F04400438043B043E04360435043D04380435\X0\ \X2\0412\X0\)',.USERDEFINED.);
#539=IFCPROPERTYSINGLEVALUE('\X2\041D04300438043C0435043D043E04320430043D04380435\X0\',$,IFCTEXT('\X2\0410043D043E0434044B\X0\ \X2\04380437\X0\ \X2\044104320438043D0446043E0432043E0433043E\X0\ \X2\0441043F043B043004320430\X0\'),$);
#540=IFCPROPERTYSINGLEVALUE('\X2\041B043E0442\X0\',$,IFCINTEGER(3),$);
#541=IFCPROPERTYSINGLEVALUE('\X2\041C043004420435044004380430043B\X0\',$,IFCTEXT('\X2\042104320438043D0446043E0432044B0439\X0\ \X2\0441043F043B04300432\X0\'),$);
#542=IFCPROPERTYSINGLEVALUE('\X2\041A043E043B043804470435044104420432043E\X0\',$,IFCTEXT('180 \X2\00D7\X0\ 85 = 15 300 \X2\04480442\X0\. \X2\043F04350440043204380447043D0430044F\X0\ \X2\043704300433044004430437043A0430\X0\ (\X2\044004300441044704510442043D043E\X0\)'),$);
#543=IFCPROPERTYSET('2DvwITb1d475QFKlOocoGM',$,'Pset_KVANT_LOI',$,(#539,#540,#541,#542));
#544=IFCBUILDINGELEMENTPROXYTYPE('0_zkrZezdlu1vRXFXbk0lA',$,'\X2\0410043D043E0434044B\X0\ \X2\04380437\X0\ \X2\044104320438043D0446043E0432043E0433043E\X0\ \X2\0441043F043B043004320430\X0\','\X2\0410043D043E0434044B\X0\ \X2\04320430043D043D\X0\ \X2\044D043B0435043A04420440043E044D043A0441044204400430043A044604380438\X0\',$,(#543),$,'\X2\041E0412042D\X0\75-\X2\041B\X0\3-48','Pb-Ca / Pb-Ag \X2\0441043F043B04300432044B\X0\',.USERDEFINED.);
#545=IFCPROPERTYSINGLEVALUE('\X2\041D04300438043C0435043D043E04320430043D04380435\X0\',$,IFCTEXT('\X2\041A04300442043E0434043D044B0435\X0\ \X2\043C04300442044004380446044B\X0\ (\X2\043F043E04410442043E044F043D043D044B0435\X0\ \X2\043A04300442043E0434044B\X0\)'),$);
#546=IFCPROPERTYSINGLEVALUE('\X2\041B043E0442\X0\',$,IFCINTEGER(3),$);
#547=IFCPROPERTYSINGLEVALUE('\X2\041C043004420435044004380430043B\X0\',$,IFCTEXT('\X2\041D043504400436043004320435044E04490430044F\X0\ \X2\044104420430043B044C\X0\'),$);
#548=IFCPROPERTYSINGLEVALUE('\X2\041A043E043B043804470435044104420432043E\X0\',$,IFCTEXT('180 \X2\00D7\X0\ 84 = 15 120 \X2\04480442\X0\. \X2\043F04350440043204380447043D0430044F\X0\ \X2\043704300433044004430437043A0430\X0\ (\X2\044004300441044704510442043D043E\X0\)'),$);
#549=IFCPROPERTYSET('2AzDTHi89dS4YT1m39bk7N',$,'Pset_KVANT_LOI',$,(#545,#546,#547,#548));
#550=IFCBUILDINGELEMENTPROXYTYPE('3e7q$YcyxjsFsZq2RUQPX1',$,'\X2\041A04300442043E0434043D044B0435\X0\ \X2\043C04300442044004380446044B\X0\ (\X2\043F043E04410442043E044F043D043D044B0435\X0\ \X2\043A04300442043E0434044B\X0\)','\X2\041C04300442044004380446044B\X0\ \X2\0434043B044F\X0\ \X2\043D0430044004300449043804320430043D0438044F\X0\ \X2\043A04300442043E0434043D043E0439\X0\ \X2\043C043504340438\X0\',$,(#549),$,'\X2\041E0412042D\X0\75-\X2\041B\X0\3-49','\X2\04210438044104420435043C0430\X0\ SPLIT',.USERDEFINED.);
#551=IFCPROPERTYSINGLEVALUE('\X2\041D04300438043C0435043D043E04320430043D04380435\X0\',$,IFCTEXT('\X2\04100441043F04380440043004460438043E043D043D044B0435\X0\ \X2\0443043A0440044B04420438044F\X0\ \X2\04320430043D043D\X0\'),$);
#552=IFCPROPERTYSINGLEVALUE('\X2\041B043E0442\X0\',$,IFCINTEGER(3),$);
#553=IFCPROPERTYSINGLEVALUE('\X2\041C043004420435044004380430043B\X0\',$,IFCTEXT('\X2\041A043E04400440043E04370438043E043D043D043E04410442043E0439043A043E0435\X0\ \X2\04380441043F043E043B043D0435043D04380435\X0\'),$);
#554=IFCPROPERTYSINGLEVALUE('\X2\041A043E043B043804470435044104420432043E\X0\',$,IFCTEXT('180 \X2\043A043E043C043F043B0435043A0442043E0432\X0\'),$);
#555=IFCPROPERTYSET('1XEyMgV70kUqMeOJnUIe2k',$,'Pset_KVANT_LOI',$,(#551,#552,#553,#554));
#556=IFCBUILDINGELEMENTPROXYTYPE('01Ua5fUqkgH15tLowbG4tm',$,'\X2\04100441043F04380440043004460438043E043D043D044B0435\X0\ \X2\0443043A0440044B04420438044F\X0\ \X2\04320430043D043D\X0\','\X2\041B043E043A0430043B044C043D0430044F\X0\ \X2\04300441043F04380440043004460438044F\X0\ \X2\04320430043D043D\X0\, \X2\04380441043A043B044E04470430044E04490430044F\X0\ \X2\0434043E04410442043804360435043D04380435\X0\ \X2\0442043E0447043A0438\X0\ \X2\0440043E0441044B\X0\ \X2\043F043E0434\X0\ \X2\043A043E043B043F0430043A0430043C0438\X0\',$,(#555),$,'\X2\041E0412042D\X0\75-\X2\041B\X0\3-50','\X2\0411043E04400442043E0432043E0439\X0\ \X2\043E04420441043E0441\X0\ + \X2\043B04350433043A043E0441044A0451043C043D044B0439\X0\ \X2\043A043E043B043F0430043A\X0\',.USERDEFINED.);
#557=IFCPROPERTYSINGLEVALUE('\X2\041D04300438043C0435043D043E04320430043D04380435\X0\',$,IFCTEXT('\X2\041E04480438043D043E0432043A0430\X0\ \X2\04320430043D043D\X0\'),$);
#558=IFCPROPERTYSINGLEVALUE('\X2\041B043E0442\X0\',$,IFCINTEGER(3),$);
#559=IFCPROPERTYSINGLEVALUE('\X2\041C043004420435044004380430043B\X0\',$,IFCTEXT('\X2\041C04350434044C\X0\'),$);
#560=IFCPROPERTYSINGLEVALUE('\X2\041A043E043B043804470435044104420432043E\X0\',$,IFCTEXT('\X2\041A043E043C043F043B0435043A0442\X0\ \X2\043D0430\X0\ 180 \X2\04320430043D043D\X0\'),$);
#561=IFCPROPERTYSET('3C7gD5VVKGt1Ru2epUNw$a',$,'Pset_KVANT_LOI',$,(#557,#558,#559,#560));
#562=IFCCABLESEGMENTTYPE('12eHGQ4248YCZqzt9WkVYN',$,'\X2\041E04480438043D043E0432043A0430\X0\ \X2\04320430043D043D\X0\','\X2\0422043E043A043E043F043E04340432043E0434\X0\ \X2\0441\X0\ \X2\0443044004300432043D043804420435043B044C043D043E0439\X0\ \X2\04480438043D043E0439\X0\ \X2\0434043B044F\X0\ \X2\0430043D043E0434043E0432\X0\ \X2\0438\X0\/\X2\0438043B0438\X0\ \X2\043A04300442043E0434043E0432\X0\ \X2\2014\X0\ \X2\044004300432043D043E043C04350440043D043E0435\X0\ \X2\044004300441043F0440043504340435043B0435043D04380435\X0\ \X2\0442043E043A0430\X0\, \X2\044004300431043E04420430\X0\ \X2\043F04400438\X0\ \X2\0431043E043B04350435\X0\ \X2\0432044B0441043E043A04380445\X0\ \X2\043F043B043E0442043D043E04410442044F0445\X0\ \X2\0442043E043A0430\X0\ \X2\0438\X0\ \X2\0432044B0445043E04340435\X0\ \X2\043F043E\X0\ \X2\0442043E043A0443\X0\',$,(#561),$,'\X2\041E0412042D\X0\75-\X2\041B\X0\3-51','\X2\041A043E043D0441044204400443043A04460438044F\X0\ \X2\0441\X0\ \X2\04340432043E0439043D044B043C\X0\ \X2\043A043E043D04420430043A0442043E043C\X0\ \X2\044004300437044004300431043E0442043A0438\X0\ Outotec \X2\0438043B0438\X0\ \X2\0430043D0430043B043E04330438\X0\',.USERDEFINED.);
#563=IFCPROPERTYSINGLEVALUE('\X2\041D04300438043C0435043D043E04320430043D04380435\X0\',$,IFCTEXT('\X2\0420043E0431043E04420438043704380440043E04320430043D043D0430044F\X0\ \X2\043A04300442043E0434043E0441043404380440043E0447043D0430044F\X0\ \X2\043C043004480438043D0430\X0\ (\X2\041A0421041C\X0\)'),$);
#564=IFCPROPERTYSINGLEVALUE('\X2\041B043E0442\X0\',$,IFCINTEGER(3),$);
#565=IFCPROPERTYSINGLEVALUE('\X2\041C043004420435044004380430043B\X0\',$,IFCTEXT('\X2\041A043E043D0441044204400443043A04460438043E043D043D0430044F\X0\ \X2\0438\X0\ \X2\043D043504400436043004320435044E04490430044F\X0\ \X2\044104420430043B044C\X0\, \X2\041F04120425\X0\, \X2\043F043E043B0438043F0440043E043F0438043B0435043D\X0\'),$);
#566=IFCPROPERTYSINGLEVALUE('\X2\041A043E043B043804470435044104420432043E\X0\',$,IFCINTEGER(1),$);
#567=IFCPROPERTYSET('2CWDQ2vPPpZewJdsIL6f_j',$,'Pset_KVANT_LOI',$,(#563,#564,#565,#566));
#568=IFCBUILDINGELEMENTPROXYTYPE('3TlCZ78KV6TeR6L48UJaRe',$,'\X2\0420043E0431043E04420438043704380440043E04320430043D043D0430044F\X0\ \X2\043A04300442043E0434043E0441043404380440043E0447043D0430044F\X0\ \X2\043C043004480438043D0430\X0\ (\X2\041A0421041C\X0\)','\X2\041F043E043B043D044B0439\X0\ \X2\04460438043A043B\X0\ \X2\043E0431044004300431043E0442043A0438\X0\ \X2\043A04300442043E0434043E0432\X0\: \X2\043F0440043E043C044B0432043A0430\X0\, \X2\043E044204340435043B0435043D04380435\X0\ \X2\043E044104300434043A0430\X0\ \X2\043E0442\X0\ \X2\043C04300442044004380446\X0\, \X2\043E043F04420438044704350441043A04380439\X0\ \X2\043A043E043D04420440043E043B044C\X0\ \X2\0438\X0\ \X2\044004300437043104400430043A043E0432043A0430\X0\, \X2\043F0430043A0435044204380440043E04320430043D04380435\X0\, \X2\043004320442043E043C043004420438044704350441043A04380439\X0\ \X2\043F0440043E0431043E043E04420431043E0440\X0\',$,(#567),$,'\X2\041E0412042D\X0\75-\X2\041B\X0\3-52','\X2\042004350444043504400435043D0441\X0\ \X2\2014\X0\ \X2\043F043E0441044204300432043A0430\X0\ Outotec: \X2\0440043E0431043E0442044B\X0\ KUKA KR 300 (\X2\043F043E04340430044E044904380439\X0\) \X2\0438\X0\ KR 180 (\X2\0432044B04330440044304360430044E044904380439\X0\)',.USERDEFINED.);
#569=IFCPROPERTYSINGLEVALUE('\X2\041D04300438043C0435043D043E04320430043D04380435\X0\',$,IFCTEXT('\X2\041E0431043E044004430434043E04320430043D04380435\X0\ \X2\0444043E0440043C04380440043E04320430043D0438044F\X0\ \X2\043F0430043A04350442043E0432\X0\ \X2\043A04300442043E0434043E0432\X0\'),$);
#570=IFCPROPERTYSINGLEVALUE('\X2\041B043E0442\X0\',$,IFCINTEGER(3),$);
#571=IFCPROPERTYSINGLEVALUE('\X2\041A043E043B043804470435044104420432043E\X0\',$,IFCTEXT('\X2\041A043E043C043F043B0435043A0442\X0\'),$);
#572=IFCPROPERTYSET('0ye1mAxFLJKrUt3rj2TK1E',$,'Pset_KVANT_LOI',$,(#569,#570,#571));
#573=IFCBUILDINGELEMENTPROXYTYPE('246w7AcE8BfdS_IrW2h08v',$,'\X2\041E0431043E044004430434043E04320430043D04380435\X0\ \X2\0444043E0440043C04380440043E04320430043D0438044F\X0\ \X2\043F0430043A04350442043E0432\X0\ \X2\043A04300442043E0434043E0432\X0\','\X2\0423043A043B04300434043A0430\X0\, \X2\043204350441043E0432043E0439\X0\ \X2\043A043E043D04420440043E043B044C\X0\, \X2\043C04300440043A04380440043E0432043A0430\X0\, \X2\04430432044F0437043A0430\X0\, \X2\00AB043F043504400444043E0440043004460438044F00BB\X0\ \X2\043F0430043A043504420430\X0\',$,(#572),$,'\X2\041E0412042D\X0\75-\X2\041B\X0\3-53','\X2\041E0431044004300431043E0442043A0430\X0\ \X2\043A04300442043E0434043E0432\X0\',.USERDEFINED.);
#574=IFCPROPERTYSINGLEVALUE('\X2\041D04300438043C0435043D043E04320430043D04380435\X0\',$,IFCTEXT('\X2\041E0431043E044004430434043E04320430043D04380435\X0\ \X2\043004320442043E043C043004420438044704350441043A043E0439\X0\ \X2\04380437043E043B044F044604380438\X0\ \X2\043A0440043E043C043E043A\X0\ \X2\043C04300442044004380446\X0\'),$);
#575=IFCPROPERTYSINGLEVALUE('\X2\041B043E0442\X0\',$,IFCINTEGER(3),$);
#576=IFCPROPERTYSINGLEVALUE('\X2\041A043E043B043804470435044104420432043E\X0\',$,IFCTEXT('\X2\041A043E043C043F043B0435043A0442\X0\'),$);
#577=IFCPROPERTYSET('0D3ygAlYDve0twN8BONR9h',$,'Pset_KVANT_LOI',$,(#574,#575,#576));
#578=IFCBUILDINGELEMENTPROXYTYPE('32EuqzzDKXu8uXdx8aXCjw',$,'\X2\041E0431043E044004430434043E04320430043D04380435\X0\ \X2\043004320442043E043C043004420438044704350441043A043E0439\X0\ \X2\04380437043E043B044F044604380438\X0\ \X2\043A0440043E043C043E043A\X0\ \X2\043C04300442044004380446\X0\','\X2\041D0430043D043504410435043D04380435\X0\ \X2\04380437043E043B044F044604380438\X0\ \X2\043A0440043E043C043E043A\X0\ \X2\043A04300442043E0434043D044B0445\X0\ \X2\043C04300442044004380446\X0\',$,(#577),$,'\X2\041E0412042D\X0\75-\X2\041B\X0\3-54','\X2\041E0431044004300431043E0442043A0430\X0\ \X2\043A04300442043E0434043E0432\X0\',.USERDEFINED.);
#579=IFCPROPERTYSINGLEVALUE('\X2\041D04300438043C0435043D043E04320430043D04380435\X0\',$,IFCTEXT('\X2\0421043F0435044604380430043B044C043D044B0435\X0\ \X2\043004320442043E043C043004420438044704350441043A04380435\X0\ \X2\043A04400430043D044B\X0\ \X2\0441\X0\ \X2\04410438044104420435043C043E0439\X0\ \X2\043F043E0437043804460438043E043D04380440043E04320430043D0438044F\X0\'),$);
#580=IFCPROPERTYSINGLEVALUE('\X2\041B043E0442\X0\',$,IFCINTEGER(3),$);
#581=IFCPROPERTYSINGLEVALUE('\X2\041C043004420435044004380430043B\X0\',$,IFCTEXT('\X2\041C043504420430043B043B0438044704350441043A04380435\X0\ \X2\044D043B0435043C0435043D0442044B\X0\ \X2\0438\X0\ \X2\043E0441043D043004410442043A0430\X0\ \X2\2014\X0\ \X2\043D043504400436\X0\. \X2\044104420430043B044C\X0\ 316L \X2\0438043B0438\X0\ \X2\0430043D0430043B043E0433\X0\'),$);
#582=IFCPROPERTYSINGLEVALUE('\X2\041A043E043B043804470435044104420432043E\X0\',$,IFCTEXT('2 (\X2\043F043E\X0\ \X2\043E0434043D043E043C0443\X0\ \X2\043D0430\X0\ \X2\0441043504400438044E\X0\/\X2\043F0440043E043B04510442\X0\)'),$);
#583=IFCPROPERTYSET('2azUznfbizdYc72KFXHVLW',$,'Pset_KVANT_LOI',$,(#579,#580,#581,#582));
#584=IFCTRANSPORTELEMENTTYPE('36RQRUEDPyAgdzN30OEnUy',$,'\X2\0421043F0435044604380430043B044C043D044B0435\X0\ \X2\043004320442043E043C043004420438044704350441043A04380435\X0\ \X2\043A04400430043D044B\X0\ \X2\0441\X0\ \X2\04410438044104420435043C043E0439\X0\ \X2\043F043E0437043804460438043E043D04380440043E04320430043D0438044F\X0\','\X2\0421044A0451043C\X0\/\X2\0443044104420430043D043E0432043A0430\X0\ \X2\043A043E043B043F0430043A043E0432\X0\, \X2\0432044B0433044004430437043A0430\X0\ \X2\043A04300442043E0434043E0432\X0\ (1/3 \X2\04320430043D043D044B\X0\ \X2\0441\X0\ \X2\044004300432043D043E043C04350440043D044B043C\X0\ \X2\044804300433043E043C\X0\), \X2\044204400430043D0441043F043E0440044204380440043E0432043A0430\X0\ \X2\0432\X0\ \X2\041A0421041C\X0\ \X2\0438\X0\ \X2\043E0431044004300442043D043E\X0\, \X2\043F043E044804300433043E04320430044F\X0\ \X2\0443044104420430043D043E0432043A0430\X0\ \X2\043C04300442044004380446\X0\; \X2\044004430447043D043E0439\X0\ \X2\0440043504360438043C\X0\ \X2\2014\X0\ \X2\04370430043C0435043D0430\X0\ \X2\0430043D043E0434043E0432\X0\ \X2\0438\X0\ \X2\0447043804410442043A0430\X0\ \X2\04320430043D043D\X0\ \X2\043E0442\X0\ \X2\0448043B0430043C0430\X0\',$,(#583),$,'\X2\041E0412042D\X0\75-\X2\041B\X0\3-55','\X2\041F043E0434044A0451043C043D043E\X0\-\X2\044204400430043D0441043F043E04400442043D043E0435\X0\',.USERDEFINED.);
#585=IFCPROPERTYSINGLEVALUE('\X2\041D04300438043C0435043D043E04320430043D04380435\X0\',$,IFCTEXT('\X2\041004320442043E043C043004420438043704380440043E04320430043D043D0430044F\X0\ \X2\044204400430043D0441043F043E0440044204380440043E0432043A0430\X0\ \X2\043F0430043A04350442043E0432\X0\ \X2\043A04300442043E0434043D043E0439\X0\ \X2\043C043504340438\X0\ \X2\043D0430\X0\ \X2\04210413041F\X0\'),$);
#586=IFCPROPERTYSINGLEVALUE('\X2\041B043E0442\X0\',$,IFCINTEGER(3),$);
#587=IFCPROPERTYSINGLEVALUE('\X2\041A043E043B043804470435044104420432043E\X0\',$,IFCTEXT('\X2\041A043E043C043F043B0435043A0442\X0\'),$);
#588=IFCPROPERTYSET('1uP2oYepggkw3y7$vBJRhz',$,'Pset_KVANT_LOI',$,(#585,#586,#587));
#589=IFCTRANSPORTELEMENTTYPE('0oM2PliIndWm3yp9MjDRYj',$,'\X2\041004320442043E043C043004420438043704380440043E04320430043D043D0430044F\X0\ \X2\044204400430043D0441043F043E0440044204380440043E0432043A0430\X0\ \X2\043F0430043A04350442043E0432\X0\ \X2\043A04300442043E0434043D043E0439\X0\ \X2\043C043504340438\X0\ \X2\043D0430\X0\ \X2\04210413041F\X0\','\X2\041F0435044004350434043004470430\X0\ \X2\043F0430043A04350442043E0432\X0\ \X2\0432\X0\ \X2\043F043E043C043504490435043D04380435\X0\ \X2\0441043A043B043004340430\X0\ \X2\0433043E0442043E0432043E0439\X0\ \X2\043F0440043E04340443043A044604380438\X0\',$,(#588),$,'\X2\041E0412042D\X0\75-\X2\041B\X0\3-56','\X2\041F043E0434044A0451043C043D043E\X0\-\X2\044204400430043D0441043F043E04400442043D043E0435\X0\',.USERDEFINED.);
#590=IFCPROPERTYSINGLEVALUE('\X2\041D04300438043C0435043D043E04320430043D04380435\X0\',$,IFCTEXT('\X2\0401043C043A043E044104420438\X0\ \X2\043F044004380433043E0442043E0432043B0435043D0438044F\X0\, \X2\044504400430043D0435043D0438044F\X0\ \X2\0438\X0\ \X2\0434043E043704380440043E04320430043D0438044F\X0\ \X2\043A043E043B043B043E04380434043D043E0439\X0\ \X2\0434043E043104300432043A0438\X0\'),$);
#591=IFCPROPERTYSINGLEVALUE('\X2\041B043E0442\X0\',$,IFCINTEGER(3),$);
#592=IFCPROPERTYSINGLEVALUE('\X2\041A043E043B043804470435044104420432043E\X0\',$,IFCTEXT('2 (\X2\043F043E043E04470435044004510434043D043E\X0\ \X2\044004300431043E04420430044E044904380435\X0\)'),$);
#593=IFCPROPERTYSET('1T$iv_CfkMIp4r2AmxgSLn',$,'Pset_KVANT_LOI',$,(#590,#591,#592));
#594=IFCTANKTYPE('2_ENs0EPMZE3vDf5R1beeb',$,'\X2\0401043C043A043E044104420438\X0\ \X2\043F044004380433043E0442043E0432043B0435043D0438044F\X0\, \X2\044504400430043D0435043D0438044F\X0\ \X2\0438\X0\ \X2\0434043E043704380440043E04320430043D0438044F\X0\ \X2\043A043E043B043B043E04380434043D043E0439\X0\ \X2\0434043E043104300432043A0438\X0\','\X2\041F044004380433043E0442043E0432043B0435043D04380435\X0\ \X2\04400430044104420432043E04400430\X0\ \X2\043304430430044004420435043A0430\X0\ (\X2\043C04350434043B0435043D043D043E0435\X0\ \X2\04400430044104420432043E04400435043D04380435\X0\ \X2\0432\X0\ \X2\04420451043F043B043E0439\X0\ \X2\0432043E04340435\X0\ \X2\043F04400438\X0\ \X2\0443043C043504400435043D043D043E043C\X0\ \X2\043F043504400435043C04350448043804320430043D04380438\X0\) \X2\0438\X0\ \X2\0434043E043704380440043E04320430043D04380435\X0\ \X2\0432\X0\ \X2\044604380440043A0443043B044F04460438043E043D043D044B0435\X0\ \X2\04310430043A0438\X0\',$,(#593),$,'\X2\041E0412042D\X0\75-\X2\041B\X0\3-57','\X2\04200435043004330435043D0442044B\X0\ (\X2\0432043D0435\X0\ \X2\044204300431043B\X0\. 4.2)',.USERDEFINED.);
#595=IFCPROPERTYSINGLEVALUE('\X2\041D04300438043C0435043D043E04320430043D04380435\X0\',$,IFCTEXT('\X2\0412044B043F0440044F043C043804420435043B0438\X0\'),$);
#596=IFCPROPERTYSINGLEVALUE('\X2\041B043E0442\X0\',$,IFCINTEGER(3),$);
#597=IFCPROPERTYSINGLEVALUE('\X2\041A043E043B043804470435044104420432043E\X0\',$,IFCTEXT('3 (\X2\043F043E\X0\ \X2\043E0434043D043E043C0443\X0\ \X2\043D0430\X0\ \X2\0441043504400438044E\X0\ + \X2\044004350437043504400432043D044B0439\X0\, \X2\043E04480438043D043E0432043A0430\X0\ \X2\043F043E04370432043E043B044F04350442\X0\ \X2\044004350437043504400432043D043E043C0443\X0\ \X2\044004300431043E044204300442044C\X0\ \X2\043D0430\X0\ \X2\043B044E04310443044E\X0\ \X2\0441043504400438044E\X0\)'),$);
#598=IFCPROPERTYSET('3zkGBX2Z_2NvTnNXHyfoJ4',$,'Pset_KVANT_LOI',$,(#595,#596,#597));
#599=IFCTRANSFORMERTYPE('1ei3ayzHDhCEpoUnif95je',$,'\X2\0412044B043F0440044F043C043804420435043B0438\X0\','\X2\041F043804420430043D04380435\X0\ \X2\04410435044004380439\X0\ \X2\04320430043D043D\X0\ \X2\043F043E04410442043E044F043D043D044B043C\X0\ \X2\0442043E043A043E043C\X0\',$,(#598),$,'\X2\041E0412042D\X0\75-\X2\041B\X0\3-58','\X2\041F043804420430043D04380435\X0\ \X2\0442043E043A043E043C\X0\ (\X2\043D0435\X0\ \X2\0432\X0\ \X2\04110418\X0\)',.USERDEFINED.);
#600=IFCPROPERTYSINGLEVALUE('\X2\041D04300438043C0435043D043E04320430043D04380435\X0\',$,IFCTEXT('\X2\041E0431043E044004430434043E04320430043D04380435\X0\ \X2\0434043B044F\X0\ \X2\04370430044904380442043D043E0439\X0\ \X2\0443043F0430043A043E0432043A0438\X0\ \X2\043C04350434043D044B0445\X0\ \X2\043A04300442043E0434043E0432\X0\'),$);
#601=IFCPROPERTYSINGLEVALUE('\X2\041B043E0442\X0\',$,IFCINTEGER(4),$);
#602=IFCPROPERTYSINGLEVALUE('\X2\041A043E043B043804470435044104420432043E\X0\',$,IFCTEXT('\X2\041A043E043C043F043B0435043A0442\X0\'),$);
#603=IFCPROPERTYSET('25O3A_8046mCThX0Jnlutx',$,'Pset_KVANT_LOI',$,(#600,#601,#602));
#604=IFCBUILDINGELEMENTPROXYTYPE('0gH7SHzJrPQEqqoC2eQ7oI',$,'\X2\041E0431043E044004430434043E04320430043D04380435\X0\ \X2\0434043B044F\X0\ \X2\04370430044904380442043D043E0439\X0\ \X2\0443043F0430043A043E0432043A0438\X0\ \X2\043C04350434043D044B0445\X0\ \X2\043A04300442043E0434043E0432\X0\','\X2\04170430044904380442043D0430044F\X0\ \X2\0443043F0430043A043E0432043A0430\X0\ \X2\043F0430043A04350442043E0432\X0\ \X2\043A04300442043E0434043E0432\X0\',$,(#603),$,'\X2\041E0412042D\X0\75-\X2\041B\X0\4-59','\X2\0423043F0430043A043E0432043A0430\X0\',.USERDEFINED.);
#605=IFCPROPERTYSINGLEVALUE('\X2\041D04300438043C0435043D043E04320430043D04380435\X0\',$,IFCTEXT('\X2\041E0431043E044004430434043E04320430043D04380435\X0\ \X2\0434043B044F\X0\ \X2\043C04300440043A04380440043E0432043A0438\X0\ \X2\0438\X0\ \X2\043F043E04340433043E0442043E0432043A0438\X0\ \X2\043A\X0\ \X2\044204400430043D0441043F043E0440044204380440043E0432043A0435\X0\ \X2\043F0430043A04350442043E0432\X0\'),$);
#606=IFCPROPERTYSINGLEVALUE('\X2\041B043E0442\X0\',$,IFCINTEGER(4),$);
#607=IFCPROPERTYSINGLEVALUE('\X2\041A043E043B043804470435044104420432043E\X0\',$,IFCTEXT('\X2\041A043E043C043F043B0435043A0442\X0\'),$);
#608=IFCPROPERTYSET('3CVJid8yUOgDyS0yZ$KhGc',$,'Pset_KVANT_LOI',$,(#605,#606,#607));
#609=IFCBUILDINGELEMENTPROXYTYPE('0n5_YmqN5U6PRpCjV0JYdm',$,'\X2\041E0431043E044004430434043E04320430043D04380435\X0\ \X2\0434043B044F\X0\ \X2\043C04300440043A04380440043E0432043A0438\X0\ \X2\0438\X0\ \X2\043F043E04340433043E0442043E0432043A0438\X0\ \X2\043A\X0\ \X2\044204400430043D0441043F043E0440044204380440043E0432043A0435\X0\ \X2\043F0430043A04350442043E0432\X0\','\X2\041C04300440043A04380440043E0432043A0430\X0\ \X2\043F04300440044204380439\X0\ \X2\0438\X0\ \X2\043F043E04340433043E0442043E0432043A0430\X0\ \X2\043A\X0\ \X2\043E04420433044004430437043A0435\X0\',$,(#608),$,'\X2\041E0412042D\X0\75-\X2\041B\X0\4-60','\X2\041C04300440043A04380440043E0432043A0430\X0\',.USERDEFINED.);
#610=IFCPROPERTYSINGLEVALUE('\X2\041D04300438043C0435043D043E04320430043D04380435\X0\',$,IFCTEXT('\X2\041E0431043E044004430434043E04320430043D04380435\X0\ \X2\043A043E043C043C04350440044704350441043A043E0433043E\X0\ \X2\04430447045104420430\X0\ \X2\0438\X0\ \X2\0444043E0440043C04380440043E04320430043D0438044F\X0\ \X2\043F04300440044204380439\X0\'),$);
#611=IFCPROPERTYSINGLEVALUE('\X2\041B043E0442\X0\',$,IFCINTEGER(4),$);
#612=IFCPROPERTYSINGLEVALUE('\X2\041A043E043B043804470435044104420432043E\X0\',$,IFCTEXT('\X2\041A043E043C043F043B0435043A0442\X0\'),$);
#613=IFCPROPERTYSET('04dSZcaDcvSiNie6FM4qUL',$,'Pset_KVANT_LOI',$,(#610,#611,#612));
#614=IFCBUILDINGELEMENTPROXYTYPE('3_$tXiDoM1oWgD1TGz2ROa',$,'\X2\041E0431043E044004430434043E04320430043D04380435\X0\ \X2\043A043E043C043C04350440044704350441043A043E0433043E\X0\ \X2\04430447045104420430\X0\ \X2\0438\X0\ \X2\0444043E0440043C04380440043E04320430043D0438044F\X0\ \X2\043F04300440044204380439\X0\','\X2\04120437043204350448043804320430043D04380435\X0\, \X2\0443044704510442\X0\, \X2\0444043E0440043C04380440043E04320430043D04380435\X0\ \X2\043E04420433044004430437043E0447043D044B0445\X0\ \X2\043F04300440044204380439\X0\ \X2\0441\X0\ \X2\043E0444043E0440043C043B0435043D04380435043C\X0\ \X2\044104420430043D04340430044004420438043704380440043E04320430043D043D043E0439\X0\ \X2\0441043E043F0440043E0432043E0434043804420435043B044C043D043E0439\X0\ \X2\0434043E043A0443043C0435043D04420430044604380438\X0\',$,(#613),$,'\X2\041E0412042D\X0\75-\X2\041B\X0\4-61','\X2\0423044704510442\X0\',.USERDEFINED.);
#615=IFCPROPERTYSINGLEVALUE('\X2\041D04300438043C0435043D043E04320430043D04380435\X0\',$,IFCTEXT('\X2\041E0431043E044004430434043E04320430043D04380435\X0\ \X2\043E04420433044004430437043A0438\X0\ \X2\043F04300440044204380439\X0\ \X2\0432\X0\ \X2\0436\X0\/\X2\0434\X0\ \X2\0438\X0\ \X2\043004320442043E043C043E04310438043B044C043D044B0439\X0\ \X2\044204400430043D0441043F043E04400442\X0\'),$);
#616=IFCPROPERTYSINGLEVALUE('\X2\041B043E0442\X0\',$,IFCINTEGER(4),$);
#617=IFCPROPERTYSINGLEVALUE('\X2\041A043E043B043804470435044104420432043E\X0\',$,IFCTEXT('\X2\041A043E043C043F043B0435043A0442\X0\'),$);
#618=IFCPROPERTYSET('2v_7I3SDLCFqoLtojOpcD7',$,'Pset_KVANT_LOI',$,(#615,#616,#617));
#619=IFCBUILDINGELEMENTPROXYTYPE('3hqOWCKZiX3w4ABzU8UbF9',$,'\X2\041E0431043E044004430434043E04320430043D04380435\X0\ \X2\043E04420433044004430437043A0438\X0\ \X2\043F04300440044204380439\X0\ \X2\0432\X0\ \X2\0436\X0\/\X2\0434\X0\ \X2\0438\X0\ \X2\043004320442043E043C043E04310438043B044C043D044B0439\X0\ \X2\044204400430043D0441043F043E04400442\X0\','\X2\041004320442043E043C043004420438044704350441043A0430044F\X0\ \X2\043E04420433044004430437043A0430\X0\ \X2\04410444043E0440043C04380440043E04320430043D043D044B0445\X0\ \X2\043F04300440044204380439\X0\',$,(#618),$,'\X2\041E0412042D\X0\75-\X2\041B\X0\4-62','\X2\041E04420433044004430437043A0430\X0\',.USERDEFINED.);
#620=IFCPROPERTYSINGLEVALUE('\X2\041D04300438043C0435043D043E04320430043D04380435\X0\',$,IFCTEXT('\X2\04210438044104420435043C0430\X0\ \X2\043004320442043E043C043004420438044704350441043A043E0433043E\X0\ \X2\0441043A043B0430043404380440043E04320430043D0438044F\X0\ \X2\0441\X0\ \X2\043F043E043404410438044104420435043C0430043C0438\X0\ \X2\043F043E0437043804460438043E043D04380440043E04320430043D0438044F\X0\'),$);
#621=IFCPROPERTYSINGLEVALUE('\X2\041B043E0442\X0\',$,IFCINTEGER(4),$);
#622=IFCPROPERTYSINGLEVALUE('\X2\041A043E043B043804470435044104420432043E\X0\',$,IFCTEXT('\X2\041A043E043C043F043B0435043A0442\X0\'),$);
#623=IFCPROPERTYSET('13WEpO7HPI37VyAz03yOin',$,'Pset_KVANT_LOI',$,(#620,#621,#622));
#624=IFCBUILDINGELEMENTPROXYTYPE('3vycN4NrlI6SjpLnGhoABV',$,'\X2\04210438044104420435043C0430\X0\ \X2\043004320442043E043C043004420438044704350441043A043E0433043E\X0\ \X2\0441043A043B0430043404380440043E04320430043D0438044F\X0\ \X2\0441\X0\ \X2\043F043E043404410438044104420435043C0430043C0438\X0\ \X2\043F043E0437043804460438043E043D04380440043E04320430043D0438044F\X0\','\X2\041F044004380451043C043A0430\X0\ \X2\043F0430043A04350442043E0432\X0\ \X2\0441\X0\ \X2\0432044B0445043E0434043D043E0433043E\X0\ \X2\043A043E043D043204350439043504400430\X0\ \X2\041A0421041C\X0\, \X2\044004300437043C043504490435043D04380435\X0\ \X2\043F043E\X0\ \X2\043F0430044004420438044F043C\X0\, \X2\043E04420433044004430437043A0430\X0\ \X2\2014\X0\ \X2\043204410451\X0\ \X2\0432\X0\ \X2\043004320442043E043C043004420438044704350441043A043E043C\X0\ \X2\0440043504360438043C0435\X0\',$,(#623),$,'\X2\041E0412042D\X0\75-\X2\041B\X0\4-63','\X2\0421043A043B0430043404380440043E04320430043D04380435\X0\',.USERDEFINED.);
#625=IFCPROPERTYSINGLEVALUE('\X2\041F043E0437043804460438044F\X0\',$,IFCIDENTIFIER('4.1.10, 4.1.11'),$);
#626=IFCPROPERTYSINGLEVALUE('\X2\041D04300438043C0435043D043E04320430043D04380435\X0\',$,IFCTEXT('\X2\0413043E043B043E0432043D044B0435\X0\ \X2\044004350430043A0442043E0440044B\X0\-\X2\04400435043F0443043B044C043F04300442043E0440044B\X0\'),$);
#627=IFCPROPERTYSINGLEVALUE('\X2\041B043E0442\X0\',$,IFCINTEGER(0),$);
#628=IFCPROPERTYSINGLEVALUE('\X2\041C043004420435044004380430043B\X0\',$,IFCTEXT('Hastelloy G-35 (Haynes Int.) \X2\0438043B0438\X0\ \X2\0430043D0430043B043E0433\X0\; \X2\0434043E043F0443044104420438043C0430\X0\ \X2\044104420430043B044C\X0\ 904L'),$);
#629=IFCPROPERTYSINGLEVALUE('\X2\041A043E043B043804470435044104420432043E\X0\',$,IFCTEXT('2 \X2\043F043004400430043B043B0435043B044C043D043E\X0\ (\X2\043E04340438043D\X0\ \X2\043404430431043B04380440044304350442\X0\ \X2\0434044004430433043E0439\X0\ \X2\043D0430\X0\ \X2\043F043504400438043E0434\X0\ \X2\0447043804410442043A0438\X0\ \X2\043304300440043D04380441043004360430\X0\)'),$);
#630=IFCPROPERTYSET('19auzWxBhaAI9dGOO7stMB',$,'Pset_KVANT_LOI',$,(#625,#626,#627,#628,#629));
#631=IFCCARTESIANPOINT((0.,0.));
#632=IFCAXIS2PLACEMENT2D(#631,$);
#633=IFCRECTANGLEPROFILEDEF(.AREA.,$,#632,2154.4346900318837,2154.4346900318837);
#634=IFCCARTESIANPOINT((0.,0.,0.));
#635=IFCAXIS2PLACEMENT3D(#634,$,$);
#636=IFCDIRECTION((0.,0.,1.));
#637=IFCEXTRUDEDAREASOLID(#633,#635,#636,2154.4346900318837);
#638=IFCSHAPEREPRESENTATION(#7,'Body','SweptSolid',(#637));
#639=IFCCARTESIANPOINT((0.,0.,0.));
#640=IFCAXIS2PLACEMENT3D(#639,$,$);
#641=IFCREPRESENTATIONMAP(#640,#638);
#642=IFCTANKTYPE('3VBTpD0kKNUC48Y6vfE9UR',$,'\X2\0413043E043B043E0432043D044B0435\X0\ \X2\044004350430043A0442043E0440044B\X0\-\X2\04400435043F0443043B044C043F04300442043E0440044B\X0\','\X2\041D043004470430043B043E\X0\ \X2\0432044B04490435043B04300447043804320430043D0438044F\X0\ \X2\043E043304300440043A0430\X0\; \X2\043C0430043A04410438043C0430043B044C043D043E\X0\ \X2\0438043D04420435043D044104380432043D043E0435\X0\ \X2\043F043504400435043C04350448043804320430043D04380435\X0\, \X2\043A043E043D0438044704350441043A043E0435\X0\ \X2\0434043D043804490435\X0\, \X2\04400435044604380440043A0443043B044F04460438044F\X0\ \X2\043F0443043B044C043F044B\X0\ \X2\043B04380431043E\X0\ \X2\0432043E0437043404430448043D044B0439\X0\ \X2\0430044D0440043E043B043804440442\X0\',$,(#630),(#641),'\X2\041E0412042D\X0\75-\X2\041B\X0\0-64','\X2\0412044B04490435043B04300447043804320430043D04380435\X0\ (\X2\0432043D0435\X0\ \X2\04110418\X0\, \X2\0434043B044F\X0\ \X2\04430432044F0437043A0438\X0\ \X2\043304400430043D04380446\X0\)',.USERDEFINED.);
#643=IFCPROPERTYSINGLEVALUE('\X2\041F043E0437043804460438044F\X0\',$,IFCIDENTIFIER('4.1.12\X2\2013\X0\4.1.14'),$);
#644=IFCPROPERTYSINGLEVALUE('\X2\041D04300438043C0435043D043E04320430043D04380435\X0\',$,IFCTEXT('\X2\041E0441043D043E0432043D044B0435\X0\ \X2\044004350430043A0442043E0440044B\X0\ \X2\043A04300441043A043004340430\X0\ \X2\0432044B04490435043B04300447043804320430043D0438044F\X0\'),$);
#645=IFCPROPERTYSINGLEVALUE('\X2\041B043E0442\X0\',$,IFCINTEGER(0),$);
#646=IFCPROPERTYSINGLEVALUE('\X2\041C043004420435044004380430043B\X0\',$,IFCTEXT('Hastelloy G-35 \X2\0438043B0438\X0\ 904L'),$);
#647=IFCPROPERTYSINGLEVALUE('\X2\041A043E043B043804470435044104420432043E\X0\',$,IFCINTEGER(4),$);
#648=IFCPROPERTYSET('2_ZiMENnLMEPpJPzUhUevC',$,'Pset_KVANT_LOI',$,(#643,#644,#645,#646,#647));
#649=IFCCARTESIANPOINT((0.,0.));
#650=IFCAXIS2PLACEMENT2D(#649,$);
#651=IFCRECTANGLEPROFILEDEF(.AREA.,$,#650,4481.4047465571639,4481.4047465571639);
#652=IFCCARTESIANPOINT((0.,0.,0.));
#653=IFCAXIS2PLACEMENT3D(#652,$,$);
#654=IFCDIRECTION((0.,0.,1.));
#655=IFCEXTRUDEDAREASOLID(#651,#653,#654,4481.4047465571639);
#656=IFCSHAPEREPRESENTATION(#7,'Body','SweptSolid',(#655));
#657=IFCCARTESIANPOINT((0.,0.,0.));
#658=IFCAXIS2PLACEMENT3D(#657,$,$);
#659=IFCREPRESENTATIONMAP(#658,#656);
#660=IFCTANKTYPE('0Jb8jKd5vG3SNujXx5YXxF',$,'\X2\041E0441043D043E0432043D044B0435\X0\ \X2\044004350430043A0442043E0440044B\X0\ \X2\043A04300441043A043004340430\X0\ \X2\0432044B04490435043B04300447043804320430043D0438044F\X0\','\X2\041E0441043D043E0432043D043E0435\X0\ \X2\0432044B04490435043B04300447043804320430043D04380435\X0\ \X2\043E043304300440043A0430\X0\ \X2\0432\X0\ \X2\043E0431043E0440043E0442043D043E043C\X0\ \X2\04400430044104420432043E04400435\X0\ \X2\043E0442\X0\ \X2\044D043B0435043A04420440043E044D043A0441044204400430043A044604380438\X0\',$,(#648),(#659),'\X2\041E0412042D\X0\75-\X2\041B\X0\0-65','\X2\0412044B04490435043B04300447043804320430043D04380435\X0\ (\X2\0432043D0435\X0\ \X2\04110418\X0\)',.USERDEFINED.);
#661=IFCPROPERTYSINGLEVALUE('\X2\041F043E0437043804460438044F\X0\',$,IFCIDENTIFIER('4.1.15'),$);
#662=IFCPROPERTYSINGLEVALUE('\X2\041D04300438043C0435043D043E04320430043D04380435\X0\',$,IFCTEXT('\X2\04110443044404350440043D044B0439\X0\ \X2\044004350430043A0442043E0440\X0\'),$);
#663=IFCPROPERTYSINGLEVALUE('\X2\041B043E0442\X0\',$,IFCINTEGER(0),$);
#664=IFCPROPERTYSINGLEVALUE('\X2\041C043004420435044004380430043B\X0\',$,IFCTEXT('Hastelloy G-35 \X2\0438043B0438\X0\ 904L'),$);
#665=IFCPROPERTYSINGLEVALUE('\X2\041A043E043B043804470435044104420432043E\X0\',$,IFCINTEGER(1),$);
#666=IFCPROPERTYSET('3Dqhl$vfBBCuJkM8o6824s',$,'Pset_KVANT_LOI',$,(#661,#662,#663,#664,#665));
#667=IFCCARTESIANPOINT((0.,0.));
#668=IFCAXIS2PLACEMENT2D(#667,$);
#669=IFCRECTANGLEPROFILEDEF(.AREA.,$,#668,4481.4047465571639,4481.4047465571639);
#670=IFCCARTESIANPOINT((0.,0.,0.));
#671=IFCAXIS2PLACEMENT3D(#670,$,$);
#672=IFCDIRECTION((0.,0.,1.));
#673=IFCEXTRUDEDAREASOLID(#669,#671,#672,4481.4047465571639);
#674=IFCSHAPEREPRESENTATION(#7,'Body','SweptSolid',(#673));
#675=IFCCARTESIANPOINT((0.,0.,0.));
#676=IFCAXIS2PLACEMENT3D(#675,$,$);
#677=IFCREPRESENTATIONMAP(#676,#674);
#678=IFCTANKTYPE('2_qgQCoKEMSrNUazhbXWCQ',$,'\X2\04110443044404350440043D044B0439\X0\ \X2\044004350430043A0442043E0440\X0\','\X2\04110443044404350440\X0\ \X2\043F0435044004350434\X0\ \X2\04410433044304410442043804420435043B0435043C\X0\; \X2\043F044004380451043C\X0\ \X2\043F0443043B044C043F044B\X0\ \X2\04440438043B044C044204400430\X0\ \X2\043A043E043D04420440043E043B044C043D043E0439\X0\ \X2\04440438043B044C044204400430044604380438\X0\',$,(#666),(#677),'\X2\041E0412042D\X0\75-\X2\041B\X0\0-66','\X2\0412044B04490435043B04300447043804320430043D04380435\X0\ (\X2\0432043D0435\X0\ \X2\04110418\X0\)',.USERDEFINED.);
#679=IFCPROPERTYSINGLEVALUE('\X2\041F043E0437043804460438044F\X0\',$,IFCIDENTIFIER('4.1.16'),$);
#680=IFCPROPERTYSINGLEVALUE('\X2\041D04300438043C0435043D043E04320430043D04380435\X0\',$,IFCTEXT('\X2\04210433044304410442043804420435043B044C\X0\ \X2\043E0441044204300442043A0430\X0\ \X2\0432044B04490435043B04300447043804320430043D0438044F\X0\'),$);
#681=IFCPROPERTYSINGLEVALUE('\X2\041B043E0442\X0\',$,IFCINTEGER(0),$);
#682=IFCPROPERTYSINGLEVALUE('\X2\041C043004420435044004380430043B\X0\',$,IFCTEXT('316L / \X2\043F043E043B0438043C04350440\X0\'),$);
#683=IFCPROPERTYSINGLEVALUE('\X2\041A043E043B043804470435044104420432043E\X0\',$,IFCINTEGER(1),$);
#684=IFCPROPERTYSET('2cOuZWCDGxVRMICAbuxjy3',$,'Pset_KVANT_LOI',$,(#679,#680,#681,#682,#683));
#685=IFCCARTESIANPOINT((0.,0.));
#686=IFCAXIS2PLACEMENT2D(#685,$);
#687=IFCRECTANGLEPROFILEDEF(.AREA.,$,#686,15000.,15000.);
#688=IFCCARTESIANPOINT((0.,0.,0.));
#689=IFCAXIS2PLACEMENT3D(#688,$,$);
#690=IFCDIRECTION((0.,0.,1.));
#691=IFCEXTRUDEDAREASOLID(#687,#689,#690,15000.);
#692=IFCSHAPEREPRESENTATION(#7,'Body','SweptSolid',(#691));
#693=IFCCARTESIANPOINT((0.,0.,0.));
#694=IFCAXIS2PLACEMENT3D(#693,$,$);
#695=IFCREPRESENTATIONMAP(#694,#692);
#696=IFCTANKTYPE('1891X9OAbiT_BqnJY3KsNd',$,'\X2\04210433044304410442043804420435043B044C\X0\ \X2\043E0441044204300442043A0430\X0\ \X2\0432044B04490435043B04300447043804320430043D0438044F\X0\','\X2\04210433044304490435043D04380435\X0\ \X2\043E0441044204300442043A0430\X0\ \X2\0432044B04490435043B04300447043804320430043D0438044F\X0\',$,(#684),(#695),'\X2\041E0412042D\X0\75-\X2\041B\X0\0-67','\X2\04210433044304490435043D04380435\X0\ (\X2\0432043D0435\X0\ \X2\04110418\X0\)',.USERDEFINED.);
#697=IFCPROPERTYSINGLEVALUE('\X2\041F043E0437043804460438044F\X0\',$,IFCIDENTIFIER('4.1.20'),$);
#698=IFCPROPERTYSINGLEVALUE('\X2\041D04300438043C0435043D043E04320430043D04380435\X0\',$,IFCTEXT('\X2\041D0430043C044B0432043D044B0435\X0\ \X2\04440438043B044C04420440044B\X0\ \X2\043A043E043D04420440043E043B044C043D043E0439\X0\ \X2\04440438043B044C044204400430044604380438\X0\'),$);
#699=IFCPROPERTYSINGLEVALUE('\X2\041B043E0442\X0\',$,IFCINTEGER(0),$);
#700=IFCPROPERTYSINGLEVALUE('\X2\041C043004420435044004380430043B\X0\',$,IFCTEXT('Hastelloy G-35 \X2\0438043B0438\X0\ \X2\0430043D0430043B043E0433\X0\'),$);
#701=IFCPROPERTYSINGLEVALUE('\X2\041A043E043B043804470435044104420432043E\X0\',$,IFCTEXT('3 (\X2\043F043004400430043B043B0435043B044C043D0430044F\X0\ \X2\044004300431043E04420430\X0\)'),$);
#702=IFCPROPERTYSET('0eUxHgEv6T4mVQENS19mLQ',$,'Pset_KVANT_LOI',$,(#697,#698,#699,#700,#701));
#703=IFCFILTERTYPE('0JWJDnys3pYWXCFCgyxtLv',$,'\X2\041D0430043C044B0432043D044B0435\X0\ \X2\04440438043B044C04420440044B\X0\ \X2\043A043E043D04420440043E043B044C043D043E0439\X0\ \X2\04440438043B044C044204400430044604380438\X0\','\X2\041F043E043B044304470435043D04380435\X0\ \X2\04440438043B044C04420440043004420430\X0\ \X2\0441\X0\ \X2\043C0438043D0438043C0430043B044C043D044B043C\X0\ \X2\043A043E043B043804470435044104420432043E043C\X0\ \X2\04420432045104400434043E0433043E\X0\ \X2\2014\X0\ \X2\043F043804420430043D04380435\X0\ \X2\041B043E0442043E0432\X0\ \X2\2116\X0\2 \X2\0438\X0\ \X2\2116\X0\3',$,(#702),$,'\X2\041E0412042D\X0\75-\X2\041B\X0\0-68','\X2\041A043E043D04420440043E043B044C043D0430044F\X0\ \X2\04440438043B044C04420440043004460438044F\X0\ (\X2\0432043D0435\X0\ \X2\04110418\X0\)',.USERDEFINED.);
#704=IFCPROPERTYSINGLEVALUE('\X2\041F043E0437043804460438044F\X0\',$,IFCIDENTIFIER('4.1.17'),$);
#705=IFCPROPERTYSINGLEVALUE('\X2\041D04300438043C0435043D043E04320430043D04380435\X0\',$,IFCTEXT('\X2\04220435043F043B043E043E0431043C0435043D043D0438043A\X0\ \X2\043F043E0434043E04330440043504320430\X0\ \X2\043104350434043D043E0433043E\X0\ \X2\044D043B0435043A04420440043E043B043804420430\X0\'),$);
#706=IFCPROPERTYSINGLEVALUE('\X2\041B043E0442\X0\',$,IFCINTEGER(0),$);
#707=IFCPROPERTYSINGLEVALUE('\X2\041C043004420435044004380430043B\X0\',$,IFCTEXT('Hastelloy G-35 \X2\0438043B0438\X0\ \X2\0430043D0430043B043E0433\X0\'),$);
#708=IFCPROPERTYSINGLEVALUE('\X2\041A043E043B043804470435044104420432043E\X0\',$,IFCINTEGER(1),$);
#709=IFCPROPERTYSET('0eQRgqnmJStHQiLgzlfr8U',$,'Pset_KVANT_LOI',$,(#704,#705,#706,#707,#708));
#710=IFCHEATEXCHANGERTYPE('12dVGBgesZ8I2WjQR$e2MH',$,'\X2\04220435043F043B043E043E0431043C0435043D043D0438043A\X0\ \X2\043F043E0434043E04330440043504320430\X0\ \X2\043104350434043D043E0433043E\X0\ \X2\044D043B0435043A04420440043E043B043804420430\X0\','\X2\041F043E0434043E0433044004350432\X0\ \X2\043E0431043E0440043E0442043D043E0433043E\X0\ \X2\04400430044104420432043E04400430\X0\ \X2\04440438043B044C0442044004300442043E043C\X0\ \X2\043E0442\X0\ \X2\0432044B04490435043B04300447043804320430043D0438044F\X0\ \X2\043F0435044004350434\X0\ \X2\043A04300441043A04300434043E043C\X0\; \X2\043F04430441043A043E0432043E0439\X0\ \X2\043F043E0434043E0433044004350432\X0\ \X2\043F04300440043E043C\X0\',$,(#709),$,'\X2\041E0412042D\X0\75-\X2\041B\X0\0-69','\X2\04220435043F043B043E043E0431043C0435043D\X0\ (\X2\0432043D0435\X0\ \X2\04110418\X0\)',.USERDEFINED.);
#711=IFCPROPERTYSINGLEVALUE('\X2\041F043E0437043804460438044F\X0\',$,IFCIDENTIFIER('4.1.29'),$);
#712=IFCPROPERTYSINGLEVALUE('\X2\041D04300438043C0435043D043E04320430043D04380435\X0\',$,IFCTEXT('\X2\041C0435043C043104400430043D043D044B0439\X0\ \X2\04440438043B044C04420440\X0\-\X2\043F0440043504410441\X0\ \X2\043F04350441043A043E0432\X0\ \X2\04410433044304410442043804420435043B044F\X0\'),$);
#713=IFCPROPERTYSINGLEVALUE('\X2\041B043E0442\X0\',$,IFCINTEGER(0),$);
#714=IFCPROPERTYSINGLEVALUE('\X2\041C043004420435044004380430043B\X0\',$,IFCTEXT('316L / \X2\043F043E043B0438043C04350440\X0\'),$);
#715=IFCPROPERTYSINGLEVALUE('\X2\041A043E043B043804470435044104420432043E\X0\',$,IFCTEXT('2 (\X2\043F043004400430043B043B0435043B044C043D0430044F\X0\ \X2\044004300431043E04420430\X0\)'),$);
#716=IFCPROPERTYSET('2KEVpUB9uT3MsTF4htp5qq',$,'Pset_KVANT_LOI',$,(#711,#712,#713,#714,#715));
#717=IFCFILTERTYPE('1ZBh76S2a00mLW_ILFYDQt',$,'\X2\041C0435043C043104400430043D043D044B0439\X0\ \X2\04440438043B044C04420440\X0\-\X2\043F0440043504410441\X0\ \X2\043F04350441043A043E0432\X0\ \X2\04410433044304410442043804420435043B044F\X0\','\X2\04240438043B044C04420440043004460438044F\X0\ \X2\0438\X0\ \X2\043F0440043E043C044B0432043A0430\X0\ \X2\043F04350441043A043E0432\X0\ \X2\04410433044304410442043804420435043B044F\X0\',$,(#716),$,'\X2\041E0412042D\X0\75-\X2\041B\X0\0-70','\X2\04240438043B044C04420440043004460438044F\X0\ \X2\043F04350441043A043E0432\X0\ (\X2\0432043D0435\X0\ \X2\04110418\X0\)',.USERDEFINED.);
#718=IFCRELDECLARES('0f4nMZyHIY_DFrc_UQHuMi',$,$,$,#8,(#26,#32,#49,#55,#61,#67,#85,#92,#110,#128,#134,#140,#146,#151,#157,#174,#191,#209,#216,#234,#251,#257,#263,#268,#273,#278,#283,#301,#319,#326,#332,#350,#368,#375,#393,#411,#429,#435,#441,#459,#477,#484,#490,#495,#513,#520,#538,#544,#550,#556,#562,#568,#573,#578,#584,#589,#594,#599,#604,#609,#614,#619,#624,#642,#660,#678,#696,#703,#710,#717));
ENDSEC;
END-ISO-10303-21;
